<?xml version="1.0" encoding="utf-8"?>
<COLLADA xmlns="http://www.collada.org/2005/11/COLLADASchema" version="1.4.1">
  <asset>
    <contributor>
      <author>Blender User</author>
      <authoring_tool>Blender 2.77.0 commit date:2016-04-05, commit time:18:12, hash:abf6f08</authoring_tool>
    </contributor>
    <created>2023-02-20T11:12:16</created>
    <modified>2023-02-20T11:12:16</modified>
    <unit name="meter" meter="1"/>
    <up_axis>Z_UP</up_axis>
  </asset>
  <library_images>
    <image id="samusweapon_d_png" name="samusweapon_d_png">
      <init_from>samusweapon_d.png</init_from>
    </image>
    <image id="samusvaria_d_png" name="samusvaria_d_png">
      <init_from>samusvaria_d.png</init_from>
    </image>
  </library_images>
  <library_effects>
    <effect id="mesh_1_material-effect">
      <profile_COMMON>
        <newparam sid="samusweapon_d_png-surface">
          <surface type="2D">
            <init_from>samusweapon_d_png</init_from>
          </surface>
        </newparam>
        <newparam sid="samusweapon_d_png-sampler">
          <sampler2D>
            <source>samusweapon_d_png-surface</source>
          </sampler2D>
        </newparam>
        <technique sid="common">
          <phong>
            <emission>
              <color sid="emission">0 0 0 1</color>
            </emission>
            <ambient>
              <color sid="ambient">0 0 0 1</color>
            </ambient>
            <diffuse>
              <texture texture="samusweapon_d_png-sampler" texcoord="GeometrySource2"/>
            </diffuse>
            <specular>
              <color sid="specular">0.5 0.5 0.5 1</color>
            </specular>
            <shininess>
              <float sid="shininess">50</float>
            </shininess>
            <index_of_refraction>
              <float sid="index_of_refraction">1</float>
            </index_of_refraction>
          </phong>
        </technique>
      </profile_COMMON>
    </effect>
    <effect id="mesh_2_material-effect">
      <profile_COMMON>
        <newparam sid="samusvaria_d_png-surface">
          <surface type="2D">
            <init_from>samusvaria_d_png</init_from>
          </surface>
        </newparam>
        <newparam sid="samusvaria_d_png-sampler">
          <sampler2D>
            <source>samusvaria_d_png-surface</source>
          </sampler2D>
        </newparam>
        <technique sid="common">
          <phong>
            <emission>
              <color sid="emission">0 0 0 1</color>
            </emission>
            <ambient>
              <color sid="ambient">0 0 0 1</color>
            </ambient>
            <diffuse>
              <texture texture="samusvaria_d_png-sampler" texcoord="GeometrySource5"/>
            </diffuse>
            <specular>
              <color sid="specular">0.5 0.5 0.5 1</color>
            </specular>
            <shininess>
              <float sid="shininess">50</float>
            </shininess>
            <index_of_refraction>
              <float sid="index_of_refraction">1</float>
            </index_of_refraction>
          </phong>
        </technique>
      </profile_COMMON>
    </effect>
    <effect id="mesh_6_material-effect">
      <profile_COMMON>
        <newparam sid="samusweapon_d_png-surface">
          <surface type="2D">
            <init_from>samusweapon_d_png</init_from>
          </surface>
        </newparam>
        <newparam sid="samusweapon_d_png-sampler">
          <sampler2D>
            <source>samusweapon_d_png-surface</source>
          </sampler2D>
        </newparam>
        <technique sid="common">
          <phong>
            <emission>
              <color sid="emission">0 0 0 1</color>
            </emission>
            <ambient>
              <color sid="ambient">0 0 0 1</color>
            </ambient>
            <diffuse>
              <texture texture="samusweapon_d_png-sampler" texcoord="GeometrySource8"/>
            </diffuse>
            <specular>
              <color sid="specular">0.5 0.5 0.5 1</color>
            </specular>
            <shininess>
              <float sid="shininess">50</float>
            </shininess>
            <index_of_refraction>
              <float sid="index_of_refraction">1</float>
            </index_of_refraction>
          </phong>
        </technique>
      </profile_COMMON>
    </effect>
    <effect id="mesh_0_material-effect">
      <profile_COMMON>
        <newparam sid="samusvaria_d_png-surface">
          <surface type="2D">
            <init_from>samusvaria_d_png</init_from>
          </surface>
        </newparam>
        <newparam sid="samusvaria_d_png-sampler">
          <sampler2D>
            <source>samusvaria_d_png-surface</source>
          </sampler2D>
        </newparam>
        <technique sid="common">
          <phong>
            <emission>
              <color sid="emission">0 0 0 1</color>
            </emission>
            <ambient>
              <color sid="ambient">0 0 0 1</color>
            </ambient>
            <diffuse>
              <texture texture="samusvaria_d_png-sampler" texcoord="GeometrySource11"/>
            </diffuse>
            <specular>
              <color sid="specular">0.5 0.5 0.5 1</color>
            </specular>
            <shininess>
              <float sid="shininess">50</float>
            </shininess>
            <index_of_refraction>
              <float sid="index_of_refraction">1</float>
            </index_of_refraction>
          </phong>
        </technique>
      </profile_COMMON>
    </effect>
  </library_effects>
  <library_materials>
    <material id="mesh_1_material-material" name="mesh_1_material">
      <instance_effect url="#mesh_1_material-effect"/>
    </material>
    <material id="mesh_2_material-material" name="mesh_2_material">
      <instance_effect url="#mesh_2_material-effect"/>
    </material>
    <material id="mesh_6_material-material" name="mesh_6_material">
      <instance_effect url="#mesh_6_material-effect"/>
    </material>
    <material id="mesh_0_material-material" name="mesh_0_material">
      <instance_effect url="#mesh_0_material-effect"/>
    </material>
  </library_materials>
  <library_geometries>
    <geometry id="C01_Gun_Ch-mesh" name="C01_Gun_Ch">
      <mesh>
        <source id="C01_Gun_Ch-mesh-positions">
          <float_array id="C01_Gun_Ch-mesh-positions-array" count="690">-58.4389 6.57699 -14.4037 -56.5926 15.2867 -16.2054 -54.9414 14.1011 -17.7081 -58.3769 14.75 -12.9609 -51.6183 10.7719 -19.5342 -60.9432 11.386 -9.87918 -52.5118 8.85613 -16.8615 -62.842 9.79476 -5.07508 -54.4294 4.74373 -15.1992 -75.9801 -24.0683 -11.0405 -69.7197 -25.6851 -14.0888 -55.5145 22.3902 -14.2526 -59.1271 15.8046 -15.3459 -47.0009 20.6735 -20.3 -67.0573 14.9052 -9.168971 -64.88201 19.3514 -11.529 -79.1138 -25.2168 -4.68472 -57.6885 22.9311 -13.61 -51.788 21.8542 -18.0441 -67.7841 13.5533 -5.03247 -63.0925 23.2712 -10.1056 -61.4242 11.3543 0.427017 -56.3419 15.0158 5.94493 -77.9464 -28.0941 1.21503 -54.7313 28.0808 -4.67153 -58.3216 21.0655 -10.7571 -57.1842 27.8074 -4.5267 -57.7723 24.1785 -4.66434 -41.1113 33.3059 -17.0745 -66.6245 15.2877 0.432713 -64.7078 19.5705 2.11053 -57.9065 21.6643 1.1333 -57.8917 23.508 4.23734 -55.673 23.7775 4.0265 -50.1074 23.7923 8.43563 -49.892 20.4172 8.895401 -48.3318 17.8215 9.014861 -51.0047 12.0891 6.96376 -52.5811 27.977 -8.36905 -47.0969 31.7498 -14.0868 -61.9591 25.6294 -5.10754 -62.8858 23.7982 0.106397 -54.7313 28.0808 -4.67153 -57.1842 27.8074 -4.5267 -53.8638 25.7666 3.33824 -52.9765 28.1371 -3.2178 -57.7723 24.1785 -4.66434 -61.9591 25.6294 -5.10754 -52.9765 28.1371 -3.2178 -45.3327 9.88169 5.94509 -39.2323 12.9565 1.13254 -37.8289 14.1535 4.23784 -34.3979 10.5136 0.106263 -39.0495 16.0267 4.02681 -36.4651 6.3999 2.11062 -42.6163 20.2991 8.43549 -44.869 3.63435 0.427801 -45.3397 18.295 8.89523 -63.3216 -32.5804 -4.68529 -48.3318 17.8215 9.014861 -66.2762 -33.5353 1.21416 -51.0047 12.0891 6.96376 -34.9902 17.4592 -4.52604 -33.5902 12.4007 -5.10778 -37.3938 14.6753 -4.66469 -38.6887 18.6908 3.33848 -36.3579 19.5132 -4.67236 -37.4433 20.8928 -3.21731 -38.5129 2.17891 0.433436 -45.1525 1.54636 -5.07472 -64.4561 -29.442 -11.041 -50.4474 2.851 -14.4036 -69.7197 -25.6851 -14.0888 -39.0965 0.1760799 -5.0325 -54.4294 4.74373 -15.1992 -45.1543 4.02401 -9.87954 -52.5118 8.85613 -16.8615 -38.5288 1.60281 -9.16912 -51.6183 10.7719 -19.5342 -44.2271 8.15132 -12.9608 -46.9321 10.3667 -17.7079 -47.0009 20.6735 -20.3 -36.5208 6.12644 -11.5288 -44.9628 9.86327 -16.205 -43.0202 17.7655 -18.0435 -41.1113 33.3059 -17.0745 -39.4249 12.253 -10.7567 -34.6679 10.0164 -10.1055 -40.2138 15.2552 -14.2527 -42.9366 8.253581 -15.345 -38.4548 27.7203 -14.0872 -37.3938 14.6753 -4.66469 -38.4026 13.9381 -13.61 -37.8192 21.0943 -8.36939 -33.5902 12.4007 -5.10778 -36.3579 19.5132 -4.67236 -34.9902 17.4592 -4.52604 -37.4433 20.8928 -3.21731 -64.3167 19.0475 -4.53316 -64.88201 19.3514 -11.529 -67.0573 14.9052 -9.168971 -63.0925 23.2712 -10.1056 -67.7841 13.5533 -5.03247 -61.9591 25.6294 -5.10754 -66.6245 15.2877 0.432713 -62.8858 23.7982 0.106397 -64.7078 19.5705 2.11053 -37.1171 6.36518 -4.53329 -36.4651 6.3999 2.11062 -38.5129 2.17891 0.433436 -34.3979 10.5136 0.106263 -39.0965 0.1760799 -5.0325 -33.5902 12.4007 -5.10778 -38.5288 1.60281 -9.16912 -34.6679 10.0164 -10.1055 -36.5208 6.12644 -11.5288 -43.1831 21.4019 4.45246 -45.7305 19.0259 5.573 -45.3397 18.295 8.89523 -46.0339 22.7491 4.5627 -42.6163 20.2991 8.43549 -37.4433 20.8928 -3.21731 -38.6887 18.6908 3.33848 -48.3318 17.8215 9.014861 -48.0108 18.5085 5.33294 -45.058 24.841 -9.9584 -37.8192 21.0943 -8.36939 -48.897 24.0668 4.45348 -50.1074 23.7923 8.43563 -49.892 20.4172 8.895401 -53.8638 25.7666 3.33824 -49.0801 20.5888 5.57348 -52.9765 28.1371 -3.2178 -46.0339 22.7491 4.5627 -48.3318 17.8215 9.014861 -45.058 24.841 -9.9584 -48.0108 18.5085 5.33294 -52.5811 27.977 -8.36905 -73.0684 -32.9044 -3.23044 -79.6293 -35.9928 -0.620958 -78.9027 -34.64 -5.05622 -75.7073 -38.425 1.20301 -76.85301 -34.3601 -8.75871 -72.5695 -35.7679 -10.5146 -73.0684 -32.9044 -3.23044 -69.2792 -39.3486 -5.0595 -71.3249 -39.8648 -0.624043 -70.3856 -37.5968 -8.76104 -75.7073 -38.425 1.20301 -72.5695 -35.7679 -10.5146 -64.4561 -29.442 -11.041 -65.5551 -30.0123 -9.84896 -69.7197 -25.6851 -14.0888 -64.2282 -32.6298 -4.68075 -63.3216 -32.5804 -4.68529 -70.2867 -26.9017 -12.1659 -67.0024 -33.2919 0.240127 -66.2762 -33.5353 1.21416 -71.3249 -39.8648 -0.624043 -70.7972 -40.4513 -0.02548599 -75.874 -38.7835 2.08955 -69.2792 -39.3486 -5.0595 -75.7073 -38.425 1.20301 -68.4283 -39.8534 -5.16472 -70.3856 -37.5968 -8.76104 -69.7102 -37.8244 -9.45241 -72.5695 -35.7679 -10.5146 -72.5013 -35.6188 -11.4846 -67.0024 -33.2919 0.240127 -72.5316 -31.7159 2.71247 -75.874 -38.7835 2.08955 -70.7972 -40.4513 -0.02548599 -64.2282 -32.6298 -4.68075 -68.4283 -39.8534 -5.16472 -65.5551 -30.0123 -9.84896 -69.7102 -37.8244 -9.45241 -70.2867 -26.9017 -12.1659 -72.5013 -35.6188 -11.4846 -75.7097 -25.2764 -9.84968 -69.7197 -25.6851 -14.0888 -70.2867 -26.9017 -12.1659 -75.9801 -24.0683 -11.0405 -78.5692 -25.9439 -4.68153 -79.1138 -25.2168 -4.68472 -77.2921 -28.4938 0.239056 -77.9464 -28.0941 1.21503 -80.4177 -35.9666 -0.02194195 -75.7073 -38.425 1.20301 -75.874 -38.7835 2.08955 -79.6293 -35.9928 -0.620958 -79.8367 -34.3129 -5.16063 -78.9027 -34.64 -5.05622 -77.46201 -33.9886 -9.4491 -76.85301 -34.3601 -8.75871 -72.5013 -35.6188 -11.4846 -72.5695 -35.7679 -10.5146 -77.2921 -28.4938 0.239056 -75.874 -38.7835 2.08955 -72.5316 -31.7159 2.71247 -80.4177 -35.9666 -0.02194195 -78.5692 -25.9439 -4.68153 -79.8367 -34.3129 -5.16063 -75.7097 -25.2764 -9.84968 -77.46201 -33.9886 -9.4491 -70.2867 -26.9017 -12.1659 -72.5013 -35.6188 -11.4846 -38.4548 27.7203 -14.0872 -45.058 24.841 -9.9584 -37.8192 21.0943 -8.36939 -41.1113 33.3059 -17.0745 -66.2762 -33.5353 1.21416 -72.5505 -31.7572 3.87906 -72.5316 -31.7159 2.71247 -67.0024 -33.2919 0.240127 -45.058 24.841 -9.9584 -47.0969 31.7498 -14.0868 -52.5811 27.977 -8.36905 -41.1113 33.3059 -17.0745 -77.9464 -28.0941 1.21503 -77.2921 -28.4938 0.239056 -72.5316 -31.7159 2.71247 -72.5505 -31.7572 3.87906 -45.3327 9.88169 5.94509 -51.0047 12.0891 6.96376 -72.5505 -31.7572 3.87906 -66.2762 -33.5353 1.21416 -51.0047 12.0891 6.96376 -56.3419 15.0158 5.94493 -77.9464 -28.0941 1.21503 -72.5505 -31.7572 3.87906</float_array>
          <technique_common>
            <accessor source="#C01_Gun_Ch-mesh-positions-array" count="230" stride="3">
              <param name="X" type="float"/>
              <param name="Y" type="float"/>
              <param name="Z" type="float"/>
            </accessor>
          </technique_common>
        </source>
        <source id="C01_Gun_Ch-mesh-normals">
          <float_array id="C01_Gun_Ch-mesh-normals-array" count="687">-0.604186 0.05154669 -0.7951744 -0.5998611 0.0673871 -0.7972614 -0.5515674 0.07361149 -0.830876 -0.8046444 -0.105414 -0.5843247 -0.4092948 -0.1555876 -0.8990386 -0.7363476 -0.2830697 -0.6145437 -0.004791498 -0.7274584 -0.6861352 -0.9646379 -0.2109764 -0.1579958 -0.2374055 -0.099949 -0.9662551 -0.7199236 0.3120005 -0.6199724 -0.3895504 0.1272966 -0.9121656 -0.4353523 0.5430231 -0.718049 -0.8350271 -0.2493392 -0.4904689 -0.3569546 0.2592621 -0.8974222 -0.444973 -0.5826766 -0.680064 -0.1628786 0.01928782 -0.9864577 -0.9070557 0.4129834 0.08182144 -0.5946975 0.5614926 -0.575379 -0.5074719 0.3301558 -0.795908 -0.6052311 -0.7960386 0.004242181 0.1928777 0.6364048 -0.7468516 -0.7993618 -0.1624848 0.5784631 -0.5161082 0.05652129 0.8546565 -0.8502341 0.3869222 0.3569219 -0.1642833 0.9470633 -0.27583 -0.6540917 0.4838849 -0.5813945 -0.5697312 0.7368539 -0.3639407 -0.6426117 0.694006 -0.3246629 -0.4365795 0.4718905 -0.7659751 -0.5348522 -0.5410171 0.6490252 -0.2609422 0.2216025 0.9395752 -0.7120828 0.4730229 0.5188328 -0.6466491 0.4180269 0.6380426 -0.3521932 0.6190239 0.7019754 -0.5491946 0.2565757 0.7953327 -0.4123136 -0.005249261 0.9110269 -0.3025692 -0.1635534 0.93899 -0.2886204 -0.2003893 0.9362385 -0.6019264 0.7405132 -0.2988727 -0.5660048 0.5602672 -0.6047639 0.3281449 0.8268934 -0.4566928 0.1634593 0.7238477 0.6703175 -0.1947716 0.8876728 0.4172544 -0.5574892 0.7562894 0.3423918 -0.6289107 0.693581 0.3513073 -0.005951106 0.9994862 -0.03149521 -0.5735456 0.7604447 0.3045807 0.2708879 0.892166 0.3614687 -0.395681 0.844496 0.3609197 0.3755678 -0.3797794 0.845409 0.8410795 -0.1807348 0.5098237 0.7358861 -0.2265767 0.6380711 0.4906886 0.6027859 0.629185 0.7005103 0.1281812 0.7020363 0.2607885 -0.1584874 0.9522978 0.5495316 -0.2557523 0.7953652 0.4069082 -0.6860339 0.6031446 0.2610283 -0.3192279 0.9110203 0.8796775 -0.4703577 0.07022404 0.06921607 -0.3368943 0.938995 0.8301757 -0.4380381 0.3448638 0.03195369 -0.3499038 0.9362405 0.937655 0.05936068 0.3424609 0.4942846 0.7832379 0.3771224 0.9491463 0.03863722 0.3124553 0.9355605 -0.03592085 0.3513349 0.8050026 0.4217131 0.4172878 0.9012272 0.2398491 0.3609182 -0.1521673 -0.6621081 0.733797 0.4465253 -0.8805684 -0.158791 0.6719514 -0.3832659 -0.6337103 0.4243443 -0.4458912 -0.7881073 0.3340011 -0.235638 -0.9126434 -0.2475695 -0.96864 -0.02111905 0.07507765 -0.2480003 -0.9658464 0.2372583 -0.7642378 -0.5997074 -0.5540488 -0.4713413 -0.6861977 -0.1674318 -0.7530463 -0.636308 0.1439296 -0.4135992 -0.8990106 0.4283043 -0.6751424 -0.6006149 0.4109774 -0.3751779 -0.8308666 0.4282094 -0.1068158 -0.8973445 0.1576617 -0.09702026 -0.9827156 0.4371852 -0.4162492 -0.7972489 0.5791274 -0.176491 -0.7959035 0.6420726 -0.03109949 -0.7660129 0.7923179 -0.1892212 -0.5800239 0.3621135 0.5609783 -0.7444308 0.6957793 0.01547324 -0.7180889 0.3457545 -0.800097 -0.4902029 0.792919 -0.07339864 -0.6048903 0.9435577 -0.04962396 -0.3274695 0.8123948 -0.09460997 -0.5753815 0.9541773 0.01486271 -0.2988728 0.4145076 0.7833896 -0.4631243 0.8310781 0.4830025 -0.2757137 0.9306751 0.03701943 -0.3639689 0.7692997 0.6381278 -0.03116017 -0.9039397 0.427631 0.004974544 -0.898595 0.4291856 0.09125113 -0.8615324 0.5043027 0.0586583 -0.9284517 0.3643674 0.07220816 -0.8462712 0.5324407 0.01822 -0.9413727 0.3373621 0.002075314 -0.8745808 0.4831755 -0.04062068 -0.9355531 0.3468459 -0.06662249 -0.9134705 0.3979094 -0.08508753 0.9086367 -0.4175584 0.004944026 0.8920333 -0.4438651 -0.08520841 0.932366 -0.3592127 -0.04074329 0.8670513 -0.4937401 -0.06665396 0.9518942 -0.305894 0.01806735 0.8634879 -0.504365 0.002136349 0.9401297 -0.3357366 0.05862647 0.8758655 -0.477104 0.07233005 0.9063289 -0.4125891 0.09131348 0.2890216 0.854521 0.4315791 -0.3116945 0.7246218 0.6146299 -0.3550606 0.8992488 0.2555069 0.2559694 0.6792787 0.6877937 -0.1849142 0.9400441 0.2865728 0.4239436 0.8910109 0.1623932 0.5461782 0.7812093 0.3023268 -0.1789019 0.9629637 0.2017301 -0.240189 0.8113321 0.5329632 0.3839281 0.9175211 0.1037033 0.45944 0.888208 0.001190245 0.4688706 0.7706167 0.4316369 0.8388105 0.4627268 0.2868466 0.9169991 0.3060122 0.2558698 0.2471129 0.9205774 0.3024441 0.7554821 0.2267911 0.6146647 0.4100266 0.8975113 0.1623321 0.3560661 0.6326299 0.6877474 0.8526705 0.4818035 0.2020358 0.4561005 0.8838798 0.1035801 0.7760249 0.3372429 0.5329659 0.3849056 0.9229556 8.54532e-4 0.1207348 -0.9782695 -0.1685587 0.150734 -0.8050336 -0.5737597 0.3082137 -0.9475916 -0.08411097 -0.01992887 -0.6202068 -0.7841852 0.0282303 -0.9712451 0.2364022 -0.1589742 -0.9225025 0.3517333 -0.7861374 -0.5187914 -0.335922 -0.8680925 -0.4525104 -0.2040829 -0.6703822 -0.4015701 -0.6239627 -0.7959272 -0.5938325 0.1177411 -0.4624595 -0.4101798 -0.7860559 -0.72134 -0.6599669 0.2100297 -0.149758 -0.8293611 -0.5382683 -0.1089227 -0.8549012 -0.5072275 -0.2356704 -0.7863615 -0.5710475 0.04767125 -0.9628254 -0.2658848 0.04153692 -0.9497038 -0.3103827 -0.2390903 -0.787161 -0.5685187 -0.06134289 -0.9803575 -0.1874468 -0.06909584 -0.978756 -0.193035 -0.4725587 -0.8007618 -0.3680611 -0.473597 -0.8006103 -0.3670545 -0.4336746 -0.804114 -0.4066043 -0.5150155 -0.8092533 -0.2826099 -0.4337046 -0.8040519 -0.4066953 -0.5151735 -0.8098418 -0.2806292 -0.5146817 -0.8256759 -0.2310025 -0.5166546 -0.8260552 -0.2251685 -0.5320129 -0.8289355 -0.1727089 -0.5347546 -0.8287444 -0.1649859 0.6481412 -0.3754805 0.6625159 0.3383685 -0.2401877 0.9098443 0.327161 -0.2189415 0.9192554 0.5794344 -0.3493208 0.7363632 0.8688343 -0.4838114 -0.1051366 0.8630917 -0.5049453 -0.01016294 0.5530983 -0.3298814 -0.7650233 0.6560415 -0.3535653 -0.6667842 0.3591198 -0.2071035 -0.9100226 0.4765521 -0.1881793 -0.8587704 -0.5846047 -0.633131 -0.5073289 -0.4509233 -0.6859833 -0.5710474 -0.4493347 -0.6891243 -0.5685123 -0.5390617 -0.6478018 -0.5382987 -0.768934 -0.581515 -0.2656706 -0.7549885 -0.577793 -0.310077 -0.7113732 -0.6773137 -0.1876018 -0.7050532 -0.6823164 -0.1932471 -0.3110238 -0.8749625 -0.3710861 -0.3373031 -0.8489954 -0.4067353 -0.3047058 -0.8809124 -0.3621434 -0.2884317 -0.914827 -0.2826637 -0.2902716 -0.9165941 -0.2749508 -0.3328126 -0.9211021 -0.202007 -0.3344859 -0.9208433 -0.2004168 -0.3687933 -0.9144754 -0.1665124 -0.3687951 -0.91448 -0.1664827 -0.6986406 0.2617003 0.6658937 -0.3754198 0.113685 0.9198564 -0.3994112 0.1086501 0.9103109 -0.7160199 0.1930668 0.6708508 -0.9567962 0.2214447 -0.1884233 -0.9557474 0.1574804 -0.2484894 -0.6508427 0.09772098 -0.7528973 -0.6711403 0.09793502 -0.7348331 -0.3799594 0.03030514 -0.9245067 -0.3732181 0.02230942 -0.9274754 0.2288333 0.5878618 0.7759214 0.2057303 0.6171908 0.7594411 0.1760961 0.6527459 0.7368264 0.2582864 0.5482521 0.7954294 -0.2854122 -0.9579864 -0.02832144 -0.2875518 -0.9569904 -0.03851521 -0.287334 -0.9570983 -0.03744649 -0.28511 -0.9581186 -0.02685683 0.3405283 0.5543122 0.7594594 0.303205 0.5531547 0.7759425 0.3867983 0.5544699 0.7368516 0.2539821 0.5502641 0.7954261 -0.550231 -0.8345175 -0.0287491 -0.5505142 -0.8343778 -0.02734559 -0.5484024 -0.8353759 -0.03744721 -0.5481899 -0.8354693 -0.03845447 0.1437743 -0.1425536 0.9792892 0.1256485 -0.1309283 0.9833973 0.3008905 -0.2424458 0.9223259 0.3167881 -0.2524234 0.9142909 -0.2098479 7.93491e-4 0.9777337 -0.1932163 -0.01080369 0.9810968 -0.360396 0.1091045 0.9263967 -0.3735277 0.1188123 0.9199787</float_array>
          <technique_common>
            <accessor source="#C01_Gun_Ch-mesh-normals-array" count="229" stride="3">
              <param name="X" type="float"/>
              <param name="Y" type="float"/>
              <param name="Z" type="float"/>
            </accessor>
          </technique_common>
        </source>
        <source id="C01_Gun_Ch-mesh-map-0">
          <float_array id="C01_Gun_Ch-mesh-map-0-array" count="1356">1.44525 -0.501371 1.53078 -0.400041 1.54859 -0.428367 1.44525 -0.501371 1.48172 -0.377975 1.53078 -0.400041 1.44525 -0.501371 1.54859 -0.428367 1.57163 -0.483014 1.44525 -0.501371 1.39984 -0.399433 1.48172 -0.377975 1.44525 -0.501371 1.57163 -0.483014 1.53904 -0.508118 1.44525 -0.501371 1.30295 -0.38527 1.39984 -0.399433 1.44525 -0.501371 1.53904 -0.508118 1.49248 -0.542949 1.44525 -0.501371 1.22217 -0.948757 1.30295 -0.38527 1.44525 -0.501371 1.28885 -0.977691 1.22217 -0.948757 1.44525 -0.501371 1.49248 -0.542949 1.28885 -0.977691 1.53078 -0.400041 1.58457 -0.325091 1.54859 -0.428367 1.53078 -0.400041 1.51674 -0.371957 1.58457 -0.325091 1.53078 -0.400041 1.48172 -0.377975 1.51674 -0.371957 1.57163 -0.483014 1.54859 -0.428367 1.67484 -0.411347 1.39984 -0.399433 1.30295 -0.38527 1.38252 -0.302479 1.39984 -0.399433 1.38252 -0.302479 1.43504 -0.284121 1.39984 -0.399433 1.43504 -0.284121 1.48172 -0.377975 1.22217 -0.948757 1.15378 -0.947785 1.30295 -0.38527 1.51674 -0.371957 1.48172 -0.377975 1.55898 -0.308253 1.51674 -0.371957 1.55898 -0.308253 1.58457 -0.325091 1.54859 -0.428367 1.6298 -0.368128 1.67484 -0.411347 1.54859 -0.428367 1.58457 -0.325091 1.6298 -0.368128 1.38252 -0.302479 1.30295 -0.38527 1.33821 -0.295853 1.43504 -0.284121 1.46093 -0.250081 1.48172 -0.377975 1.30295 -0.38527 1.21615 -0.332325 1.33821 -0.295853 1.15378 -0.947785 1.21615 -0.332325 1.30295 -0.38527 1.15378 -0.947785 1.12199 -0.233426 1.21615 -0.332325 1.15378 -0.947785 1.08576 -0.953438 1.12199 -0.233426 1.55898 -0.308253 1.60968 -0.184797 1.58457 -0.325091 1.48172 -0.377975 1.46093 -0.250081 1.51741 -0.287708 1.55898 -0.308253 1.48172 -0.377975 1.51741 -0.287708 1.55898 -0.308253 1.57679 -0.180663 1.60968 -0.184797 1.55898 -0.308253 1.53023 -0.199385 1.57679 -0.180663 1.55898 -0.308253 1.51741 -0.287708 1.53023 -0.199385 1.67484 -0.411347 1.6298 -0.368128 1.80407 -0.303999 1.12199 -0.233426 1.28769 -0.25774 1.21615 -0.332325 1.28769 -0.25774 1.33821 -0.295853 1.21615 -0.332325 1.12199 -0.233426 1.26162 -0.205099 1.28769 -0.25774 1.12199 -0.233426 1.1967 -0.135195 1.26162 -0.205099 1.12199 -0.233426 1.15585 -0.120971 1.1967 -0.135195 1.12199 -0.233426 1.13214 -0.107477 1.15585 -0.120971 1.12199 -0.233426 1.042 -0.098176 1.13214 -0.107477 1.12199 -0.233426 1.03136 -0.139268 1.042 -0.098176 1.12199 -0.233426 1.00382 -0.169843 1.03136 -0.139268 1.12199 -0.233426 1.02716 -0.253546 1.00382 -0.169843 1.58457 -0.325091 1.60968 -0.184797 1.6388 -0.230204 1.58457 -0.325091 1.6388 -0.230204 1.72997 -0.27397 1.72997 -0.27397 1.80407 -0.303999 1.6298 -0.368128 1.58457 -0.325091 1.72997 -0.27397 1.6298 -0.368128 1.53023 -0.199385 1.51741 -0.287708 1.48002 -0.190997 1.48002 -0.190997 1.51741 -0.287708 1.46093 -0.250081 1.26162 -0.205099 1.1967 -0.135195 1.27134 -0.148325 1.15585 -0.120971 1.13214 -0.107477 1.20053 -0.005598962 1.15585 -0.120971 1.20053 -0.005598962 1.22077 -0.02547597 1.15585 -0.120971 1.22077 -0.02547597 1.1967 -0.135195 1.042 -0.098176 1.12114 -0.07404398 1.13214 -0.107477 1.60968 -0.184797 1.63016 -0.166257 1.6388 -0.230204 1.24448 -0.06346696 1.1967 -0.135195 1.22077 -0.02547597 1.27134 -0.148325 1.1967 -0.135195 1.24448 -0.06346696 1.27134 -0.148325 1.24448 -0.06346696 1.29845 -0.08389097 1.17293 -0.002619981 1.13214 -0.107477 1.12114 -0.07404398 1.20053 -0.005598962 1.13214 -0.107477 1.17293 -0.002619981 0.121998 -0.233426 0.196704 -0.135195 0.155856 -0.120971 0.121998 -0.233426 0.271349 -0.148325 0.196704 -0.135195 0.121998 -0.233426 0.155856 -0.120971 0.132149 -0.107477 0.121998 -0.233426 0.261624 -0.205099 0.271349 -0.148325 0.121998 -0.233426 0.132149 -0.107477 0.04200297 -0.098176 0.121998 -0.233426 0.216156 -0.332325 0.261624 -0.205099 0.121998 -0.233426 0.04200297 -0.098176 0.03136497 -0.139268 0.121998 -0.233426 0.153789 -0.947785 0.216156 -0.332325 0.121998 -0.233426 0.03136497 -0.139268 0.003828942 -0.169843 0.121998 -0.233426 0.08576899 -0.953438 0.153789 -0.947785 0.121998 -0.233426 0.003828942 -0.169843 0.02717095 -0.253546 0.196704 -0.135195 0.220775 -0.02547597 0.155856 -0.120971 0.196704 -0.135195 0.271349 -0.148325 0.29846 -0.08389097 0.196704 -0.135195 0.29846 -0.08389097 0.244482 -0.06346696 0.196704 -0.135195 0.244482 -0.06346696 0.220775 -0.02547597 0.132149 -0.107477 0.121147 -0.07404398 0.04200297 -0.098176 0.200533 -0.005598962 0.155856 -0.120971 0.220775 -0.02547597 0.132149 -0.107477 0.155856 -0.120971 0.200533 -0.005598962 0.132149 -0.107477 0.200533 -0.005598962 0.172937 -0.002619981 0.132149 -0.107477 0.172937 -0.002619981 0.121147 -0.07404398 0.261624 -0.205099 0.216156 -0.332325 0.287701 -0.25774 0.153789 -0.947785 0.302958 -0.38527 0.216156 -0.332325 0.216156 -0.332325 0.302958 -0.38527 0.287701 -0.25774 0.153789 -0.947785 0.222173 -0.948757 0.302958 -0.38527 0.222173 -0.948757 0.445259 -0.501371 0.302958 -0.38527 0.222173 -0.948757 0.288856 -0.977691 0.445259 -0.501371 0.287701 -0.25774 0.302958 -0.38527 0.338214 -0.295853 0.288856 -0.977691 0.492489 -0.542949 0.445259 -0.501371 0.302958 -0.38527 0.445259 -0.501371 0.399791 -0.399433 0.302958 -0.38527 0.399791 -0.399433 0.338214 -0.295853 0.492489 -0.542949 0.539052 -0.508118 0.445259 -0.501371 0.338214 -0.295853 0.399791 -0.399433 0.382527 -0.302479 0.539052 -0.508118 0.571633 -0.483014 0.445259 -0.501371 0.399791 -0.399433 0.445259 -0.501371 0.48173 -0.377975 0.399791 -0.399433 0.48173 -0.377975 0.382527 -0.302479 0.571633 -0.483014 0.548534 -0.428367 0.445259 -0.501371 0.571633 -0.483014 0.674848 -0.411347 0.548534 -0.428367 0.382527 -0.302479 0.48173 -0.377975 0.435046 -0.284121 0.445259 -0.501371 0.530785 -0.400041 0.48173 -0.377975 0.445259 -0.501371 0.548534 -0.428367 0.530785 -0.400041 0.674848 -0.411347 0.629805 -0.368128 0.548534 -0.428367 0.674848 -0.411347 0.804079 -0.303999 0.629805 -0.368128 0.435046 -0.284121 0.48173 -0.377975 0.517412 -0.287708 0.435046 -0.284121 0.517412 -0.287708 0.460941 -0.250081 0.530785 -0.400041 0.548534 -0.428367 0.58458 -0.325091 0.548534 -0.428367 0.629805 -0.368128 0.58458 -0.325091 0.530785 -0.400041 0.516743 -0.371957 0.48173 -0.377975 0.530785 -0.400041 0.58458 -0.325091 0.516743 -0.371957 0.629805 -0.368128 0.729981 -0.27397 0.58458 -0.325091 0.804079 -0.303999 0.729981 -0.27397 0.629805 -0.368128 0.517412 -0.287708 0.530238 -0.199385 0.460941 -0.250081 0.517412 -0.287708 0.48173 -0.377975 0.55899 -0.308253 0.517412 -0.287708 0.55899 -0.308253 0.530238 -0.199385 0.516743 -0.371957 0.58458 -0.325091 0.55899 -0.308253 0.516743 -0.371957 0.55899 -0.308253 0.48173 -0.377975 0.729981 -0.27397 0.638802 -0.230204 0.58458 -0.325091 0.460941 -0.250081 0.530238 -0.199385 0.480028 -0.190997 0.58458 -0.325091 0.638802 -0.230204 0.609685 -0.184797 0.55899 -0.308253 0.58458 -0.325091 0.609685 -0.184797 0.55899 -0.308253 0.609685 -0.184797 0.5768 -0.180663 0.55899 -0.308253 0.5768 -0.180663 0.530238 -0.199385 0.638802 -0.230204 0.63017 -0.166257 0.609685 -0.184797 1.37073 -0.1988379 1.39978 -0.108814 1.45352 -0.160057 1.37073 -0.1988379 1.33863 -0.108814 1.39978 -0.108814 1.37073 -0.1988379 1.45352 -0.160057 1.45553 -0.219445 1.37073 -0.1988379 1.2838 -0.161941 1.33863 -0.108814 1.37073 -0.1988379 1.45553 -0.219445 1.40568 -0.281021 1.37073 -0.1988379 1.28788 -0.237681 1.2838 -0.161941 1.37073 -0.1988379 1.40568 -0.281021 1.33845 -0.282784 1.37073 -0.1988379 1.33845 -0.282784 1.28788 -0.237681 0.370735 -0.1988379 0.338396 -0.282784 0.405687 -0.281021 0.370735 -0.1988379 0.287883 -0.237681 0.338396 -0.282784 0.370735 -0.1988379 0.405687 -0.281021 0.455532 -0.219445 0.370735 -0.1988379 0.283811 -0.161941 0.287883 -0.237681 0.370735 -0.1988379 0.455532 -0.219445 0.453526 -0.160057 0.370735 -0.1988379 0.33864 -0.108814 0.283811 -0.161941 0.370735 -0.1988379 0.453526 -0.160057 0.399791 -0.108814 0.370735 -0.1988379 0.399791 -0.108814 0.33864 -0.108814 0.439058 -0.05939495 0.395961 -0.03343898 0.360584 -0.05605095 0.439058 -0.05939495 0.440943 -0.01471698 0.395961 -0.03343898 0.439058 -0.05939495 0.360584 -0.05605095 0.388424 -0.08765995 0.439058 -0.05939495 0.553154 -0.130454 0.440943 -0.01471698 0.439058 -0.05939495 0.388424 -0.08765995 0.463677 -0.131366 0.439058 -0.05939495 0.463677 -0.131366 0.553154 -0.130454 0.395961 -0.03343898 0.341557 -0.022376 0.360584 -0.05605095 0.395961 -0.03343898 0.383135 -0.004990994 0.341557 -0.022376 0.395961 -0.03343898 0.440943 -0.01471698 0.383135 -0.004990994 0.553154 -0.130454 0.64792 -0.00912398 0.440943 -0.01471698 0.553154 -0.130454 0.623788 -0.120789 0.64792 -0.00912398 1.43905 -0.05939495 1.38842 -0.08765995 1.36058 -0.05605095 1.43905 -0.05939495 1.46367 -0.131366 1.38842 -0.08765995 1.43905 -0.05939495 1.36058 -0.05605095 1.39602 -0.03343898 1.43905 -0.05939495 1.55315 -0.130454 1.46367 -0.131366 1.43905 -0.05939495 1.44094 -0.01471698 1.55315 -0.130454 1.43905 -0.05939495 1.39602 -0.03343898 1.44094 -0.01471698 1.36058 -0.05605095 1.34155 -0.022376 1.39602 -0.03343898 1.44094 -0.01471698 1.64791 -0.00912398 1.55315 -0.130454 1.44094 -0.01471698 1.39602 -0.03343898 1.38313 -0.004990994 1.38313 -0.004990994 1.39602 -0.03343898 1.34155 -0.022376 1.64791 -0.00912398 1.62378 -0.120789 1.55315 -0.130454 1.76037 -0.177502 1.69077 -0.199446 1.69077 -0.154586 1.76037 -0.177502 1.71782 -0.235857 1.69077 -0.199446 1.76037 -0.177502 1.69077 -0.154586 1.71216 -0.122491 1.76037 -0.177502 1.71216 -0.122491 1.75295 -0.105167 0.760374 -0.177502 0.690774 -0.154586 0.690774 -0.199446 0.760374 -0.177502 0.712171 -0.122491 0.690774 -0.154586 0.760374 -0.177502 0.690774 -0.199446 0.717824 -0.235857 0.760374 -0.177502 0.752958 -0.105167 0.712171 -0.122491 0.222173 -0.948757 0.212083 -0.962495 0.288856 -0.977691 0.222173 -0.948757 0.151965 -0.955809 0.212083 -0.962495 0.222173 -0.948757 0.153789 -0.947785 0.151965 -0.955809 0.288856 -0.977691 0.212083 -0.962495 0.268249 -0.994469 0.153789 -0.947785 0.08990198 -0.966324 0.151965 -0.955809 0.153789 -0.947785 0.08576899 -0.953438 0.08990198 -0.966324 0.690774 -0.199446 0.679772 -0.202911 0.711076 -0.245097 0.690774 -0.199446 0.690774 -0.154586 0.679772 -0.202911 0.690774 -0.199446 0.711076 -0.245097 0.717824 -0.235857 0.690774 -0.154586 0.679772 -0.150939 0.679772 -0.202911 0.690774 -0.154586 0.712171 -0.122491 0.679772 -0.150939 0.712171 -0.122491 0.704512 -0.113738 0.679772 -0.150939 0.712171 -0.122491 0.752958 -0.105167 0.704512 -0.113738 0.752958 -0.105167 0.751742 -0.09373897 0.704512 -0.113738 0.978718 -0.09252297 0.972457 -0.02006596 0.81654 -0.02006596 0.978718 -0.09252297 0.81654 -0.02006596 0.81344 -0.07258498 0.978718 -0.09252297 0.81344 -0.07258498 0.989112 -0.157929 0.81344 -0.07258498 0.804626 -0.123768 0.989112 -0.157929 0.804626 -0.123768 0.991787 -0.227408 0.989112 -0.157929 0.804626 -0.123768 0.792469 -0.166743 0.991787 -0.227408 0.792469 -0.166743 0.97653 -0.297312 0.991787 -0.227408 0.792469 -0.166743 0.77478 -0.214947 0.97653 -0.297312 1.21208 -0.962495 1.28885 -0.977691 1.26824 -0.994469 1.21208 -0.962495 1.22217 -0.948757 1.28885 -0.977691 1.21208 -0.962495 1.15196 -0.955809 1.22217 -0.948757 1.15196 -0.955809 1.15378 -0.947785 1.22217 -0.948757 1.15196 -0.955809 1.08996 -0.966324 1.15378 -0.947785 1.08996 -0.966324 1.08576 -0.953438 1.15378 -0.947785 1.67976 -0.202911 1.71782 -0.235857 1.71107 -0.245097 1.67976 -0.202911 1.69077 -0.199446 1.71782 -0.235857 1.67976 -0.202911 1.67976 -0.150939 1.69077 -0.199446 1.67976 -0.150939 1.69077 -0.154586 1.69077 -0.199446 1.67976 -0.150939 1.7045 -0.113738 1.69077 -0.154586 1.7045 -0.113738 1.71216 -0.122491 1.69077 -0.154586 1.7045 -0.113738 1.75174 -0.09373897 1.71216 -0.122491 1.75174 -0.09373897 1.75295 -0.105167 1.71216 -0.122491 1.97871 -0.09252297 1.81653 -0.02006596 1.97245 -0.02006596 1.97871 -0.09252297 1.81343 -0.07258498 1.81653 -0.02006596 1.97871 -0.09252297 1.9891 -0.157929 1.81343 -0.07258498 1.9891 -0.157929 1.80462 -0.123768 1.81343 -0.07258498 1.9891 -0.157929 1.99178 -0.227408 1.80462 -0.123768 1.99178 -0.227408 1.79246 -0.166743 1.80462 -0.123768 1.99178 -0.227408 1.97652 -0.297312 1.79246 -0.166743 1.97652 -0.297312 1.77477 -0.214947 1.79246 -0.166743 0.73837 -0.07793396 0.64792 -0.00912398 0.623788 -0.120789 0.73837 -0.07793396 0.809368 -0.01720899 0.64792 -0.00912398 0.398392 -0.980245 0.3201 -0.957328 0.32241 -0.973619 0.398392 -0.980245 0.32241 -0.973619 0.394441 -0.993192 1.64791 -0.00912398 1.73842 -0.07793396 1.62378 -0.120789 1.64791 -0.00912398 1.80936 -0.01720899 1.73842 -0.07793396 0.08576899 -0.953438 0.08990198 -0.966324 0.01641196 -0.993496 0.08576899 -0.953438 0.01641196 -0.993496 0.005165994 -0.98146 0.837937 -0.408733 0.752411 -0.371289 0.3201 -0.957328 0.837937 -0.408733 0.3201 -0.957328 0.398392 -0.980245 0.02717095 -0.253546 0.121998 -0.233426 0.08576899 -0.953438 0.02717095 -0.253546 0.08576899 -0.953438 0.005165994 -0.98146</float_array>
          <technique_common>
            <accessor source="#C01_Gun_Ch-mesh-map-0-array" count="678" stride="2">
              <param name="S" type="float"/>
              <param name="T" type="float"/>
            </accessor>
          </technique_common>
        </source>
        <vertices id="C01_Gun_Ch-mesh-vertices">
          <input semantic="POSITION" source="#C01_Gun_Ch-mesh-positions"/>
        </vertices>
        <polylist material="mesh_1_material-material" count="226">
          <input semantic="VERTEX" source="#C01_Gun_Ch-mesh-vertices" offset="0"/>
          <input semantic="NORMAL" source="#C01_Gun_Ch-mesh-normals" offset="1"/>
          <input semantic="TEXCOORD" source="#C01_Gun_Ch-mesh-map-0" offset="2" set="0"/>
          <vcount>3 3 3 3 3 3 3 3 3 3 3 3 3 3 3 3 3 3 3 3 3 3 3 3 3 3 3 3 3 3 3 3 3 3 3 3 3 3 3 3 3 3 3 3 3 3 3 3 3 3 3 3 3 3 3 3 3 3 3 3 3 3 3 3 3 3 3 3 3 3 3 3 3 3 3 3 3 3 3 3 3 3 3 3 3 3 3 3 3 3 3 3 3 3 3 3 3 3 3 3 3 3 3 3 3 3 3 3 3 3 3 3 3 3 3 3 3 3 3 3 3 3 3 3 3 3 3 3 3 3 3 3 3 3 3 3 3 3 3 3 3 3 3 3 3 3 3 3 3 3 3 3 3 3 3 3 3 3 3 3 3 3 3 3 3 3 3 3 3 3 3 3 3 3 3 3 3 3 3 3 3 3 3 3 3 3 3 3 3 3 3 3 3 3 3 3 3 3 3 3 3 3 3 3 3 3 3 3 3 3 3 3 3 3 3 3 3 3 3 3 3 3 3 3 3 3 </vcount>
          <p>0 0 0 1 1 1 2 2 2 0 0 3 3 3 4 1 1 5 0 0 6 2 2 7 4 4 8 0 0 9 5 5 10 3 3 11 0 0 12 4 4 13 6 6 14 0 0 15 7 7 16 5 5 17 0 0 18 6 6 19 8 8 20 0 0 21 9 9 22 7 7 23 0 0 24 10 10 25 9 9 26 0 0 27 8 8 28 10 10 29 1 1 30 11 11 31 2 2 32 1 1 33 12 12 34 11 11 35 1 1 36 3 3 37 12 12 38 4 4 39 2 2 40 13 13 41 5 5 42 7 7 43 14 14 44 5 5 45 14 14 46 15 15 47 5 5 48 15 15 49 3 3 50 9 9 51 16 16 52 7 7 53 12 12 54 3 3 55 17 17 56 12 12 57 17 17 58 11 11 59 2 2 60 18 18 61 13 13 62 2 2 63 11 11 64 18 18 65 14 14 66 7 7 67 19 19 68 15 15 69 20 20 70 3 3 71 7 7 72 21 21 73 19 19 74 16 16 75 21 21 76 7 7 77 16 16 78 22 22 79 21 21 80 16 16 81 23 23 82 22 22 83 17 17 84 24 24 85 11 11 86 3 3 87 20 20 88 25 25 89 17 17 90 3 3 91 25 25 92 17 17 93 26 26 94 24 24 95 17 17 96 27 27 97 26 26 98 17 17 99 25 25 100 27 27 101 13 13 102 18 18 103 28 28 104 22 22 105 29 29 106 21 21 107 29 29 108 19 19 109 21 21 110 22 22 111 30 30 112 29 29 113 22 22 114 31 31 115 30 30 116 22 22 117 32 32 118 31 31 119 22 22 120 33 33 121 32 32 122 22 22 123 34 34 124 33 33 125 22 22 126 35 35 127 34 34 128 22 22 129 36 36 130 35 35 131 22 22 132 37 37 133 36 36 134 11 11 135 24 24 136 38 38 137 11 11 138 38 38 139 39 39 140 39 39 141 28 28 142 18 18 143 11 11 144 39 39 145 18 18 146 27 27 147 25 25 148 40 40 149 40 40 150 25 25 151 20 20 152 30 30 153 31 31 154 41 41 155 32 32 156 33 33 157 42 42 158 32 32 159 42 42 160 43 43 161 32 32 162 43 43 163 31 31 164 34 34 165 44 44 166 33 33 167 24 24 168 45 45 169 38 38 170 46 46 171 31 31 172 43 43 173 41 41 174 31 31 175 46 46 176 41 41 177 46 46 178 47 47 179 48 48 180 33 33 181 44 44 182 42 42 183 33 33 184 48 48 185 49 49 186 50 50 187 51 51 188 49 49 189 52 52 190 50 50 191 49 49 192 51 51 193 53 53 194 49 49 195 54 54 196 52 52 197 49 49 198 53 53 199 55 55 200 49 49 201 56 56 202 54 54 203 49 49 204 55 55 205 57 57 206 49 49 207 58 58 208 56 56 209 49 49 210 57 57 211 59 59 212 49 49 213 60 60 214 58 58 215 49 49 216 59 59 217 61 61 218 50 50 219 62 62 220 51 51 221 50 50 222 52 52 223 63 63 224 50 50 225 63 63 226 64 64 227 50 50 228 64 64 229 62 62 230 53 53 231 65 65 232 55 55 233 66 66 234 51 51 235 62 62 236 53 53 237 51 51 238 66 66 239 53 53 240 66 66 241 67 67 242 53 53 243 67 67 244 65 65 245 54 54 246 56 56 247 68 68 248 58 58 249 69 69 250 56 56 251 56 56 252 69 69 253 68 68 254 58 58 255 70 70 256 69 69 257 70 70 258 71 71 259 69 69 260 70 70 261 72 72 262 71 71 263 68 68 264 69 69 265 73 73 266 72 72 267 74 74 268 71 71 269 69 69 270 71 71 271 75 75 272 69 69 273 75 75 274 73 73 275 74 74 276 76 76 277 71 71 278 73 73 279 75 75 280 77 77 281 76 76 282 78 78 283 71 71 284 75 75 285 71 71 286 79 79 287 75 75 288 79 79 289 77 77 290 78 78 291 80 80 292 71 71 293 78 78 294 81 81 295 80 80 296 77 77 297 79 79 298 82 82 299 71 71 300 83 83 301 79 79 302 71 71 303 80 80 304 83 83 305 81 81 306 84 84 307 80 80 308 81 81 309 85 85 310 84 84 311 82 82 312 79 79 313 86 86 314 82 82 315 86 86 316 87 87 317 83 83 318 80 80 319 88 88 320 80 80 321 84 84 322 88 88 323 83 83 324 89 89 325 79 79 326 83 83 327 88 88 328 89 89 329 84 84 330 90 90 331 88 88 332 85 85 333 90 90 334 84 84 335 86 86 336 91 91 337 87 87 338 86 86 339 79 79 340 92 92 341 86 86 342 92 92 343 91 91 344 89 89 345 88 88 346 92 92 347 89 89 348 92 92 349 79 79 350 90 90 351 93 93 352 88 88 353 87 87 354 91 91 355 94 94 356 88 88 357 93 93 358 95 95 359 92 92 360 88 88 361 95 95 362 92 92 363 95 95 364 96 96 365 92 92 366 96 96 367 91 91 368 93 93 369 97 97 370 95 95 371 98 98 372 99 99 373 100 100 374 98 98 375 101 101 376 99 99 377 98 98 378 100 100 379 102 102 380 98 98 381 103 103 382 101 101 383 98 98 384 102 102 385 104 104 386 98 98 387 105 105 388 103 103 389 98 98 390 104 104 391 106 106 392 98 98 393 106 106 394 105 105 395 107 107 396 108 108 397 109 109 398 107 107 399 110 110 400 108 108 401 107 107 402 109 109 403 111 111 404 107 107 405 112 112 406 110 110 407 107 107 408 111 111 409 113 113 410 107 107 411 114 114 412 112 112 413 107 107 414 113 113 415 115 115 416 107 107 417 115 115 418 114 114 419 116 116 420 117 117 421 118 118 422 116 116 423 119 119 424 117 117 425 116 116 426 118 118 427 120 120 428 116 116 429 121 121 430 119 119 431 116 116 432 120 120 433 122 122 434 116 116 435 122 122 436 121 121 437 117 117 438 123 123 439 118 118 440 117 117 441 124 124 442 123 123 443 117 117 444 119 119 445 124 124 446 121 121 447 125 125 448 119 119 449 121 121 450 126 126 451 125 125 452 127 127 453 128 128 454 129 129 455 127 127 456 130 130 457 128 128 458 127 127 459 129 129 460 131 131 461 127 127 462 132 132 463 130 130 464 127 127 465 133 133 466 132 132 467 127 127 468 131 131 469 133 133 470 129 129 471 134 134 472 131 131 473 133 133 474 135 135 475 132 132 476 133 133 477 131 131 478 136 136 479 136 136 480 131 131 481 134 134 482 135 135 483 137 137 484 132 132 485 138 138 486 139 139 487 140 140 488 138 138 489 141 141 490 139 139 491 138 138 492 140 140 493 142 142 494 138 138 495 142 142 496 143 143 497 144 144 498 145 145 499 146 146 500 144 144 501 147 147 502 145 145 503 144 144 504 146 146 505 148 148 506 144 144 507 149 149 508 147 147 509 150 150 510 151 151 511 152 152 512 150 150 513 153 153 514 151 151 515 150 150 516 154 154 517 153 153 518 152 152 519 151 151 520 155 155 521 154 154 522 156 156 523 153 153 524 154 154 525 157 157 526 156 156 527 158 158 528 159 159 529 160 160 530 158 158 531 161 161 532 159 159 533 158 158 534 160 160 535 162 162 536 161 161 537 163 163 538 159 159 539 161 161 540 164 164 541 163 163 542 164 164 543 165 165 544 163 163 545 164 164 546 166 166 547 165 165 548 166 166 549 167 167 550 165 165 551 168 168 552 169 169 553 170 170 554 168 168 555 170 170 556 171 171 557 168 168 558 171 171 559 172 172 560 171 171 561 173 173 562 172 172 563 173 173 564 174 174 565 172 172 566 173 173 567 175 175 568 174 174 569 175 175 570 176 176 571 174 174 572 175 175 573 177 177 574 176 176 575 178 178 576 179 179 577 180 180 578 178 178 579 181 181 580 179 179 581 178 178 582 182 182 583 181 181 584 182 182 585 183 183 586 181 181 587 182 182 588 184 184 589 183 183 590 184 184 591 185 185 592 183 183 593 186 186 594 187 187 595 188 187 596 186 186 597 189 188 598 187 187 599 186 186 600 190 189 601 189 188 602 190 189 603 191 190 604 189 188 605 190 189 606 192 191 607 191 190 608 192 191 609 193 192 610 191 190 611 192 191 612 194 193 613 193 192 614 194 193 615 195 194 616 193 192 617 196 195 618 197 196 619 198 197 620 196 195 621 199 198 622 197 196 623 196 195 624 200 199 625 199 198 626 200 199 627 201 200 628 199 198 629 200 199 630 202 201 631 201 200 632 202 201 633 203 202 634 201 200 635 202 201 636 204 203 637 203 202 638 204 203 639 205 204 640 203 202 641 206 205 642 207 206 643 208 207 644 206 205 645 209 208 646 207 206 647 210 209 648 211 210 649 212 211 650 210 209 651 212 211 652 213 212 653 214 213 654 215 214 655 216 215 656 214 213 657 217 216 658 215 214 659 218 217 660 219 218 661 220 219 662 218 217 663 220 219 664 221 220 665 222 221 666 223 222 667 224 223 668 222 221 669 224 223 670 225 224 671 226 225 672 227 226 673 228 227 674 226 225 675 228 227 676 229 228 677</p>
        </polylist>
      </mesh>
    </geometry>
    <geometry id="C01_HandBase_Ch-mesh" name="C01_HandBase_Ch">
      <mesh>
        <source id="C01_HandBase_Ch-mesh-positions">
          <float_array id="C01_HandBase_Ch-mesh-positions-array" count="645">63.5364 -12.7848 4.45094 62.5055 -17.9864 6.53868 64.2085 -17.4782 6.12182 59.5922 -17.6143 8.246561 61.9007 -22.7913 7.03366 67.4374 -21.5165 3.96268 66.7667 -17.9919 3.50199 59.7046 -20.3538 4.48927 60.3224 -22.8328 9.18955 63.5364 -12.7848 4.45094 68.9969 -21.2329 2.32028 58.171 -22.7782 8.73525 61.1887 -23.1686 5.37656 61.1696 -27.5233 4.97868 66.0031 -15.5374 1.76352 68.8332 -25.8581 3.75475 70.7349 -25.7972 2.53903 67.5417 -18.0845 0.03324198 68.5273 -21.7388 0.03870695 60.3455 -8.68245 5.46513 64.2958 -22.8996 3.29463 60.1276 -28.9172 7.00155 61.037 -28.616 7.06934 58.171 -22.7782 8.73525 62.0975 -27.4915 6.10924 69.9715 -30.6853 3.75809 69.5075 -21.2912 -2.26517 67.75701 -17.2749 -3.83412 67.03601 -15.7973 -3.36427 57.846 -18.2657 8.231841 59.7046 -20.3538 4.48927 69.3905 -25.8959 0.897536 67.4374 -21.5165 3.96268 71.0176 -30.9748 2.32097 67.0021 -16.3463 -7.72759 70.8649 -26.4545 -2.46221 68.6628 -21.3884 -4.54301 60.3455 -8.68245 5.46513 56.0742 -11.7612 4.24268 69.3149 -26.2225 -1.37864 67.1538 -26.5427 3.10681 68.8332 -25.8581 3.75475 70.6606 -35.4426 2.55071 70.152 -35.3041 3.15826 69.7388 -30.7551 1.0632 65.5369 -14.2279 -8.277581 69.3548 -20.4361 -6.44263 69.1757 -25.7197 -3.79105 60.1319 -6.68436 -0.100543 66.9807 -26.6121 1.06836 69.1695 -30.5783 -1.9311 67.0657 -26.9182 -1.90739 68.16801 -30.6274 3.31561 68.7669 -34.6684 3.12075 70.2821 -35.3071 1.88612 65.82601 -16.0894 -9.73582 70.8649 -26.4545 -2.46221 68.6887 -25.1912 -4.96202 70.1323 -25.5352 -6.05509 65.3766 -22.6177 -4.6703 68.6628 -21.3884 -4.54301 55.6469 -8.28128 -0.454096 65.012 -23.1307 -0.713411 67.9313 -30.7382 1.23521 69.9715 -30.6853 3.75809 67.9313 -30.7382 1.23521 62.9672 -12.1755 -9.52961 67.2215 -18.7825 -10.8355 70.0635 -29.9263 -5.68539 70.8717 -31.1767 -3.14916 66.5378 -26.6826 -3.58674 65.3766 -22.6177 -4.6703 65.012 -23.1307 -0.713411 68.7831 -34.7739 1.5036 62.7356 -18.1232 -9.92351 68.6433 -19.7736 -9.68964 69.0474 -29.7058 -7.06087 70.1323 -25.5352 -6.05509 67.6158 -30.4111 -2.01227 69.4623 -35.5161 -3.314 69.0566 -35.1781 -3.9734 66.9846 -25.6836 -5.32429 69.4125 -30.5364 -4.34385 59.5889 -12.9964 -9.41785 64.4281 -20.5048 -10.4062 68.0897 -20.5826 -8.18438 67.0021 -16.3463 -7.72759 68.9323 -29.7103 -4.59051 68.7363 -24.8642 -7.45427 69.0779 -35.2412 -2.74117 69.4125 -30.5364 -4.34385 67.2937 -29.7514 -4.78793 67.112 -30.3417 -4.00339 67.9474 -34.6453 -4.16547 59.9146 -6.23126 -6.6762 67.4025 -23.7768 -10.8505 65.4649 -24.3128 -9.903881 69.2448 -24.6148 -10.0514 69.8506 -33.59 -5.46823 69.48 -33.9258 -6.35368 69.3548 -20.4361 -6.44263 68.00201 -34.7575 -2.49075 67.9474 -34.6453 -4.16547 69.291 -33.8474 -4.68789 67.874 -33.4652 -4.65465 56.3526 -8.261401 -6.77368 67.5894 -27.5668 -10.7001 68.6694 -27.7859 -10.0599 66.5867 -25.6717 -7.02921 68.7363 -24.8642 -7.45427 68.6433 -19.7736 -9.68964 68.1598 -27.6799 -8.86134 68.0477 -31.9159 -9.91624 68.06301 -24.2942 -8.53606 67.1658 -29.7524 -6.94699 68.0897 -20.5826 -8.18438 68.0897 -20.5826 -8.18438 66.1488 -27.8816 -10.1659 66.7308 -27.763 -8.45849 67.7681 -31.7456 -9.160981 69.0474 -29.7058 -7.06087 67.8455 -33.5278 -6.62913 65.1086 -21.4596 -7.91008 67.48801 -31.741 -10.336 66.6332 -31.318 -10.3996 67.0153 -31.3437 -8.84359 69.0474 -29.7058 -7.06087 69.48 -33.9258 -6.35368 66.1331 -24.6346 -8.37067 68.00201 -34.7575 -2.49075 67.6158 -30.4111 -2.01227 67.9474 -34.6453 -4.16547 67.112 -30.3417 -4.00339 67.0657 -26.9182 -1.90739 66.5378 -26.6826 -3.58674 65.3766 -22.6177 -4.6703 65.012 -23.1307 -0.713411 66.9807 -26.6121 1.06836 67.1538 -26.5427 3.10681 65.1086 -21.4596 -7.91008 66.9846 -25.6836 -5.32429 64.2958 -22.8996 3.29463 67.9313 -30.7382 1.23521 60.4702 -19.2416 -6.10579 67.1658 -29.7524 -6.94699 67.2937 -29.7514 -4.78793 59.7807 -20.753 -0.888127 59.7046 -20.3538 4.48927 68.16801 -30.6274 3.31561 62.7356 -18.1232 -9.92351 64.4281 -20.5048 -10.4062 66.5867 -25.6717 -7.02921 67.8455 -33.5278 -6.62913 67.874 -33.4652 -4.65465 61.1887 -23.1686 5.37656 57.7 -23.5653 7.09478 57.3413 -13.3514 -5.75966 68.7831 -34.7739 1.5036 66.1331 -24.6346 -8.37067 65.4649 -24.3128 -9.903881 57.7 -23.5653 7.09478 57.49 -19.3845 6.13412 59.7576 -28.7565 6.22812 55.5738 -14.3928 -1.18238 68.7669 -34.6684 3.12075 59.5889 -12.9964 -9.41785 66.7308 -27.763 -8.45849 66.1488 -27.8816 -10.1659 61.1696 -27.5233 4.97868 58.171 -22.7782 8.73525 57.846 -18.2657 8.231841 56.3526 -8.261401 -6.77368 66.6332 -31.318 -10.3996 60.1276 -28.9172 7.00155 56.0742 -11.7612 4.24268 55.6469 -8.28128 -0.454096 59.9146 -6.23126 -6.6762 67.0153 -31.3437 -8.84359 57.846 -18.2657 8.231841 60.1319 -6.68436 -0.100543 70.152 -35.3041 3.15826 68.7669 -34.6684 3.12075 68.7831 -34.7739 1.5036 70.2821 -35.3071 1.88612 70.152 -35.3041 3.15826 70.6606 -35.4426 2.55071 67.0153 -31.3437 -8.84359 66.6332 -31.318 -10.3996 67.7681 -31.7456 -9.160981 67.48801 -31.741 -10.336 68.0477 -31.9159 -9.91624 67.7681 -31.7456 -9.160981 66.6332 -31.318 -10.3996 68.00201 -34.7575 -2.49075 67.9474 -34.6453 -4.16547 69.0779 -35.2412 -2.74117 69.0566 -35.1781 -3.9734 69.4623 -35.5161 -3.314 67.874 -33.4652 -4.65465 67.8455 -33.5278 -6.62913 69.291 -33.8474 -4.68789 69.48 -33.9258 -6.35368 69.8506 -33.59 -5.46823 69.291 -33.8474 -4.68789 61.1696 -27.5233 4.97868 62.0975 -27.4915 6.10924 59.7576 -28.7565 6.22812 61.037 -28.616 7.06934 60.1276 -28.9172 7.00155 59.6027 -6.13272 4.82007 60.1319 -6.68436 -0.100543 60.3455 -8.68245 5.46513 59.9146 -6.23126 -6.6762 59.4181 -5.58439 -9.44418 62.9672 -12.1755 -9.52961</float_array>
          <technique_common>
            <accessor source="#C01_HandBase_Ch-mesh-positions-array" count="215" stride="3">
              <param name="X" type="float"/>
              <param name="Y" type="float"/>
              <param name="Z" type="float"/>
            </accessor>
          </technique_common>
        </source>
        <source id="C01_HandBase_Ch-mesh-normals">
          <float_array id="C01_HandBase_Ch-mesh-normals-array" count="618">0.12345 0.3484677 0.9291558 0.605989 -0.2273985 0.7622778 0.39122 0.0152288 0.9201712 0.1690757 0.2564824 0.9516461 0.9910583 0.06225776 0.1180151 0.5443763 0.04196429 0.8377908 0.80952 0.3666568 0.4585195 0.7851793 -0.1580308 -0.5987652 0.3288996 -0.03933852 0.9435452 0.6362652 0.2856906 0.7166223 0.9207257 0.3178241 0.2263894 -0.1570507 0.1082203 0.9816433 0.8905488 0.1709072 -0.421561 0.8037158 0.1281489 -0.5810497 0.8678325 0.4415155 0.2278838 0.4259239 0.0920149 0.9000679 0.9687338 0.2117407 0.1293089 0.896602 0.4180867 0.1459748 0.9972937 0.03592061 0.06415051 0.5296261 0.2175392 0.8198616 -0.07687687 -0.3444659 0.9356459 0.01654118 -0.2668265 0.9636027 0.3192589 -0.2508659 0.91386 -0.2015457 -0.3589919 0.91132 0.9965025 -0.00238043 0.08353012 0.7738096 0.01223808 0.6333001 0.9657666 0.2501929 0.06854516 0.9097883 0.4134485 0.03668451 0.8975082 0.4373094 0.05691826 -0.1118516 0.2783015 0.9539588 -0.02588021 -0.4625487 0.8862161 0.4591935 0.0185557 -0.8881425 -0.1646501 -0.09991925 0.981278 0.9962649 -0.0130316 -0.08536183 0.8272669 0.5058335 -0.2444627 0.9787099 0.01428282 -0.2047511 0.9712407 0.1088312 0.2117722 -0.5881648 0.601166 0.5409822 -0.4772613 0.5493784 0.6858609 0.3056777 -0.1203361 0.9445002 -0.3024188 -0.1491188 0.9414384 -0.2953657 -0.1277843 0.9468001 0.9910603 -0.08682799 0.1012942 0.486259 -0.07290983 0.8707677 0.3232911 -0.06943142 -0.943749 0.7582197 0.5193458 -0.3941864 0.9674094 0.2374728 0.08789634 0.3362031 -0.04123187 -0.9408866 -0.465545 0.760028 0.4534592 0.04498529 -0.1545492 -0.9869604 0.243876 -0.1431944 0.9591767 -0.1381592 -0.2277018 0.9638796 -0.2392112 -0.08166998 0.9675269 -0.0526449 -0.05587989 0.9970487 0.6328499 -0.08707177 -0.7693631 0.4392023 0.3960481 -0.8063792 0.5808773 0.1219863 0.8047987 0.3104146 0.01376432 0.9505017 0.6155778 0.09888309 0.7818478 0.04532122 -0.3446245 -0.937646 0.09753972 -0.1590057 -0.9824476 -0.3127925 0.7493409 0.5836515 0.3084259 -0.2893515 -0.9061729 -0.09503579 -0.04071217 -0.9946411 -0.2400936 -0.09903442 0.9656848 -0.03567713 -0.1271742 -0.9912387 0.03033602 0.2496771 -0.9678539 0.3298177 0.3157179 -0.8896868 0.9951205 4.27261e-4 0.09866666 0.9884417 -0.1498776 0.02279746 -0.059206 -0.06115919 -0.9963706 0.002441525 -0.1095033 0.9939834 -0.08810973 -0.3252156 0.9415262 0.2428087 -0.01324522 -0.9699838 -0.02850472 0.1159721 -0.9928434 0.914897 0.3894828 -0.1061449 0.5528001 -0.0458098 -0.8320538 0.7312393 -0.008118093 -0.6820729 -0.04574751 -0.09045743 0.9948491 0.9684899 -0.2437247 0.05124139 0.5465087 -0.171732 -0.8196563 -0.1848833 -0.08069187 0.9794422 -0.1370902 0.05517786 -0.9890207 -0.1074901 0.2582264 -0.960086 -0.1082818 0.01498484 -0.9940074 0.9241116 0.193337 -0.3296039 0.8871366 0.1820174 0.424097 0.3191338 0.04263454 0.9467503 0.7045016 -0.01382511 -0.7095678 0.6001293 -0.125739 0.7899586 0.6066014 0.01748752 -0.7948138 -0.1199391 0.03573757 0.9921378 -0.1414537 0.05679506 -0.9883143 -0.1456357 0.008972525 -0.9892976 -0.1684669 0.3771583 -0.9106978 0.009766101 0.01495438 -0.9998405 -0.3575341 -0.05243223 -0.9324271 0.9690465 -0.04950213 -0.2418648 0.9874875 -0.0169993 0.1567784 0.9003922 -0.05932825 -0.4310151 0.803533 0.07764017 -0.5901752 0.1867132 -0.09106773 0.9781845 0.1284241 -0.08865779 -0.9877485 0.4716393 0.04294008 0.8807454 0.03451704 0.04123121 0.9985533 -0.1898298 0.3765772 -0.9067273 0.08456784 -0.04754841 -0.9952826 0.9466188 -0.1213755 -0.2986319 -0.1135913 -0.1317501 -0.9847533 -0.1388291 -0.1460011 -0.9794949 0.9349124 0.06274658 -0.3492875 0.6702724 -0.08365434 0.7373852 0.9508134 -0.1474668 -0.2724108 0.4951667 -0.08346873 0.8647792 -0.05884116 -0.05859702 -0.9965462 0.6563768 -0.7150348 0.2406135 0.9193403 0.08551573 0.3840579 -0.3492579 0.008270561 -0.9369902 0.2481464 -0.07647949 0.9656989 0.7535233 -0.1111515 0.6479568 -0.05780327 -0.09406006 -0.9938871 0.08395695 -0.1378836 -0.9868838 0.2671653 -0.9632478 0.02786403 0.3731005 -0.1054447 -0.9217796 -0.04168945 -0.0691874 -0.9967322 0.3545374 -0.07208549 0.9322592 0.1283636 -0.1510698 -0.9801535 0.09625619 -0.06308227 0.9933556 -0.9954712 -0.09134358 0.02633792 -0.9634064 -0.1643165 0.2117742 -0.9891724 -0.1202437 0.08414006 -0.9538724 -0.1790857 0.2409477 -0.9536614 -0.2488223 0.1691674 -0.9439313 -0.189891 0.2700653 -0.7439336 -0.6542379 -0.1361457 -0.6649801 -0.7371577 -0.120001 -0.9303743 -0.3551201 0.09106892 -0.9212671 -0.3860917 0.04690718 -0.802425 -0.5869251 -0.1078568 -0.9625265 -0.2348176 0.1356595 -0.5981447 -0.8006392 -0.03463917 -0.9698677 -0.2136949 0.1170104 -0.6883645 -0.6178647 -0.3799967 -0.9886227 -0.1268052 0.08090502 -0.9913518 -0.1202757 0.05249279 -0.6483228 -0.7476023 -0.1441124 -0.6440702 -0.6545381 -0.3959212 -0.9718239 -0.2098197 0.1073971 -0.6952854 -0.5599333 -0.450614 -0.8730084 -0.4819629 0.07462 -0.9512558 -0.2156188 0.2205018 -0.9866369 -0.159765 0.03198349 -0.9879385 -0.1536644 0.01910501 -0.443476 -0.2204104 -0.8687626 -0.9443895 -0.2932295 -0.1488121 -0.8282656 -0.3454794 -0.4411577 -0.9860749 -0.16224 0.03653144 -0.922807 -0.2145495 0.3199931 -0.9147144 -0.1969999 0.3528297 -0.6394941 -0.2025238 -0.7416411 -0.9559766 -0.2622496 -0.1316589 -0.9365173 -0.2692724 -0.2245615 -0.943413 -0.2984484 -0.1445699 -0.9891987 -0.1465807 -3.35704e-4 -0.7776305 -0.3437994 -0.5263961 -0.9317896 -0.1696577 0.3209121 -0.9279059 -0.1762179 0.3285392 -0.6940318 0.06851506 -0.7166768 -0.926063 -0.1590641 0.3422075 -0.9777647 -0.04095637 0.2056668 -0.8967165 0.3570142 -0.261611 -0.9574986 -0.1175281 0.2634083 -0.8524625 -0.3926907 0.3451112 -0.9854566 -0.09833198 0.1385865 -0.9060751 0.4230833 -0.005340754 -0.4329473 0.9014192 3.05193e-5 -0.9664602 -0.1021181 0.2356408 -0.9724084 -0.1617221 0.1681312 -0.339767 0.9374495 0.07580894 -0.4177181 -0.9069126 0.05496531 -0.3785319 -0.9254394 0.01660251 -0.3184983 -0.947438 -0.03033608 -0.3131286 -0.9492436 -0.02978688 -0.2933828 -0.9555925 -0.02774208 -0.4381644 -0.894091 0.0928089 -0.408348 -0.9085286 0.0884754 -0.4207681 -0.9019948 0.09674584 -0.3515788 -0.9327215 0.08014285 -0.447292 -0.8884192 0.1031555 -0.418692 -0.9069066 -0.047091 -0.4229732 -0.9051242 -0.04294127 -0.4804002 -0.8761405 -0.03991889 -0.4775909 -0.8778162 -0.03668373 -0.6105887 -0.7913818 -0.02993887 -0.2595028 -0.9651318 0.03433382 -0.2486973 -0.968238 0.0257883 -0.2505018 -0.9677342 0.02719259 -0.04016238 -0.9982923 0.04242074 0.5269963 -0.8440241 0.09949082 0.43515 -0.8362705 -0.3336109 0.4230846 -0.8190072 -0.387591 0.386257 -0.8357813 -0.3902245 0.3819765 -0.809579 -0.4457308 0.3185614 -0.8861612 -0.3365069 -0.9529293 -0.2951505 -0.06936997 -0.879248 -0.4740492 0.04690742</float_array>
          <technique_common>
            <accessor source="#C01_HandBase_Ch-mesh-normals-array" count="206" stride="3">
              <param name="X" type="float"/>
              <param name="Y" type="float"/>
              <param name="Z" type="float"/>
            </accessor>
          </technique_common>
        </source>
        <source id="C01_HandBase_Ch-mesh-map-0">
          <float_array id="C01_HandBase_Ch-mesh-map-0-array" count="1296">0.654008 -0.530042 0.629659 -0.500778 0.656466 -0.49685 0.629659 -0.500778 0.613874 -0.515929 0.599508 -0.488945 0.656466 -0.49685 0.679776 -0.476682 0.67889 -0.499941 0.629659 -0.500778 0.599508 -0.488945 0.622286 -0.478025 0.629659 -0.500778 0.622286 -0.478025 0.656466 -0.49685 0.613874 -0.515929 0.592439 -0.499511 0.599508 -0.488945 0.656466 -0.49685 0.67889 -0.499941 0.654008 -0.530042 0.679776 -0.476682 0.696651 -0.473667 0.67889 -0.499941 0.613874 -0.515929 0.589246 -0.507619 0.592439 -0.499511 0.59966 -0.478911 0.622286 -0.478025 0.599508 -0.488945 0.599508 -0.488945 0.580302 -0.478785 0.59966 -0.478911 0.654008 -0.530042 0.67889 -0.499941 0.681474 -0.520794 0.679776 -0.476682 0.682741 -0.44724 0.692724 -0.444478 0.679776 -0.476682 0.692724 -0.444478 0.696651 -0.473667 0.67889 -0.499941 0.703822 -0.508277 0.681474 -0.520794 0.67889 -0.499941 0.696651 -0.473667 0.703822 -0.508277 0.696651 -0.473667 0.714311 -0.4818 0.703822 -0.508277 0.63612 -0.552719 0.613874 -0.515929 0.629659 -0.500778 0.629659 -0.500778 0.654008 -0.530042 0.63612 -0.552719 0.656466 -0.49685 0.660368 -0.467459 0.679776 -0.476682 0.589246 -0.507619 0.572878 -0.488996 0.576603 -0.487197 0.592439 -0.499511 0.589246 -0.507619 0.576603 -0.487197 0.582101 -0.484182 0.599508 -0.488945 0.592439 -0.499511 0.592439 -0.499511 0.576603 -0.487197 0.582101 -0.484182 0.580302 -0.478785 0.599508 -0.488945 0.582101 -0.484182 0.682741 -0.44724 0.683172 -0.425906 0.692724 -0.444478 0.714311 -0.4818 0.737673 -0.490009 0.703822 -0.508277 0.703822 -0.508277 0.737673 -0.490009 0.726347 -0.529409 0.703822 -0.508277 0.726347 -0.529409 0.681474 -0.520794 0.681474 -0.520794 0.726347 -0.529409 0.715756 -0.537137 0.613874 -0.515929 0.605183 -0.521225 0.589246 -0.507619 0.656466 -0.49685 0.622286 -0.478025 0.660368 -0.467459 0.696651 -0.473667 0.701668 -0.444605 0.714311 -0.4818 0.696651 -0.473667 0.692724 -0.444478 0.701668 -0.444605 0.682741 -0.44724 0.679776 -0.476682 0.660368 -0.467459 0.692724 -0.444478 0.689202 -0.423803 0.701668 -0.444605 0.683172 -0.425906 0.689202 -0.423803 0.692724 -0.444478 0.715756 -0.537137 0.726347 -0.529409 0.742031 -0.555506 0.737673 -0.490009 0.753939 -0.454562 0.74953 -0.506656 0.726347 -0.529409 0.737673 -0.490009 0.74953 -0.506656 0.613874 -0.515929 0.63612 -0.552719 0.611796 -0.549729 0.613874 -0.515929 0.611796 -0.549729 0.605183 -0.521225 0.714311 -0.4818 0.74573 -0.452332 0.737673 -0.490009 0.660368 -0.467459 0.675925 -0.445644 0.682741 -0.44724 0.683172 -0.425906 0.686947 -0.413465 0.689202 -0.423803 0.683172 -0.425906 0.684667 -0.412908 0.686947 -0.413465 0.701668 -0.444605 0.689202 -0.423803 0.695486 -0.423068 0.715756 -0.537137 0.742031 -0.555506 0.732554 -0.571266 0.726347 -0.529409 0.765898 -0.519629 0.742031 -0.555506 0.726347 -0.529409 0.74953 -0.506656 0.765898 -0.519629 0.753939 -0.454562 0.760603 -0.460669 0.74953 -0.506656 0.63612 -0.552719 0.630698 -0.572153 0.611796 -0.549729 0.714311 -0.4818 0.701668 -0.444605 0.708965 -0.438017 0.753939 -0.454562 0.74573 -0.452332 0.756042 -0.438625 0.74573 -0.452332 0.740586 -0.441716 0.756042 -0.438625 0.675925 -0.445644 0.675469 -0.425804 0.682741 -0.44724 0.684667 -0.412908 0.675469 -0.425804 0.68079 -0.407789 0.686947 -0.413465 0.688797 -0.411919 0.689202 -0.423803 0.689202 -0.423803 0.688797 -0.411919 0.695486 -0.423068 0.732554 -0.571266 0.742031 -0.555506 0.747681 -0.570202 0.737673 -0.490009 0.74573 -0.452332 0.753939 -0.454562 0.74953 -0.506656 0.793541 -0.495203 0.765898 -0.519629 0.765898 -0.519629 0.793541 -0.495203 0.798736 -0.501817 0.760603 -0.460669 0.780366 -0.476758 0.74953 -0.506656 0.630698 -0.572153 0.610555 -0.570683 0.611796 -0.549729 0.714311 -0.4818 0.708965 -0.438017 0.724801 -0.439816 0.701668 -0.444605 0.695486 -0.423068 0.701744 -0.421066 0.683172 -0.425906 0.675469 -0.425804 0.684667 -0.412908 0.682741 -0.44724 0.675469 -0.425804 0.683172 -0.425906 0.708965 -0.438017 0.701668 -0.444605 0.701744 -0.421066 0.688797 -0.411919 0.701744 -0.421066 0.695486 -0.423068 0.732554 -0.571266 0.747681 -0.570202 0.72964 -0.591435 0.742031 -0.555506 0.769547 -0.562195 0.747681 -0.570202 0.798736 -0.501817 0.793541 -0.495203 0.812925 -0.494342 0.753939 -0.454562 0.761312 -0.440804 0.760603 -0.460669 0.753939 -0.454562 0.756042 -0.438625 0.761312 -0.440804 0.780366 -0.476758 0.760603 -0.460669 0.77127 -0.458768 0.74953 -0.506656 0.780366 -0.476758 0.793541 -0.495203 0.714311 -0.4818 0.724801 -0.439816 0.74573 -0.452332 0.740586 -0.441716 0.74573 -0.452332 0.724801 -0.439816 0.688797 -0.411919 0.691102 -0.407688 0.701744 -0.421066 0.72964 -0.591435 0.747681 -0.570202 0.760172 -0.586773 0.742031 -0.555506 0.774082 -0.551934 0.769547 -0.562195 0.812925 -0.494342 0.815078 -0.499916 0.798736 -0.501817 0.756042 -0.438625 0.740586 -0.441716 0.751405 -0.433659 0.756042 -0.438625 0.765544 -0.432848 0.761312 -0.440804 0.761312 -0.440804 0.765544 -0.432848 0.767723 -0.432595 0.780366 -0.476758 0.795062 -0.486665 0.793541 -0.495203 0.760603 -0.460669 0.766405 -0.444453 0.77127 -0.458768 0.72964 -0.591435 0.760172 -0.586773 0.736938 -0.606815 0.747681 -0.570202 0.769547 -0.562195 0.771574 -0.579577 0.747681 -0.570202 0.771574 -0.579577 0.760172 -0.586773 0.742031 -0.555506 0.765898 -0.519629 0.767773 -0.537035 0.774082 -0.551934 0.742031 -0.555506 0.767773 -0.537035 0.812925 -0.494342 0.793541 -0.495203 0.810593 -0.489781 0.800737 -0.51038 0.767773 -0.537035 0.798736 -0.501817 0.815078 -0.499916 0.800737 -0.51038 0.798736 -0.501817 0.765544 -0.432848 0.756042 -0.438625 0.764454 -0.431252 0.756042 -0.438625 0.751405 -0.433659 0.764454 -0.431252 0.761312 -0.440804 0.766405 -0.444453 0.760603 -0.460669 0.767723 -0.432595 0.766405 -0.444453 0.761312 -0.440804 0.795062 -0.486665 0.809251 -0.483954 0.793541 -0.495203 0.793541 -0.495203 0.809251 -0.483954 0.810593 -0.489781 0.772663 -0.445593 0.77127 -0.458768 0.766405 -0.444453 0.766405 -0.444453 0.772106 -0.431176 0.772663 -0.445593 0.72964 -0.591435 0.736938 -0.606815 0.706204 -0.618166 0.769547 -0.562195 0.794682 -0.568251 0.791312 -0.577398 0.769547 -0.562195 0.791312 -0.577398 0.771574 -0.579577 0.774082 -0.551934 0.801219 -0.563082 0.794682 -0.568251 0.812925 -0.494342 0.810593 -0.489781 0.82088 -0.490313 0.815078 -0.499916 0.812925 -0.494342 0.822679 -0.491403 0.822679 -0.491403 0.812925 -0.494342 0.82088 -0.490313 0.767773 -0.537035 0.765898 -0.519629 0.798736 -0.501817 0.751405 -0.433659 0.764302 -0.424943 0.764454 -0.431252 0.767723 -0.432595 0.772106 -0.431176 0.766405 -0.444453 0.810593 -0.489781 0.821235 -0.488565 0.82088 -0.490313 0.821235 -0.488565 0.810593 -0.489781 0.809251 -0.483954 0.809251 -0.483954 0.824884 -0.483117 0.821235 -0.488565 0.736938 -0.606815 0.714793 -0.631949 0.706204 -0.618166 0.794682 -0.568251 0.801219 -0.563082 0.809985 -0.574053 0.794682 -0.568251 0.809985 -0.574053 0.791312 -0.577398 0.801219 -0.563082 0.812747 -0.569695 0.809985 -0.574053 0.815078 -0.499916 0.809377 -0.51446 0.800737 -0.51038 0.769547 -0.562195 0.774082 -0.551934 0.794682 -0.568251 0.812747 -0.569695 0.81523 -0.565363 0.822907 -0.575548 0.801219 -0.563082 0.80322 -0.555202 0.812747 -0.569695 0.81523 -0.565363 0.812747 -0.569695 0.80322 -0.555202 0.815078 -0.499916 0.819386 -0.504806 0.809377 -0.51446 0.801219 -0.563082 0.767773 -0.537035 0.80322 -0.555202 0.800737 -0.51038 0.809377 -0.51446 0.767773 -0.537035 0.774082 -0.551934 0.767773 -0.537035 0.801219 -0.563082 0.809985 -0.574053 0.80887 -0.581401 0.791312 -0.577398 0.81523 -0.565363 0.80322 -0.555202 0.819411 -0.560929 0.81523 -0.565363 0.819411 -0.560929 0.824605 -0.574281 0.81523 -0.565363 0.824605 -0.574281 0.822907 -0.575548 0.819386 -0.504806 0.815078 -0.499916 0.828558 -0.4931 0.809377 -0.51446 0.805121 -0.534679 0.767773 -0.537035 0.767773 -0.537035 0.805121 -0.534679 0.80322 -0.555202 0.823262 -0.577803 0.812747 -0.569695 0.822907 -0.575548 0.809985 -0.574053 0.812747 -0.569695 0.823262 -0.577803 0.809985 -0.574053 0.824377 -0.583403 0.80887 -0.581401 0.809985 -0.574053 0.823262 -0.577803 0.824377 -0.583403 0.824605 -0.574281 0.819411 -0.560929 0.83023 -0.573344 0.828558 -0.4931 0.815078 -0.499916 0.822679 -0.491403 0.80322 -0.555202 0.808364 -0.548665 0.819411 -0.560929 0.805121 -0.534679 0.808364 -0.548665 0.80322 -0.555202 0.403574 -0.77921 0.384849 -0.789801 0.398785 -0.77019 0.384849 -0.789801 0.379225 -0.779311 0.398785 -0.77019 0.384849 -0.789801 0.368228 -0.797326 0.379225 -0.779311 0.368228 -0.797326 0.362882 -0.787343 0.379225 -0.779311 0.368228 -0.797326 0.333795 -0.794869 0.362882 -0.787343 0.368228 -0.797326 0.342789 -0.816127 0.333795 -0.794869 0.342789 -0.816127 0.373118 -0.810122 0.377299 -0.821751 0.333795 -0.794869 0.319124 -0.777386 0.35447 -0.776955 0.342789 -0.816127 0.377299 -0.821751 0.349859 -0.83442 0.373118 -0.810122 0.393084 -0.802521 0.377299 -0.821751 0.333795 -0.794869 0.342789 -0.816127 0.306405 -0.799353 0.333795 -0.794869 0.306405 -0.799353 0.319124 -0.777386 0.35447 -0.776955 0.363617 -0.757749 0.370787 -0.766136 0.342789 -0.816127 0.32067 -0.826895 0.306405 -0.799353 0.342789 -0.816127 0.349859 -0.83442 0.32067 -0.826895 0.349859 -0.83442 0.321202 -0.863153 0.32067 -0.826895 0.393084 -0.802521 0.397315 -0.811997 0.377299 -0.821751 0.299311 -0.778273 0.319124 -0.777386 0.306405 -0.799353 0.319124 -0.777386 0.299311 -0.778273 0.311954 -0.770925 0.347629 -0.767732 0.35447 -0.776955 0.319124 -0.777386 0.35447 -0.776955 0.347629 -0.767732 0.363617 -0.757749 0.380517 -0.745993 0.370787 -0.766136 0.363617 -0.757749 0.370787 -0.766136 0.380517 -0.745993 0.386826 -0.753847 0.321202 -0.863153 0.336911 -0.882815 0.325509 -0.893963 0.306405 -0.799353 0.32067 -0.826895 0.275747 -0.812047 0.393084 -0.802521 0.412974 -0.794919 0.397315 -0.811997 0.311954 -0.770925 0.337088 -0.76497 0.319124 -0.777386 0.311954 -0.770925 0.329893 -0.757293 0.337088 -0.76497 0.321202 -0.863153 0.325509 -0.893963 0.30866 -0.877316 0.336911 -0.882815 0.346945 -0.91023 0.325509 -0.893963 0.32067 -0.826895 0.284817 -0.835687 0.275747 -0.812047 0.321202 -0.863153 0.284817 -0.835687 0.32067 -0.826895 0.321202 -0.863153 0.30866 -0.877316 0.284817 -0.835687 0.412974 -0.794919 0.416546 -0.802318 0.397315 -0.811997 0.306405 -0.799353 0.275747 -0.812047 0.271794 -0.791245 0.299311 -0.778273 0.306405 -0.799353 0.271794 -0.791245 0.329893 -0.757293 0.35224 -0.75182 0.337088 -0.76497 0.329893 -0.757293 0.346109 -0.743687 0.35224 -0.75182 0.336911 -0.882815 0.352063 -0.899639 0.346945 -0.91023 0.325509 -0.893963 0.317401 -0.899081 0.300299 -0.883879 0.300299 -0.883879 0.30866 -0.877316 0.325509 -0.893963 0.30866 -0.877316 0.300299 -0.883879 0.284817 -0.835687 0.275747 -0.812047 0.2489399 -0.816785 0.271794 -0.791245 0.275747 -0.812047 0.284817 -0.835687 0.2489399 -0.816785 0.346109 -0.743687 0.359157 -0.730714 0.35224 -0.75182 0.325509 -0.893963 0.345349 -0.914258 0.317401 -0.899081 0.346945 -0.91023 0.345349 -0.914258 0.325509 -0.893963 0.284817 -0.835687 0.273112 -0.8648 0.256009 -0.846962 0.2489399 -0.816785 0.284817 -0.835687 0.256009 -0.846962 0.2489399 -0.816785 0.256009 -0.846962 0.229025 -0.820307 0.359157 -0.730714 0.365694 -0.738873 0.35224 -0.75182 0.273112 -0.8648 0.284817 -0.835687 0.300299 -0.883879 0.229025 -0.820307 0.256009 -0.846962 0.232623 -0.851827 0.684667 -0.412908 0.68079 -0.407789 0.691102 -0.407688 0.691102 -0.407688 0.688797 -0.411919 0.684667 -0.412908 0.688797 -0.411919 0.686947 -0.413465 0.684667 -0.412908 0.83023 -0.573344 0.824377 -0.583403 0.824605 -0.574281 0.824605 -0.574281 0.823262 -0.577803 0.822907 -0.575548 0.823262 -0.577803 0.824605 -0.574281 0.824377 -0.583403 0.764302 -0.424943 0.772106 -0.431176 0.764454 -0.431252 0.772106 -0.431176 0.767723 -0.432595 0.764454 -0.431252 0.767723 -0.432595 0.765544 -0.432848 0.764454 -0.431252 0.824884 -0.483117 0.828558 -0.4931 0.821235 -0.488565 0.828558 -0.4931 0.822679 -0.491403 0.821235 -0.488565 0.822679 -0.491403 0.82088 -0.490313 0.821235 -0.488565 0.580302 -0.478785 0.582101 -0.484182 0.571586 -0.48484 0.582101 -0.484182 0.576603 -0.487197 0.571586 -0.48484 0.576603 -0.487197 0.572878 -0.488996 0.571586 -0.48484 0.615698 -0.611705 0.631864 -0.625437 0.607489 -0.620294 0.658164 -0.640488 0.671998 -0.647785 0.652007 -0.676518</float_array>
          <technique_common>
            <accessor source="#C01_HandBase_Ch-mesh-map-0-array" count="648" stride="2">
              <param name="S" type="float"/>
              <param name="T" type="float"/>
            </accessor>
          </technique_common>
        </source>
        <vertices id="C01_HandBase_Ch-mesh-vertices">
          <input semantic="POSITION" source="#C01_HandBase_Ch-mesh-positions"/>
        </vertices>
        <polylist material="mesh_2_material-material" count="216">
          <input semantic="VERTEX" source="#C01_HandBase_Ch-mesh-vertices" offset="0"/>
          <input semantic="NORMAL" source="#C01_HandBase_Ch-mesh-normals" offset="1"/>
          <input semantic="TEXCOORD" source="#C01_HandBase_Ch-mesh-map-0" offset="2" set="0"/>
          <vcount>3 3 3 3 3 3 3 3 3 3 3 3 3 3 3 3 3 3 3 3 3 3 3 3 3 3 3 3 3 3 3 3 3 3 3 3 3 3 3 3 3 3 3 3 3 3 3 3 3 3 3 3 3 3 3 3 3 3 3 3 3 3 3 3 3 3 3 3 3 3 3 3 3 3 3 3 3 3 3 3 3 3 3 3 3 3 3 3 3 3 3 3 3 3 3 3 3 3 3 3 3 3 3 3 3 3 3 3 3 3 3 3 3 3 3 3 3 3 3 3 3 3 3 3 3 3 3 3 3 3 3 3 3 3 3 3 3 3 3 3 3 3 3 3 3 3 3 3 3 3 3 3 3 3 3 3 3 3 3 3 3 3 3 3 3 3 3 3 3 3 3 3 3 3 3 3 3 3 3 3 3 3 3 3 3 3 3 3 3 3 3 3 3 3 3 3 3 3 3 3 3 3 3 3 3 3 3 3 3 3 3 3 3 3 3 3 </vcount>
          <p>0 0 0 1 1 1 2 2 2 1 1 3 3 3 4 4 4 5 2 2 6 5 5 7 6 6 8 1 1 9 4 4 10 7 7 11 1 1 12 7 7 13 2 2 14 3 3 15 8 8 16 4 4 17 2 2 18 6 6 19 9 9 20 5 5 21 10 10 22 6 6 23 3 3 24 11 11 25 8 8 26 12 12 27 7 7 28 4 4 29 4 4 30 13 13 31 12 12 32 9 9 33 6 6 34 14 14 35 5 5 36 15 15 37 16 16 38 5 5 39 16 16 40 10 10 41 6 6 42 17 17 43 14 14 44 6 6 45 10 10 46 17 17 47 10 10 48 18 18 49 17 17 50 19 19 51 3 3 52 1 1 53 1 1 54 9 9 55 19 19 56 2 2 57 20 20 58 5 5 59 11 11 60 21 21 61 22 22 62 8 8 63 23 23 64 22 22 65 24 24 66 4 4 67 8 8 68 8 8 69 22 22 70 24 24 71 13 13 72 4 4 73 24 24 74 15 15 75 25 25 76 16 16 77 18 18 78 26 26 79 17 17 80 17 17 81 26 26 82 27 27 83 17 17 84 27 27 85 14 14 86 14 14 87 27 27 88 28 28 89 3 3 90 29 29 91 11 11 92 2 2 93 30 30 94 20 20 95 10 10 96 31 31 97 18 18 98 10 10 99 16 16 100 31 31 101 15 15 102 32 32 103 20 20 104 16 16 105 33 33 106 31 31 107 25 25 108 33 33 109 16 16 110 28 28 111 27 27 112 34 34 113 26 26 114 35 35 115 36 36 116 27 27 117 26 26 118 36 36 119 3 3 120 37 37 121 38 38 122 3 3 123 38 38 124 29 29 125 18 18 126 39 39 127 26 26 128 20 20 129 40 40 130 41 41 131 25 25 132 42 42 133 33 33 134 25 25 135 43 43 136 42 42 137 31 31 138 33 33 139 44 44 140 28 28 141 34 34 142 45 45 143 27 27 144 46 46 145 34 34 146 27 27 147 36 36 148 46 46 149 35 35 150 47 47 151 36 36 152 37 37 153 48 48 154 38 38 155 18 18 156 31 31 157 49 49 158 35 35 159 39 39 160 50 50 161 39 39 162 51 51 163 50 50 164 40 40 165 52 52 166 41 41 167 43 43 168 52 52 169 53 53 170 42 42 171 54 54 172 33 33 173 33 33 174 54 54 175 44 44 176 45 45 177 34 34 178 55 55 179 26 26 180 39 39 181 56 56 182 36 36 183 57 57 184 46 46 185 46 46 186 57 57 187 58 58 188 47 47 189 59 59 190 60 60 191 48 48 192 61 61 193 38 38 194 18 18 195 49 49 196 62 62 197 31 31 198 44 44 199 63 63 200 64 64 201 52 52 202 43 43 203 41 41 204 52 52 205 64 64 206 49 49 207 31 31 208 65 65 209 54 54 210 65 65 211 44 44 212 45 45 213 55 55 214 66 66 215 34 34 216 67 67 217 55 55 218 58 58 219 57 57 220 68 68 221 35 35 222 69 69 223 47 47 224 35 35 225 50 50 226 69 69 227 59 59 228 47 47 229 70 70 230 36 36 231 71 71 232 57 57 233 18 18 234 72 72 235 39 39 236 51 51 237 39 39 238 72 72 239 54 54 240 73 73 241 65 65 242 66 66 243 55 55 244 74 74 245 34 34 246 75 75 247 67 67 248 68 68 249 76 76 250 77 77 251 50 50 252 51 51 253 78 78 254 50 50 255 79 79 256 69 69 257 69 69 258 79 79 259 80 80 260 59 59 261 81 81 262 57 57 263 47 47 264 82 82 265 70 70 266 66 66 267 74 74 268 83 83 269 55 55 270 67 67 271 84 84 272 55 55 273 84 84 274 74 74 275 34 34 276 46 46 277 85 85 278 75 75 279 86 86 280 85 85 281 68 68 282 57 57 283 87 87 284 88 88 285 85 85 286 77 77 287 76 76 288 88 88 289 77 77 290 79 79 291 50 50 292 89 89 293 50 50 294 78 78 295 89 89 296 69 69 297 90 90 298 47 47 299 80 80 300 90 90 301 69 69 302 81 81 303 91 91 304 57 57 305 57 57 306 91 91 307 87 87 308 92 92 309 70 70 310 82 82 311 82 82 312 93 93 313 92 92 314 66 66 315 83 83 316 94 94 317 67 67 318 95 95 319 96 96 320 67 67 321 96 96 322 84 84 323 75 75 324 97 97 325 95 95 326 68 68 327 87 87 328 98 98 329 76 76 330 68 68 331 99 99 332 99 99 333 68 68 334 98 98 335 85 85 336 100 100 337 77 77 338 78 78 339 101 101 340 89 89 341 80 80 342 102 102 343 90 90 344 87 87 345 103 103 346 98 98 347 103 103 348 87 87 349 91 91 350 91 91 351 104 104 352 103 103 353 83 83 354 105 105 355 94 94 356 95 95 357 97 97 358 106 106 359 95 95 360 106 106 361 96 96 362 97 97 363 107 107 364 106 106 365 76 76 366 108 108 367 109 109 368 67 67 369 110 110 370 95 95 371 107 107 372 111 111 373 112 112 374 97 97 375 113 113 376 107 107 377 111 111 378 107 107 379 113 113 380 76 76 381 114 114 382 108 108 383 97 97 384 115 115 385 113 113 386 109 109 387 108 108 388 115 115 389 110 110 390 116 116 391 97 97 392 106 106 393 117 117 394 96 96 395 111 111 396 113 113 397 118 118 398 111 111 399 118 118 400 119 119 401 111 111 402 119 119 403 112 112 404 114 114 405 120 120 406 121 121 407 108 108 408 122 122 409 115 115 410 115 115 411 122 122 412 113 113 413 123 123 414 107 107 415 112 112 416 106 106 417 107 107 418 123 123 419 106 106 420 124 124 421 117 117 422 106 106 423 123 123 424 124 124 425 119 119 426 118 118 427 125 125 428 121 121 429 126 126 430 127 126 431 113 113 432 128 127 433 118 118 434 122 122 435 128 127 436 113 113 437 129 128 438 130 129 439 131 130 440 130 129 441 132 131 442 131 130 443 130 129 444 133 132 445 132 131 446 133 132 447 134 133 448 132 131 449 133 132 450 135 134 451 134 133 452 133 132 453 136 135 454 135 134 455 136 135 456 137 136 457 138 137 458 135 134 459 139 138 460 140 139 461 136 135 462 138 137 463 141 140 464 137 136 465 142 141 466 138 137 467 135 134 468 136 135 469 143 142 470 135 134 471 143 142 472 139 138 473 140 139 474 144 143 475 145 144 476 136 135 477 146 145 478 143 142 479 136 135 480 141 140 481 146 145 482 141 140 483 147 146 484 146 145 485 142 141 486 148 147 487 138 137 488 149 148 489 139 138 490 143 142 491 139 138 492 149 148 493 150 149 494 151 150 495 140 139 496 139 138 497 140 139 498 151 150 499 144 143 500 152 151 501 145 144 502 144 143 503 145 144 504 152 151 505 153 152 506 147 146 507 154 153 508 155 154 509 143 142 510 146 145 511 156 155 512 142 141 513 157 156 514 148 147 515 150 149 516 158 157 517 139 138 518 150 149 519 159 158 520 158 157 521 147 146 522 160 159 523 161 160 524 154 153 525 162 161 526 155 154 527 146 145 528 163 162 529 156 155 530 147 146 531 163 162 532 146 145 533 147 146 534 161 160 535 163 162 536 157 156 537 164 163 538 148 147 539 143 142 540 156 155 541 165 164 542 149 148 543 143 142 544 165 164 545 159 158 546 166 165 547 158 157 548 159 158 549 167 166 550 166 165 551 154 153 552 168 167 553 162 161 554 155 154 555 169 168 556 170 169 557 170 169 558 161 160 559 155 154 560 161 160 561 170 169 562 163 162 563 156 155 564 171 170 565 165 164 566 156 155 567 163 162 568 171 170 569 167 166 570 172 171 571 166 165 572 155 154 573 173 172 574 169 168 575 162 161 576 173 172 577 155 154 578 163 162 579 174 173 580 175 174 581 171 170 582 163 162 583 175 174 584 171 170 585 175 174 586 176 175 587 172 171 588 177 176 589 166 165 590 174 173 591 163 162 592 178 177 593 176 175 594 175 174 595 179 178 596 180 179 597 181 179 598 182 180 599 182 180 600 183 181 601 184 182 602 183 181 603 185 183 604 184 182 605 186 184 606 187 184 607 188 185 608 188 185 609 189 186 610 190 187 611 189 186 612 191 188 613 192 188 614 193 189 615 194 190 616 195 191 617 194 190 618 196 192 619 195 191 620 196 192 621 197 193 622 195 191 623 198 194 624 199 195 625 200 196 626 199 195 627 201 197 628 200 196 629 201 197 630 202 198 631 203 198 632 204 199 633 205 200 634 206 201 635 205 200 636 207 202 637 206 201 638 207 202 639 208 203 640 206 201 641 209 204 642 210 204 643 211 204 644 212 205 645 213 205 646 214 205 647</p>
        </polylist>
      </mesh>
    </geometry>
    <geometry id="C01_MuzzleClosed_Ch-mesh" name="C01_MuzzleClosed_Ch">
      <mesh>
        <source id="C01_MuzzleClosed_Ch-mesh-positions">
          <float_array id="C01_MuzzleClosed_Ch-mesh-positions-array" count="282">-69.7646 -25.7033 -14.1561 -77.2991 -41.4571 -13.2112 -81.8367 -39.7419 -11.6037 -75.9799 -24.068 -11.0411 -66.2765 -33.5353 1.21458 -72.9451 -46.1679 -0.09180998 -70.8258 -45.8989 -5.87842 -63.3215 -32.581 -4.68466 -64.4565 -29.4415 -11.041 -73.0463 -43.729 -11.4404 -72.55101 -31.7572 3.87907 -78.6009 -44.1121 2.48099 -78.6009 -44.1121 2.48099 -72.55101 -31.7572 3.87907 -77.94601 -28.0938 1.21466 -83.8183 -41.1254 -0.315583 -79.1144 -25.2167 -4.68475 -84.9781 -39.411 -6.15489 -69.8126 -25.5707 -3.06941 -71.4164 -25.8962 -4.1133 -69.6623 -25.2764 -4.16491 -75.3255 -46.3511 -1.51921 -74.622 -46.8102 -0.744306 -79.4781 -45.0231 1.10936 -79.3782 -44.854 -0.003570973 -74.81 -45.0217 -9.654661 -74.02301 -45.2161 -10.4486 -72.4918 -46.7762 -5.83261 -73.4745 -46.3655 -5.73516 -77.8402 -43.4299 -10.9966 -77.7688 -43.2461 -12.1186 -67.5192 -33.8821 0.05972999 -73.0483 -32.3063 2.5322 -79.4781 -45.0231 1.10936 -74.622 -46.8102 -0.744306 -70.8037 -27.4926 -12.3461 -66.0721 -30.6023 -10.0292 -74.02301 -45.2161 -10.4486 -77.7688 -43.2461 -12.1186 -64.7451 -33.2209 -4.86074 -72.4918 -46.7762 -5.83261 -79.3782 -44.854 -0.003570973 -79.4781 -45.0231 1.10936 -83.1638 -42.9699 -1.09157 -82.3366 -43.1891 -1.8501 -84.0858 -41.601 -6.12926 -83.0546 -42.0719 -6.04283 -81.9935 -41.6777 -10.5549 -81.31 -42.1313 -9.75844 -77.7688 -43.2461 -12.1186 -77.8402 -43.4299 -10.9966 -79.4781 -45.0231 1.10936 -73.0483 -32.3063 2.5322 -77.8095 -29.0837 0.059569 -83.1638 -42.9699 -1.09157 -81.9935 -41.6777 -10.5549 -76.22701 -25.8669 -10.0295 -70.8037 -27.4926 -12.3461 -77.7688 -43.2461 -12.1186 -84.0858 -41.601 -6.12926 -79.0864 -26.5338 -4.86074 -77.0783 -39.6577 -4.52765 -82.3366 -43.1891 -1.8501 -83.0546 -42.0719 -6.04283 -81.31 -42.1313 -9.75844 -77.8402 -43.4299 -10.9966 -79.3782 -44.854 -0.003570973 -77.0783 -39.6577 -4.52765 -73.4745 -46.3655 -5.73516 -75.3255 -46.3511 -1.51921 -74.81 -45.0217 -9.654661 -77.8402 -43.4299 -10.9966 -79.3782 -44.854 -0.003570973 -81.8367 -39.7419 -11.6037 -77.2991 -41.4571 -13.2112 -77.4814 -41.8237 -11.0271 -80.6857 -40.6126 -9.89182 -72.9451 -46.1679 -0.09180998 -78.6009 -44.1121 2.48099 -78.4004 -43.6988 0.05482494 -74.4065 -45.1505 -1.762 -72.9451 -46.1679 -0.09180998 -78.6009 -44.1121 2.48099 -83.8183 -41.1254 -0.315583 -82.0853 -41.5897 -1.92004 -78.4004 -43.6988 0.05482494 -78.6009 -44.1121 2.48099 -84.9781 -39.411 -6.15489 -82.90401 -40.3789 -6.0438 -83.8183 -41.1254 -0.315583 -70.8258 -45.8989 -5.87842 -72.9099 -44.9606 -5.84846 -73.0463 -43.729 -11.4404 -74.4073 -43.4295 -9.74886</float_array>
          <technique_common>
            <accessor source="#C01_MuzzleClosed_Ch-mesh-positions-array" count="94" stride="3">
              <param name="X" type="float"/>
              <param name="Y" type="float"/>
              <param name="Z" type="float"/>
            </accessor>
          </technique_common>
        </source>
        <source id="C01_MuzzleClosed_Ch-mesh-normals">
          <float_array id="C01_MuzzleClosed_Ch-mesh-normals-array" count="273">-0.005737602 -0.03784406 -0.9992672 0.006470024 -0.04535132 -0.9989502 -0.6140871 0.2332316 -0.7539895 -0.6360157 0.2831857 -0.7178371 0.6521546 -0.4209752 0.6304557 0.6168847 -0.3946744 0.6809445 0.8763475 -0.4765511 -0.07010167 0.8594672 -0.5011168 -0.1009863 0.5942083 -0.3537783 -0.7223278 0.5932023 -0.3123643 -0.7419835 0.3155986 -0.2600843 0.9125534 0.3200241 -0.2598098 0.9110891 -0.4195739 0.08856582 0.9033902 -0.3921445 0.08841484 0.9156448 -0.7180847 0.2540718 0.6479212 -0.7115609 0.2311237 0.6635233 -0.9163392 0.3946133 -0.06784415 -0.9275243 0.3661328 -0.07513701 0.3207668 -0.9248314 -0.2044398 -0.39806 -0.9010139 -0.1724021 -0.3977546 -0.9011662 -0.1723105 -0.3974785 -0.9012239 -0.1726456 -0.397457 -0.9012444 -0.1725884 -0.3968779 -0.9014292 -0.172955 -0.3970237 -0.9013832 -0.1728605 -0.3946158 -0.902428 -0.1729229 -0.3945749 -0.9024349 -0.1729794 -0.3969591 -0.9014059 -0.1728895 -0.396968 -0.9013954 -0.1729239 0.6370239 -0.4015085 0.658021 0.328754 -0.2675627 0.9057214 0.2924642 -0.2263904 0.9290921 0.5721741 -0.3681532 0.7328577 0.3434 -0.1614151 -0.9252145 0.5883132 -0.2999399 -0.7509486 0.6207319 -0.3198117 -0.71583 0.3307058 -0.1596457 -0.9301328 0.8701215 -0.4830211 -0.09787374 0.86938 -0.4938369 -0.01742666 -0.3986631 -0.9007019 -0.172638 -0.3982347 -0.9006281 -0.1740069 -0.3971763 -0.9014444 -0.1721891 -0.397215 -0.9014325 -0.1721621 -0.3975678 -0.9010968 -0.1731023 -0.3976323 -0.901074 -0.1730733 -0.3972092 -0.9014342 -0.1721665 -0.397462 -0.9013139 -0.172213 -0.3980697 -0.9011608 -0.1716095 -0.3986148 -0.9007212 -0.1726486 -0.3987593 -0.9006112 -0.1728892 -0.397818 -0.9012021 -0.1719758 -0.4498511 0.1054739 0.8868536 -0.4031612 0.1020874 0.909417 -0.7232422 0.2329524 0.6501184 -0.7334324 0.2092382 0.6467584 -0.6417921 0.2492823 -0.725232 -0.6148137 0.24678 -0.7490687 -0.3398603 0.1508557 -0.9282983 -0.3047035 0.1210696 -0.9447212 -0.9441324 0.3220048 -0.0701934 -0.9357394 0.3359823 -0.1072738 0.2230617 -0.9682385 -0.11295 0.2471426 -0.791662 -0.5587413 0.3864004 -0.920543 -0.05740612 0.07861769 -0.9243072 0.3734645 -0.135352 -0.8488876 0.51095 0.07886201 -0.6742336 -0.7342957 -0.7929375 -0.5736826 -0.2052768 -0.8834529 -0.4533087 -0.1184163 -0.6848462 -0.4402974 -0.5806238 -0.7371864 -0.6030555 0.3047627 -0.5642418 -0.6825652 0.464474 -0.4552294 -0.4614554 -0.7614625 -0.4059078 -0.8954996 -0.1825364 -0.4015444 -0.8976687 -0.1815297 -0.3988879 -0.8983372 -0.1840622 -0.4059632 -0.8954873 -0.1824728 -0.4092885 -0.8932477 -0.1859881 -0.4092857 -0.8932505 -0.1859807 -0.4072729 -0.8937422 -0.1880261 -0.4069982 -0.8938031 -0.1883313 -0.411199 -0.8923872 -0.1859045 -0.4111022 -0.8924123 -0.1859981 -0.4079734 -0.8949 -0.1808639 -0.4079409 -0.8949241 -0.1808181 -0.4079533 -0.8947364 -0.1817162 -0.4078362 -0.8947918 -0.1817067 -0.4054147 -0.8944514 -0.1886686 -0.4071612 -0.8937342 -0.1883055 -0.4133229 -0.8931473 -0.1773476 -0.4152452 -0.8918954 -0.1791481</float_array>
          <technique_common>
            <accessor source="#C01_MuzzleClosed_Ch-mesh-normals-array" count="91" stride="3">
              <param name="X" type="float"/>
              <param name="Y" type="float"/>
              <param name="Z" type="float"/>
            </accessor>
          </technique_common>
        </source>
        <source id="C01_MuzzleClosed_Ch-mesh-map-0">
          <float_array id="C01_MuzzleClosed_Ch-mesh-map-0-array" count="438">0.964433 -0.629144 0.801405 -0.542037 0.762319 -0.609145 0.762319 -0.609145 0.895137 -0.709746 0.964433 -0.629144 0.988322 -0.382291 0.869303 -0.358341 0.854896 -0.414751 0.854896 -0.414751 0.989963 -0.450007 0.988322 -0.382291 0.801405 -0.542037 0.964433 -0.629144 0.991787 -0.526415 0.991787 -0.526415 0.834715 -0.471829 0.801405 -0.542037 0.834715 -0.471829 0.991787 -0.526415 0.989963 -0.450007 0.989963 -0.450007 0.854896 -0.414751 0.834715 -0.471829 0.869303 -0.358341 0.988322 -0.382291 0.991301 -0.317311 0.991301 -0.317311 0.879454 -0.299926 0.869303 -0.358341 0.645731 -0.743178 0.719587 -0.830285 0.774233 -0.788282 0.774233 -0.788282 0.68816 -0.701783 0.645731 -0.743178 0.68816 -0.701783 0.774233 -0.788282 0.831068 -0.751385 0.726577 -0.658078 0.831068 -0.751385 0.895137 -0.709746 0.895137 -0.709746 0.762319 -0.609145 0.726577 -0.658078 0.831068 -0.751385 0.726577 -0.658078 0.68816 -0.701783 0.988322 -0.382291 0.863407 -0.356396 0.989963 -0.450007 0.690774 -0.199446 0.679772 -0.202911 0.711076 -0.245097 0.711076 -0.245097 0.717824 -0.235857 0.690774 -0.199446 0.712171 -0.122491 0.704512 -0.113738 0.679772 -0.150939 0.679772 -0.150939 0.690774 -0.154586 0.712171 -0.122491 0.679772 -0.202911 0.690774 -0.199446 0.690774 -0.154586 0.690774 -0.154586 0.679772 -0.150939 0.679772 -0.202911 0.704512 -0.113738 0.712171 -0.122491 0.752958 -0.105167 0.752958 -0.105167 0.751742 -0.09373897 0.704512 -0.113738 0.978718 -0.09252297 0.972457 -0.02006596 0.81654 -0.02006596 0.81654 -0.02006596 0.81344 -0.07258498 0.978718 -0.09252297 0.97653 -0.297312 0.991787 -0.227408 0.792469 -0.166743 0.792469 -0.166743 0.77478 -0.214947 0.97653 -0.297312 0.989112 -0.157929 0.978718 -0.09252297 0.81344 -0.07258498 0.804626 -0.123768 0.792469 -0.166743 0.991787 -0.227408 0.991787 -0.227408 0.989112 -0.157929 0.804626 -0.123768 0.81344 -0.07258498 0.804626 -0.123768 0.989112 -0.157929 1.71782 -0.235857 1.71107 -0.245097 1.67976 -0.202911 1.67976 -0.202911 1.69077 -0.199446 1.71782 -0.235857 1.67976 -0.150939 1.69077 -0.154586 1.69077 -0.199446 1.69077 -0.199446 1.67976 -0.202911 1.67976 -0.150939 1.69077 -0.154586 1.67976 -0.150939 1.7045 -0.113738 1.7045 -0.113738 1.71216 -0.122491 1.69077 -0.154586 1.71216 -0.122491 1.7045 -0.113738 1.75174 -0.09373897 1.75174 -0.09373897 1.75295 -0.105167 1.71216 -0.122491 1.81653 -0.02006596 1.97245 -0.02006596 1.97871 -0.09252297 1.97871 -0.09252297 1.81343 -0.07258498 1.81653 -0.02006596 1.79246 -0.166743 1.99178 -0.227408 1.97652 -0.297312 1.97652 -0.297312 1.77477 -0.214947 1.79246 -0.166743 1.99178 -0.227408 1.79246 -0.166743 1.80462 -0.123768 1.81343 -0.07258498 1.97871 -0.09252297 1.9891 -0.157929 1.9891 -0.157929 1.80462 -0.123768 1.81343 -0.07258498 1.80462 -0.123768 1.9891 -0.157929 1.99178 -0.227408 1.76037 -0.177502 1.69077 -0.199446 1.69077 -0.154586 1.76037 -0.177502 1.69077 -0.154586 1.71216 -0.122491 1.76037 -0.177502 1.71216 -0.122491 1.75295 -0.105167 1.76037 -0.177502 1.71782 -0.235857 1.69077 -0.199446 0.760374 -0.177502 0.690774 -0.154586 0.690774 -0.199446 0.760374 -0.177502 0.712171 -0.122491 0.690774 -0.154586 0.760374 -0.177502 0.752958 -0.105167 0.712171 -0.122491 0.760374 -0.177502 0.690774 -0.199446 0.717824 -0.235857 0.762319 -0.609145 0.801405 -0.542037 0.795508 -0.540031 0.795508 -0.540031 0.756423 -0.6072 0.762319 -0.609145 0.869303 -0.358341 0.879454 -0.299926 0.873558 -0.297981 0.873558 -0.297981 0.863407 -0.356396 0.869303 -0.358341 0.645731 -0.743178 0.68816 -0.701783 0.682264 -0.699838 0.682264 -0.699838 0.639835 -0.741233 0.645731 -0.743178 0.726577 -0.658078 0.762319 -0.609145 0.756423 -0.6072 0.756423 -0.6072 0.720681 -0.656072 0.726577 -0.658078 0.720681 -0.656072 0.682264 -0.699838 0.68816 -0.701783 0.68816 -0.701783 0.726577 -0.658078 0.720681 -0.656072 0.854896 -0.414751 0.869303 -0.358341 0.863407 -0.356396 0.863407 -0.356396 0.849 -0.412745 0.854896 -0.414751 0.834715 -0.471829 0.854896 -0.414751 0.849 -0.412745 0.801405 -0.542037 0.834715 -0.471829 0.828819 -0.469884 0.849 -0.412745 0.828819 -0.469884 0.834715 -0.471829 0.828819 -0.469884 0.795508 -0.540031 0.801405 -0.542037</float_array>
          <technique_common>
            <accessor source="#C01_MuzzleClosed_Ch-mesh-map-0-array" count="219" stride="2">
              <param name="S" type="float"/>
              <param name="T" type="float"/>
            </accessor>
          </technique_common>
        </source>
        <vertices id="C01_MuzzleClosed_Ch-mesh-vertices">
          <input semantic="POSITION" source="#C01_MuzzleClosed_Ch-mesh-positions"/>
        </vertices>
        <polylist material="mesh_6_material-material" count="73">
          <input semantic="VERTEX" source="#C01_MuzzleClosed_Ch-mesh-vertices" offset="0"/>
          <input semantic="NORMAL" source="#C01_MuzzleClosed_Ch-mesh-normals" offset="1"/>
          <input semantic="TEXCOORD" source="#C01_MuzzleClosed_Ch-mesh-map-0" offset="2" set="0"/>
          <vcount>3 3 3 3 3 3 3 3 3 3 3 3 3 3 3 3 3 3 3 3 3 3 3 3 3 3 3 3 3 3 3 3 3 3 3 3 3 3 3 3 3 3 3 3 3 3 3 3 3 3 3 3 3 3 3 3 3 3 3 3 3 3 3 3 3 3 3 3 3 3 3 3 3 </vcount>
          <p>0 0 0 1 1 1 2 2 2 2 2 3 3 3 4 0 0 5 4 4 6 5 5 7 6 6 8 6 6 9 7 7 10 4 4 11 1 1 12 0 0 13 8 8 14 8 8 15 9 9 16 1 1 17 9 9 18 8 8 19 7 7 20 7 7 21 6 6 22 9 9 23 5 5 24 4 4 25 10 10 26 10 10 27 11 11 28 5 5 29 12 12 30 13 13 31 14 14 32 14 14 33 15 15 34 12 12 35 15 15 36 14 14 37 16 16 38 17 17 39 16 16 40 3 3 41 3 3 42 2 2 43 17 17 44 16 16 45 17 17 46 15 15 47 18 18 48 19 18 49 20 18 50 21 19 51 22 20 52 23 21 53 23 21 54 24 22 55 21 19 56 25 23 57 26 24 58 27 25 59 27 25 60 28 26 61 25 23 62 22 20 63 21 19 64 28 26 65 28 26 66 27 25 67 22 20 68 26 24 69 25 23 70 29 27 71 29 27 72 30 28 73 26 24 74 31 29 75 32 30 76 33 31 77 33 31 78 34 32 79 31 29 80 35 33 81 36 34 82 37 35 83 37 35 84 38 36 85 35 33 86 39 37 87 31 29 88 34 32 89 40 38 90 37 35 91 36 34 92 36 34 93 39 37 94 40 38 95 34 32 96 40 38 97 39 37 98 41 39 99 42 39 100 43 39 101 43 40 102 44 40 103 41 40 104 45 41 105 46 42 106 44 43 107 44 43 108 43 44 109 45 41 110 46 45 111 45 45 112 47 45 113 47 46 114 48 46 115 46 46 116 48 47 117 47 47 118 49 47 119 49 48 120 50 49 121 48 50 122 51 51 123 52 52 124 53 53 125 53 53 126 54 54 127 51 51 128 55 55 129 56 56 130 57 57 131 57 57 132 58 58 133 55 55 134 56 56 135 55 55 136 59 59 137 54 54 138 53 53 139 60 60 140 60 60 141 59 59 142 54 54 143 59 59 144 60 60 145 56 56 146 61 61 147 62 62 148 63 63 149 61 61 150 63 63 151 64 64 152 61 61 153 64 64 154 65 65 155 61 61 156 66 66 157 62 62 158 67 67 159 68 68 160 69 69 161 67 67 162 70 70 163 68 68 164 67 67 165 71 71 166 70 70 167 67 67 168 69 69 169 72 72 170 73 73 171 74 74 172 75 75 173 75 75 174 76 76 175 73 73 176 77 77 177 78 77 178 79 77 179 79 78 180 80 79 181 81 80 182 82 81 183 83 81 184 84 81 185 84 82 186 85 82 187 86 82 188 87 83 189 73 83 190 76 83 191 76 84 192 88 84 193 87 84 194 88 85 195 84 85 196 83 85 197 89 86 198 87 86 199 88 86 200 90 87 201 81 80 202 80 79 203 80 79 204 91 88 205 90 87 206 92 89 207 90 87 208 91 88 209 74 74 210 92 89 211 93 90 212 91 88 213 93 90 214 92 89 215 93 90 216 75 75 217 74 74 218</p>
        </polylist>
      </mesh>
    </geometry>
    <geometry id="C01_Body_Ch-mesh" name="C01_Body_Ch">
      <mesh>
        <source id="C01_Body_Ch-mesh-positions">
          <float_array id="C01_Body_Ch-mesh-positions-array" count="5277">4.99204 -19.4272 -3.05418 12.9391 -12.2696 -10.9254 7.81576 -30.8565 -1.83367 18.8141 8.4618 -13.5044 20.6414 -7.38068 -10.9944 26.4958 8.58247 -7.35699 14.6734 -26.4709 -8.032751 27.1646 0.93533 -6.90533 24.2857 -24.1713 -6.06063 24.2168 17.0502 -8.715411 27.2646 -7.97714 -5.11594 16.4352 -40.0827 -7.39147 9.75685 -40.8205 -2.95075 25.2684 20.5255 1.50376 28.6299 12.8853 1.42446 29.5263 7.17234 1.35551 32.8293 -7.16347 -2.54046 32.5776 -9.01837 3.16559 28.7644 -11.0008 3.50347 27.9507 10.7994 9.76806 28.623 2.56612 10.1577 24.3168 19.4774 8.27862 33.7947 -0.58169 -3.76097 33.0913 -5.52578 7.92005 26.8474 -23.2163 3.39314 23.0549 -4.93277 16.4705 22.5032 -44.8751 -2.90593 34.3842 3.41772 1.61409 27.9024 -6.55666 10.4231 22.124 6.74826 17.5738 34.0464 1.04911 7.19947 20.0829 -26.9881 12.3539 22.7377 -45.5888 2.214 8.35706 -17.2172 15.0776 2.88891 -7.59099 12.5573 4.12321 -21.5682 3.95168 11.0118 -30.891 11.0437 4.99204 -19.4272 -3.05418 3.15094 -7.08072 -3.42654 24.2168 17.0502 -8.715411 19.7726 11.3855 -6.0296 22.5653 17.0398 2.94493 18.8141 8.4618 -13.5044 21.6344 15.4366 8.17174 25.2684 20.5255 1.50376 11.4738 -0.795449 -13.9802 24.3168 19.4774 8.27862 18.9417 11.6303 12.7469 -3.21e-4 70.3078 17.2738 -3.21e-4 62.0504 19.6873 10.9153 71.9972 8.38895 11.3049 69.1907 8.282071 11.8462 75.73801 -0.892433 19.6244 44.2841 4.6171 23.3755 50.3177 2.90011 23.2721 54.6963 9.50258 18.721 59.8542 2.41053 14.1562 47.9491 -7.33631 20.607 61.1471 10.7955 21.6344 15.4366 8.17174 22.5653 17.0398 2.94493 19.6416 22.9597 8.12347 19.552 52.014 -5.16421 21.6068 53.1966 16.7946 20.7173 56.4754 -7.49146 7.59511 49.5798 -11.6598 15.9973 47.7215 -11.2599 18.8038 67.1462 6.55819 15.6008 69.5459 9.4612 14.6872 66.8049 10.4335 19.7726 11.3855 -6.0296 17.1282 18.7913 -4.4195 20.5104 49.9729 -10.0911 20.1863 60.8747 -9.02226 14.1528 13.0611 -8.50855 21.7378 54.5239 -12.7045 19.3899 70.4871 -1.04069 18.3556 69.9527 7.04087 10.6878 6.67931 -10.0118 13.8252 -0.08520996 -4.36433 17.142 61.6505 -14.187 14.0045 68.5943 -11.5426 18.5245 55.903 -16.2212 17.9901 68.4184 -5.57795 19.1175 74.6348 -2.00261 10.1775 58.5406 -16.3039 8.026081 65.7533 -14.1732 14.1459 53.6413 -17.5244 12.4806 49.3385 -14.8145 12.6357 70.7939 8.02349 11.8462 75.73801 -0.892433 11.3049 69.1907 8.282071 15.2009 72.3523 -10.3738 17.504 77.8239 -7.53628 16.6386 73.7866 -9.81525 6.35736 54.2895 -16.4005 -3.21e-4 63.9881 -16.6487 11.8428 73.928 -14.749 12.5771 76.2552 -15.6351 8.71563 80.1443 -9.18776 -3.21e-4 54.0861 -16.5349 -3.21e-4 75.6208 -18.545 6.24358 75.6587 -17.7865 12.6564 80.5649 -14.0181 6.37115 78.2342 -19.9482 6.53319 82.9025 -18.3933 -3.21e-4 81.5958 -12.2356 -3.21e-4 78.8686 -20.4137 -3.21e-4 83.9782 -18.9036 -3.21e-4 78.8686 -20.4137 6.37115 78.2342 -19.9482 -3.21e-4 75.6208 -18.545 6.24358 75.6587 -17.7865 12.5771 76.2552 -15.6351 11.8428 73.928 -14.749 16.6386 73.7866 -9.81525 15.2009 72.3523 -10.3738 19.3899 70.4871 -1.04069 17.9901 68.4184 -5.57795 -3.21e-4 70.3078 17.2738 -10.9159 71.9972 8.38895 -3.21e-4 62.0504 19.6873 -11.3021 69.1907 8.282071 -11.8468 75.73801 -0.892433 -23.3762 50.3177 2.90011 -19.625 44.2841 4.6171 -23.2727 54.6963 9.50258 -18.7217 59.8542 2.41053 -14.1568 47.9491 -7.33631 -20.6076 61.1471 10.7955 -19.5526 52.014 -5.16421 -9.72302 38.7952 -2.58184 -14.5016 36.0094 7.28222 -21.6075 53.1966 16.7946 -20.7179 56.4754 -7.49146 -7.59575 49.5798 -11.6598 -3.21e-4 39.9882 -4.29882 -18.8044 67.1462 6.55819 -15.598 69.5459 9.4612 -18.3562 69.9527 7.04087 -20.5111 49.9729 -10.0911 -19.3906 70.4871 -1.04069 -20.187 60.8747 -9.02226 -14.6878 66.8049 10.4335 -21.7385 54.5239 -12.7045 -15.9979 47.7215 -11.2599 -17.9908 68.4184 -5.57795 -11.3021 69.1907 8.282071 -19.1182 74.6348 -2.00261 -3.21e-4 62.0504 19.6873 -14.9429 52.6863 21.3836 -17.1426 61.6505 -14.187 -14.0051 68.5943 -11.5426 -17.5046 77.8239 -7.53628 -12.6364 70.7939 8.02349 -18.5252 55.903 -16.2212 -15.2015 72.3523 -10.3738 -16.6358 73.7866 -9.81525 -11.8468 75.73801 -0.892433 -8.026721 65.7533 -14.1732 -10.1781 58.5406 -16.3039 -14.1465 53.6413 -17.5244 -12.4812 49.3385 -14.8145 -11.8434 73.928 -14.749 -22.5659 17.0398 2.94493 -17.1254 18.7913 -4.4195 -19.7698 11.3855 -6.0296 -12.5778 76.2552 -15.6351 -8.712821 80.1443 -9.18776 -6.358 54.2895 -16.4005 -6.24422 75.6587 -17.7865 -12.6571 80.5649 -14.0181 -3.21e-4 75.6208 -18.545 -3.21e-4 63.9881 -16.6487 -6.36834 78.2342 -19.9482 -6.53384 82.9025 -18.3933 -10.6884 6.67931 -10.0118 -13.8259 -0.08520895 -4.36433 -3.21e-4 81.5958 -12.2356 -3.21e-4 78.8686 -20.4137 -3.21e-4 83.9782 -18.9036 -3.21e-4 78.8686 -20.4137 -3.21e-4 75.6208 -18.545 -6.36834 78.2342 -19.9482 -6.24422 75.6587 -17.7865 -12.5778 76.2552 -15.6351 -11.8434 73.928 -14.749 -16.6358 73.7866 -9.81525 -15.2015 72.3523 -10.3738 -19.3906 70.4871 -1.04069 -17.9908 68.4184 -5.57795 -4.99268 -19.4272 -3.05418 -12.9398 -12.2696 -10.9254 -11.4745 -0.795449 -13.9802 -7.81296 -30.8565 -1.83367 -14.674 -26.4709 -8.032751 -24.2864 -24.1713 -6.06063 -20.6421 -7.38068 -10.9944 -24.2174 17.0502 -8.715411 -26.493 8.58247 -7.35699 -25.269 20.5255 1.50376 -16.4358 -40.0827 -7.39147 -9.7575 -40.8205 -2.95075 -26.8481 -23.2163 3.39314 -28.765 -11.0008 3.50347 -28.6306 12.8853 1.42446 -27.9514 10.7994 9.76806 -24.3174 19.4774 8.27862 -29.527 7.17234 1.35551 -27.9031 -6.55666 10.4231 -33.092 -5.52578 7.92005 -32.5783 -9.01837 3.16559 -32.8299 -7.16347 -2.54047 -33.7919 -0.58169 -3.76097 -27.1618 0.935331 -6.90534 -22.5039 -44.8751 -2.90593 -21.8695 -40.7033 -4.61602 -23.0555 -4.93277 16.4705 -28.6237 2.56612 10.1577 -34.047 1.04911 7.19947 -34.3849 3.41772 1.61409 -22.7383 -45.5888 2.214 -20.0835 -26.9881 12.3539 -22.5659 17.0398 2.94493 -25.269 20.5255 1.50376 -21.635 15.4366 8.17174 -24.2174 17.0502 -8.715411 -19.7698 11.3855 -6.0296 -18.8148 8.4618 -13.5044 -13.8259 -0.08520895 -4.36433 -11.4745 -0.795449 -13.9802 -3.21e-4 70.3078 17.2738 10.9153 71.9972 8.38895 -3.21e-4 67.1014 -1.27858 11.8462 75.73801 -0.892433 8.71563 80.1443 -9.18776 -3.21e-4 81.5958 -12.2356 7.63648 78.44801 4.986 3.79222 75.5691 10.4093 5.42991 77.5757 5.43422 -3.21e-4 73.9176 8.56134 1.1995 72.0524 16.8498 -3.21e-4 72.0145 16.8739 -3.21e-4 65.3913 7.56493 6.20566 66.2153 5.48248 -3.21e-4 69.77 7.43047 5.65401 72.5144 5.36871 7.80542 72.2317 -0.01325297 9.056961 67.2083 -0.282179 5.63678 68.3978 -4.11609 5.42301 72.5695 -3.03005 -3.21e-4 69.0114 -6.7226 -3.21e-4 73.5177 -5.15387 -3.21e-4 78.27901 -8.73265 5.42991 78.61 -7.3501 5.52645 77.3895 -2.47496 -3.21e-4 85.5056 -13.0492 -3.21e-4 90.2808 -12.2252 6.52285 89.9567 -9.53943 6.68834 86.0159 -10.1876 8.79838 83.0749 -6.00547 7.56408 79.2617 -4.57465 -3.21e-4 94.4732 -9.47392 5.06789 94.2491 -8.543021 9.5362 86.8226 -5.54002 11.7979 80.7821 -3.40241 4.85069 97.3935 -3.91612 11.598 78.7307 -0.485598 7.2262 77.0861 0.262567 8.81906 93.2493 -4.96424 -3.21e-4 98.2692 -3.81269 14.8044 83.1197 -0.006357967 11.9945 79.2272 3.11732 7.63648 78.44801 4.986 6.45045 78.0756 12.6952 3.79222 75.5691 10.4093 10.7808 90.7703 2.24158 10.5257 89.8636 -2.94385 5.38854 97.8314 3.23799 12.8805 82.0716 5.18942 10.8015 79.5651 6.74092 12.5702 84.2954 -4.04369 3.01992 76.2276 16.9911 1.1995 72.0524 16.8498 9.78099 93.4044 2.41397 -3.21e-4 98.74501 3.59311 9.7672 81.4717 7.55804 13.5011 87.1881 -1.7923 1.18571 72.1765 17.8944 7.44685 80.5718 12.9055 4.72656 79.5789 16.2636 5.08169 95.149 10.1749 13.6908 85.4676 4.56882 9.86029 87.7398 8.40619 10.1258 87.7225 6.91675 13.9252 87.5605 1.84509 1.52704 76.1587 17.4979 7.07449 82.7784 12.8676 -3.21e-4 95.5455 10.8196 9.63274 84.8505 7.59596 8.98111 84.3437 8.59926 8.988001 91.8288 8.53031 2.95786 80.5477 16.4084 -3.21e-4 76.4793 17.4221 5.05755 90.3463 14.0778 7.61234 86.7158 11.8402 -3.21e-4 80.5925 17.3773 -3.21e-4 89.8084 15.8706 4.08183 85.5056 15.1845 8.388091 87.1605 12.2332 -3.21e-4 84.0437 16.7946 -3.21e-4 84.0368 18.1703 4.38868 85.7676 16.2223 1.18571 72.1765 17.8944 1.52704 76.1587 17.4979 -3.21e-4 72.14201 17.922 -3.21e-4 76.4793 17.4221 -1.52768 76.1587 17.4979 -2.9585 80.5477 16.4084 -1.18635 72.1765 17.8944 -3.21e-4 80.5925 17.3773 -3.01711 76.2276 16.9911 -4.72721 79.5789 16.2636 -7.07514 82.7784 12.8676 -3.21e-4 84.0437 16.7946 -1.1967 72.0524 16.8498 -7.44749 80.5718 12.9055 -4.08247 85.5056 15.1845 -6.45109 78.0756 12.6952 -3.79286 75.5691 10.4093 -7.61299 86.7158 11.8402 -10.8022 79.5651 6.74092 -7.63712 78.44801 4.986 -9.86093 87.7398 8.40619 -8.98175 84.3437 8.59926 -9.76439 81.4717 7.55804 -7.22684 77.0861 0.262567 -6.56831 76.8551 0.324628 -9.62993 84.8505 7.59596 -10.1264 87.7225 6.91675 -12.8812 82.0716 5.18942 -5.43055 77.5757 5.43422 -10.7815 90.7703 2.24158 -13.6914 85.4676 4.56882 -11.9951 79.2272 3.11732 -7.56127 79.2617 -4.57465 -8.79902 83.0749 -6.00547 -5.43055 78.61 -7.3501 -5.05474 90.3463 14.0778 -8.98864 91.8288 8.53031 -9.78163 93.4044 2.41397 -8.819701 93.2493 -4.96424 -13.9258 87.5605 1.84509 -14.805 83.1197 -0.006357967 -11.5986 78.7307 -0.485598 -6.68898 86.0159 -10.1876 -3.21e-4 85.5056 -13.0492 -3.21e-4 78.27901 -8.73265 -8.388731 87.1605 12.2332 -10.5264 89.8636 -2.94385 -13.5018 87.1881 -1.7923 -11.7986 80.7821 -3.40241 -6.52349 89.9567 -9.53943 -4.38933 85.7676 16.2223 -5.07888 95.149 10.1749 -5.38918 97.8314 3.23799 -9.53684 86.8226 -5.54002 -12.5709 84.2954 -4.04369 -3.21e-4 90.2808 -12.2252 -3.21e-4 84.0368 18.1703 -3.21e-4 89.8084 15.8706 -3.21e-4 95.5455 10.8196 -3.21e-4 98.74501 3.59311 -4.85133 97.3935 -3.91612 -5.06853 94.2491 -8.543021 -3.21e-4 98.2692 -3.81269 -3.21e-4 94.4732 -9.47392 -3.21e-4 72.14201 17.922 -3.21e-4 72.0145 16.8739 1.18571 72.1765 17.8944 1.1995 72.0524 16.8498 -3.21e-4 84.0368 18.1703 -3.21e-4 84.0437 16.7946 4.38868 85.7676 16.2223 4.08183 85.5056 15.1845 7.61234 86.7158 11.8402 8.388091 87.1605 12.2332 9.86029 87.7398 8.40619 -3.21e-4 70.3078 17.2738 -3.21e-4 67.1014 -1.27858 -10.9159 71.9972 8.38895 -11.8468 75.73801 -0.892433 -8.712821 80.1443 -9.18776 -7.63712 78.44801 4.986 -5.43055 77.5757 5.43422 -3.79286 75.5691 10.4093 -3.21e-4 72.0145 16.8739 -1.18635 72.1765 17.8944 -1.1967 72.0524 16.8498 -3.21e-4 72.14201 17.922 -3.21e-4 65.3913 7.56493 -3.21e-4 69.77 7.43047 -6.2063 66.2153 5.48248 -5.65121 72.5144 5.36871 -7.80606 72.2317 -0.01325297 -9.0576 67.2083 -0.282179 -5.42366 72.5695 -3.03005 -5.63397 68.3978 -4.11609 -3.21e-4 73.5177 -5.15387 -3.21e-4 69.0114 -6.7226 -3.21e-4 84.0368 18.1703 -4.38933 85.7676 16.2223 -3.21e-4 84.0437 16.7946 -8.388731 87.1605 12.2332 -7.61299 86.7158 11.8402 -4.08247 85.5056 15.1845 -9.86093 87.7398 8.40619 22.4688 -44.2821 7.10638 16.2628 -50.4571 4.2206 16.2628 -43.2305 8.15105 16.2628 -36.635 14.3881 10.0568 -44.2821 7.10638 16.2628 -36.635 14.3881 16.2628 -36.635 14.3881 16.2628 -46.0577 12.6918 22.4688 -44.2821 7.10638 22.5101 -53.3704 3.17248 16.2628 -60.4969 5.63763 23.7237 -46.0853 1.69684 22.2102 -65.5652 3.56208 16.2628 -71.7194 4.38265 22.3619 -72.8606 2.28641 16.2628 -99.4395 0.896957 23.61 -61.321 3.04836 20.9242 -102.511 -1.39236 24.8408 -68.2268 1.65891 28.5713 -54.5427 2.02093 28.4334 -61.0934 1.94163 28.6472 -52.1154 -3.16796 26.2234 -68.4061 -2.53702 28.4024 -63.4482 -3.15072 24.5167 -76.3601 -2.64735 25.4442 -68.3441 -7.8914 24.3478 -61.4382 -9.10501 22.417 -78.0219 -7.8914 28.5334 -55.2426 -7.97414 22.4584 -55.7839 -9.4291 21.3827 -68.1303 -11.484 16.2628 -65.3652 -13.0492 28.2748 -60.8693 -7.77762 16.2628 -57.4457 -11.8598 16.2628 -75.6706 -10.9599 16.2628 -117.533 10.0404 16.2628 -120.954 20.2355 22.6929 -121.436 10.4748 9.83271 -121.436 10.4748 24.5374 -121.54 0.183269 24.8064 -116.678 -0.964836 16.2628 -110.383 6.5375 21.6413 -124.436 18.2323 16.2628 -124.343 22.3041 25.3649 -124.391 -0.368373 16.2628 -121.519 -14.5801 22.7342 -121.567 -10.9185 20.7311 -127.201 -12.9562 16.2628 -127.201 22.3076 24.6133 -127.201 6.82711 25.4994 -127.201 -0.313209 16.2628 -127.201 -14.6145 12.2427 -111.058 5.52041 7.71923 -116.678 -0.964836 9.74651 -121.54 0.183269 10.8843 -124.436 18.2323 24.6581 -124.529 6.89952 21.6516 -127.201 18.2702 23.2273 -127.201 -9.708371 24.8925 -127.201 -4.32641 8.83975 -124.391 -0.368373 7.86748 -124.529 6.89952 9.22245 -121.66 -4.31262 10.8705 -127.201 18.2702 7.9123 -127.201 6.82711 16.2628 -127.201 22.3076 8.005391 -76.3601 -2.64735 7.08139 -68.3441 -7.8914 10.1085 -78.0219 -7.8914 10.1602 -72.8606 2.28641 16.2628 -99.4395 0.896957 16.2628 -71.7194 4.38265 6.30219 -68.4061 -2.53702 9.35691 -127.201 -4.32641 9.79133 -121.567 -10.9185 9.2983 -127.201 -9.708371 8.69494 -127.201 -0.313209 16.2628 -124.343 22.3041 8.177781 -61.4382 -9.10501 11.1429 -68.1303 -11.484 16.2628 -65.3652 -13.0492 10.3154 -65.5652 3.56208 16.2628 -60.4969 5.63763 4.12321 -63.4482 -3.15072 16.2628 -75.6706 -10.9599 11.7945 -127.201 -12.9562 16.2628 -120.954 20.2355 16.2628 -46.0577 12.6918 10.0154 -53.3704 3.17248 7.68475 -68.2268 1.65891 4.25077 -60.8693 -7.77762 10.0672 -55.7839 -9.4291 16.2628 -57.4457 -11.8598 16.2628 -121.519 -14.5801 16.2628 -112.686 -16.1936 16.2628 -127.201 -14.6145 10.0568 -44.2821 7.10638 8.9156 -61.321 3.04836 3.99219 -55.2426 -7.97414 16.2628 -36.635 14.3881 4.09218 -61.0934 1.94163 3.87841 -52.1154 -3.16796 3.95427 -54.5427 2.02093 7.12621 -51.2259 -3.59893 9.3776 -49.9433 -6.54332 8.157091 -46.6611 -2.30946 16.2628 -121.719 -4.19195 16.2628 -127.201 -4.80565 25.0167 -121.66 -4.31262 24.8925 -127.201 -4.32641 21.6516 -127.201 18.2702 16.2628 -127.201 22.3076 24.6133 -127.201 6.82711 16.2628 -127.201 -0.409746 25.4994 -127.201 -0.313209 24.8925 -127.201 -4.32641 16.2628 -127.201 -4.80565 23.2273 -127.201 -9.708371 16.2628 -127.201 -14.6145 20.7311 -127.201 -12.9562 16.2628 -127.201 -0.409746 16.2628 -124.146 -0.520075 25.4994 -127.201 -0.313209 25.3649 -124.391 -0.368373 16.2628 -99.4395 0.896957 16.2628 -97.1501 6.12721 20.0657 -99.5774 3.63103 12.4599 -99.5774 3.63103 11.598 -102.511 -1.39236 16.2628 -124.146 -0.520075 16.2628 -121.719 -4.19195 25.3649 -124.391 -0.368373 25.0167 -121.66 -4.31262 9.35691 -127.201 -4.32641 16.2628 -127.201 -4.80565 9.22245 -121.66 -4.31262 16.2628 -121.719 -4.19195 10.8705 -127.201 18.2702 7.9123 -127.201 6.82711 16.2628 -127.201 22.3076 16.2628 -127.201 -0.409746 8.69494 -127.201 -0.313209 11.7945 -127.201 -12.9562 16.2628 -127.201 -14.6145 9.2983 -127.201 -9.708371 16.2628 -127.201 -4.80565 9.35691 -127.201 -4.32641 8.83975 -124.391 -0.368373 16.2628 -124.146 -0.520075 8.69494 -127.201 -0.313209 16.2628 -127.201 -0.409746 16.2628 -121.719 -4.19195 16.2628 -124.146 -0.520075 8.83975 -124.391 -0.368373 -22.4728 -44.5338 7.10638 -16.2634 -43.4788 8.15105 -16.2634 -50.7087 4.2206 -16.2634 -36.8866 14.3881 -10.0574 -44.5338 7.10638 -16.2634 -36.8866 14.3881 -8.805911 -46.337 1.69684 -16.2634 -36.8866 14.3881 -22.4728 -44.5338 7.10638 -16.2634 -46.0577 12.6918 -22.5108 -53.3704 3.17248 -23.7209 -46.0853 1.69684 -16.2634 -60.4969 5.63763 -22.2108 -65.5651 3.56208 -16.2634 -71.7194 4.38265 -22.3625 -72.8606 2.28641 -16.2634 -99.4394 0.896957 -23.6106 -61.321 3.04836 -20.9248 -102.511 -1.39236 -24.8415 -68.2268 1.65891 -25.4 -51.2259 -3.59893 -22.4591 -55.7838 -9.4291 -28.6478 -52.1154 -3.16796 -28.5719 -54.5427 2.02093 -28.4306 -61.0934 1.94163 -28.403 -63.4482 -3.15072 -26.2206 -68.4061 -2.53702 -28.534 -55.2425 -7.97414 -24.5174 -76.3601 -2.64735 -24.345 -61.4382 -9.10501 -25.4414 -68.344 -7.8914 -21.3799 -68.1303 -11.484 -16.2634 -65.3652 -13.0492 -28.272 -60.8693 -7.77762 -22.4177 -78.0219 -7.8914 -16.2634 -75.6706 -10.9599 -16.2634 -117.533 10.0404 -22.6935 -121.436 10.4748 -16.2634 -120.954 20.2355 -16.2634 -121.519 -14.5801 -16.2634 -127.201 -14.6145 -20.7317 -127.201 -12.9562 -22.7349 -121.567 -10.9185 -9.833351 -121.436 10.4748 -24.7036 -121.54 0.183269 -24.6898 -124.391 -0.368373 -25.1862 -121.66 -4.31261 -24.6553 -124.529 6.89952 -23.2279 -127.201 -9.708371 -16.2634 -110.383 6.5375 -21.6419 -124.436 18.2323 -16.2634 -124.343 22.3041 -25.0621 -127.201 -4.32641 -24.6139 -127.201 6.82711 -9.74715 -121.54 0.183269 -7.71987 -116.678 -0.964836 -12.2433 -111.058 5.52041 -16.2634 -127.201 22.3076 -10.8849 -124.436 18.2323 -25.6689 -127.201 -0.313209 -21.6523 -127.201 18.2702 -10.8711 -127.201 18.2702 -7.86812 -124.529 6.89952 -8.840391 -124.391 -0.368373 -7.91294 -127.201 6.82711 -16.2634 -124.343 22.3041 -16.2634 -127.201 22.3076 -8.69558 -127.201 -0.313209 -16.2634 -120.954 20.2355 -9.357561 -127.201 -4.32641 -9.29894 -127.201 -9.708371 -9.79197 -121.567 -10.9185 -11.7951 -127.201 -12.9562 -16.2634 -121.519 -14.5801 -16.2634 -112.686 -16.1936 -10.1609 -72.8606 2.28641 -16.2634 -71.7194 4.38265 -16.2634 -99.4394 0.896957 -8.006031 -76.3601 -2.64735 -12.0261 -98.7913 -6.76053 -10.1057 -78.0219 -7.8914 -16.2634 -127.201 -14.6145 -7.68539 -68.2268 1.65891 -10.3126 -65.5651 3.56208 -16.2634 -60.4969 5.63763 -7.08203 -68.344 -7.8914 -6.30283 -68.4061 -2.53702 -4.1204 -63.4482 -3.15072 -10.0161 -53.3704 3.17248 -16.2634 -46.0577 12.6918 -8.91279 -61.321 3.04836 -10.0574 -44.5338 7.10638 -8.178421 -61.4382 -9.10501 -11.1435 -68.1303 -11.484 -16.2634 -65.3652 -13.0492 -3.95146 -54.5427 2.02093 -16.2634 -36.8866 14.3881 -4.09282 -61.0934 1.94163 -16.2634 -57.4457 -11.8598 -4.25141 -60.8693 -7.77762 -3.87906 -52.1154 -3.16796 -10.0643 -55.7838 -9.4291 -3.98938 -55.2425 -7.97414 -9.37824 -50.195 -6.54332 -7.1234 -51.2259 -3.59893 -8.157731 -46.9127 -2.30946 -25.0621 -127.201 -4.32641 -16.2634 -127.201 -4.80564 -25.1862 -121.66 -4.31261 -16.2634 -121.719 -4.19194 -21.6523 -127.201 18.2702 -24.6139 -127.201 6.82711 -16.2634 -127.201 22.3076 -16.2634 -127.201 -0.409746 -25.6689 -127.201 -0.313209 -20.7317 -127.201 -12.9562 -16.2634 -127.201 -14.6145 -23.2279 -127.201 -9.708371 -16.2634 -127.201 -4.80564 -25.0621 -127.201 -4.32641 -24.6898 -124.391 -0.368373 -16.2634 -124.146 -0.520075 -25.6689 -127.201 -0.313209 -16.2634 -127.201 -0.409746 -16.2634 -99.4394 0.896957 -12.4605 -99.5774 3.63103 -11.5986 -102.511 -1.39236 -16.2634 -99.4394 0.896957 -16.2634 -97.1501 6.12721 -16.2634 -121.719 -4.19194 -16.2634 -124.146 -0.520075 -24.6898 -124.391 -0.368373 -16.2634 -121.719 -4.19194 -16.2634 -127.201 -4.80564 -9.223091 -121.66 -4.31261 -9.357561 -127.201 -4.32641 -10.8711 -127.201 18.2702 -16.2634 -127.201 22.3076 -7.91294 -127.201 6.82711 -16.2634 -127.201 -0.409746 -8.69558 -127.201 -0.313209 -9.357561 -127.201 -4.32641 -16.2634 -127.201 -4.80564 -9.29894 -127.201 -9.708371 -16.2634 -127.201 -14.6145 -11.7951 -127.201 -12.9562 -16.2634 -127.201 -0.409746 -16.2634 -124.146 -0.520075 -8.69558 -127.201 -0.313209 -8.840391 -124.391 -0.368373 -16.2634 -124.146 -0.520075 -16.2634 -121.719 -4.19194 -8.840391 -124.391 -0.368373 -9.223091 -121.66 -4.31261 46.548 30.4206 3.67585 39.9938 27.5555 3.62414 46.81 28.1175 -0.1408219 41.8211 25.6662 0.590105 38.5836 24.518 0.521149 42.6554 10.3995 -3.68857 46.6238 10.1926 1.48308 42.1624 19.5464 -0.223569 51.0852 -0.854044 -2.58529 55.3018 1.35943 2.01403 58.7703 -6.95659 1.5279 55.2708 -8.57014 -1.98193 50.475 12.3337 3.50691 45.3792 17.2709 2.15884 62.2146 -5.49129 -2.45427 39.9938 27.5555 3.62414 46.548 30.4206 3.67585 38.0699 31.9583 3.64138 59.1254 3.20743 -1.84057 48.4408 16.8537 3.7586 50.3784 20.5773 1.34172 48.3373 22.4149 0.593552 50.1371 29.1553 0.552179 48.2753 33.2823 -2.91972 61.1872 -6.13257 -5.99858 56.974 14.9436 -2.38876 53.7986 14.4058 1.73821 44.7206 34.9682 3.59311 37.0356 35.7716 2.86218 51.6162 23.1941 -1.09241 59.484 2.69716 -5.14698 31.5743 37.6127 -2.98178 32.1639 40.1916 5.87553 26.151 43.3291 -2.87835 45.5998 43.9152 -2.67838 55.7431 16.3951 -9.31877 58.791 -7.0876 -6.99498 24.2961 55.9617 5.83071 20.4863 55.1273 -2.86456 42.521 38.1609 2.5243 49.4785 26.897 -8.80161 55.257 1.11463 -7.82934 28.4127 44.7082 6.49957 42.5899 40.4019 -8.0362 37.5114 41.9879 7.78559 50.1957 20.6669 -11.5598 56.3293 -8.16675 -6.03305 49.3131 15.0574 -11.6391 53.3987 16.733 -10.9254 28.954 58.251 9.60946 43.5622 43.0705 -9.26705 46.3962 52.0898 -2.95075 42.452 42.5843 5.35147 41.5452 31.3757 -9.02916 39.6076 39.3917 -9.37394 42.8002 29.3001 -11.8701 45.1723 24.0629 -13.2906 40.0248 22.8631 -8.49476 52.3988 -0.347224 -6.95361 55.2708 -8.57014 -1.98193 48.096 17.0743 -11.9908 35.2944 47.8112 9.21641 42.0072 50.328 -12.4493 40.935 50.5004 6.98916 42.452 42.5843 5.35147 37.3735 31.9583 -6.31232 34.9635 37.3334 -8.46373 51.0852 -0.854044 -2.58529 43.6311 18.0294 -11.4495 46.3825 13.8886 -11.4357 34.8876 63.9329 7.32704 39.6973 41.581 -12.3149 35.7806 48.0353 -14.3422 43.5898 10.9718 -9.291191 41.1143 15.216 -10.0497 38.9146 68.1081 -2.13708 35.6323 65.0189 -13.1389 26.0855 55.9755 -14.0112 31.9949 39.9675 -10.8461 31.5743 37.6127 -2.98178 28.2748 44.4772 -11.4943 42.6554 10.3995 -3.68857 20.4863 55.1273 -2.86456 26.151 43.3291 -2.87835 42.8002 29.3001 -11.8701 40.0248 22.8631 -8.49476 43.8794 27.2935 -8.643011 58.4186 -2.82961 3.32073 59.6288 -6.11188 4.79983 62.3008 -1.29191 2.91045 60.6734 -8.39775 5.21356 63.5144 -12.9971 4.4516 66.2657 -10.4423 4.39644 63.7247 -4.10873 4.11027 66.0002 -15.5415 1.76579 58.4186 -2.82961 3.32073 58.5738 -3.15025 -2.91972 59.6288 -6.11188 4.79983 67.0346 -15.7967 -3.36448 67.8482 -13.8004 -3.00936 63.2317 -1.36776 -2.58184 58.3841 -2.91925 -8.12585 59.9149 -6.23256 -6.67779 60.339 -6.70145 -0.275285 65.5348 -14.2279 -8.27755 66.8174 -12.5109 -8.18446 59.4185 -5.58438 -9.442891 62.9662 -12.1765 -9.52909 66.1899 -9.57344 -9.025711 -50.1377 29.1553 0.552181 -46.8106 28.1175 -0.14082 -46.5486 30.4206 3.67586 -36.7638 28.4623 -2.96454 -37.0328 35.7715 2.86218 -38.0705 31.9583 3.64138 -31.575 37.6127 -2.98178 -39.9944 27.5555 3.62414 -46.5486 30.4206 3.67586 -32.1645 40.1916 5.87553 -26.1516 43.329 -2.87834 -48.4414 16.8537 3.7586 -44.2386 20.9048 1.02108 -48.3345 22.4149 0.593554 -50.1377 29.1553 0.552181 -51.272 29.2656 -4.37812 -51.2617 26.7625 -1.22342 -44.7178 34.9682 3.59311 -24.2933 55.9617 5.83071 -28.4134 44.7082 6.49958 -48.2725 33.2823 -2.91972 -42.5216 38.1608 2.5243 -20.4869 55.1273 -2.86455 -28.9512 58.251 9.60946 -35.2951 47.8111 9.21641 -44.9557 34.2752 -6.06408 -45.597 43.9152 -2.67837 -37.512 41.9879 7.78559 -34.8883 63.9329 7.32704 -48.3794 28.7726 -8.47751 -42.5906 40.4019 -8.0362 -42.4492 42.5843 5.35147 -40.9322 50.5004 6.98916 -46.3935 52.0898 -2.95075 -42.4492 42.5843 5.35147 -43.5594 43.0705 -9.26705 -41.5459 31.3756 -9.02916 -38.9118 68.1081 -2.13708 -42.0079 50.328 -12.4493 -39.6082 39.3917 -9.37394 -35.633 65.0189 -13.1389 -35.7812 48.0352 -14.3422 -39.6979 41.581 -12.3149 -37.3741 31.9583 -6.31232 -39.3255 24.6353 -8.601631 -26.0861 55.9754 -14.0112 -28.2754 44.4771 -11.4943 -31.9956 39.9675 -10.8461 -34.9641 37.3334 -8.46372 -37.2672 23.1389 -3.67823 -38.9463 21.3599 -1.77161 -38.6739 19.2085 -3.80924 -20.4869 55.1273 -2.86455 -36.7638 28.4623 -2.96454 -31.575 37.6127 -2.98178 -26.1516 43.329 -2.87834 -48.4414 16.8537 3.7586 -42.1734 13.0163 -3.37138 -39.9703 17.1019 -3.37138 -57.3022 20.0911 -4.36778 -48.4414 16.8537 3.7586 -50.2032 22.8872 -0.651089 -42.1734 13.0163 -3.37138 -45.8349 13.9437 -11.4495 -43.6318 18.0293 -11.4495 -48.0966 17.0743 -11.9908 -49.1379 15.1436 -11.9908 30.8124 51.8312 9.102641 36.0633 52.5587 10.7162 28.4575 54.1309 11.5575 34.4015 57.2373 14.8363 37.5631 55.4583 13.3572 26.7371 64.91901 18.3633 22.517 57.4649 11.7333 44.9034 57.1856 11.8746 19.3106 62.1918 11.323 24.5098 59.4163 7.6201 49.1614 57.489 8.030381 52.0402 66.4222 9.830121 36.4943 62.3228 17.1773 20.8621 63.6019 18.3323 22.6618 68.8873 14.7087 53.7503 57.3649 -3.62306 46.5686 67.8013 14.888 36.3322 75.8277 17.4428 32.5673 68.6184 18.5667 19.7106 74.85201 11.7574 27.1095 70.9043 16.9118 56.8568 66.3877 -3.62306 41.3901 69.9286 17.4049 32.2397 63.4916 21.618 27.0405 80.7442 13.5571 18.5831 79.8374 6.55129 25.9234 65.112 21.6491 55.6707 70.0734 10.8886 51.8713 72.2765 10.3921 52.092 69.901 15.319 46.6445 71.9662 14.819 22.8411 83.5886 8.550991 16.9213 82.53701 -3.62306 60.7734 70.0596 3.66206 39.3008 80.7408 14.9707 23.4962 88.9568 -3.62306 35.1221 81.3269 14.9845 62.8214 69.7941 -3.62306 56.7982 73.1108 -3.62306 47.8891 81.7785 9.74047 35.8599 85.9573 10.8576 39.3008 80.7408 14.9707 38.5078 86.3675 15.3465 51.7541 83.8162 -3.62306 38.5078 86.3675 15.3465 36.6356 91.9908 -3.62306 51.8713 72.2765 -17.6382 47.8891 81.7785 -16.9866 42.8968 90.2601 -3.62306 40.4902 85.07801 11.0575 35.8599 85.9573 -18.1037 55.6707 70.0734 -18.1347 52.0402 66.4222 -17.0762 62.8214 69.7941 -3.62306 60.7734 70.0596 -10.9082 46.6445 71.9662 -22.0652 40.2489 94.5939 4.24474 38.6698 89.2602 11.2782 22.8411 83.5886 -15.7971 56.8568 66.3877 -3.62306 53.7503 57.3649 -3.62306 40.4902 85.07801 -18.3037 46.5686 67.8013 -22.1341 40.5006 96.7763 -3.62306 35.1221 81.3269 -22.2307 49.1614 57.489 -15.2765 39.3007 80.7408 -22.2169 44.9034 57.1856 -19.1208 38.6698 89.2602 -18.5243 40.2489 94.5939 -11.4909 16.9213 82.53701 -3.62306 23.4962 88.9568 -3.62306 52.092 69.901 -22.5651 41.3901 69.9286 -24.651 38.5078 86.3675 -22.5927 18.5831 79.8374 -13.7974 36.3322 75.8277 -24.6889 36.4943 62.3228 -24.4234 34.4015 57.2373 -22.0824 27.0405 80.7442 -20.8033 36.0633 52.5587 -17.9623 29.0161 54.1171 -18.8036 37.5631 55.4583 -20.6033 32.5673 68.6184 -25.8129 19.7106 74.85201 -19.0001 30.8124 51.8312 -16.3488 26.7371 64.91901 -25.606 32.2397 63.4916 -28.8642 38.5078 86.3675 -22.5927 39.3007 80.7408 -22.2169 27.1095 70.9043 -24.158 22.6618 68.8873 -21.9548 22.7274 58.0407 -18.9794 25.9234 65.112 -28.8952 20.8621 63.6019 -25.575 19.3106 62.1918 -18.5691 24.5098 59.4163 -14.8662 35.8599 85.9573 10.8576 38.6698 89.2602 11.2782 36.6356 91.9908 -3.62306 40.2489 94.5939 4.24474 40.5006 96.7763 -3.62306 40.2489 94.5939 -11.4909 38.6698 89.2602 -18.5243 35.8599 85.9573 -18.1037 36.6356 91.9908 -3.62306 62.8214 69.7941 -3.62306 60.7734 70.0596 3.66206 56.8568 66.3877 -3.62306 55.6707 70.0734 10.8886 52.0402 66.4222 9.830121 37.5631 55.4583 13.3572 36.0633 52.5587 10.7162 46.2411 57.5614 5.38595 39.9627 52.1346 -3.62306 30.8124 51.8312 9.102641 50.0681 58.3786 -3.62306 26.3751 50.4142 -3.62306 46.2411 57.5614 -12.6321 30.8124 51.8312 -16.3488 36.0633 52.5587 -17.9623 37.5631 55.4583 -20.6033 53.7503 57.3649 -3.62306 49.1614 57.489 8.030381 50.0681 58.3786 -3.62306 46.2411 57.5614 5.38595 44.9034 57.1856 11.8746 37.5631 55.4583 13.3572 52.092 69.901 15.319 46.5686 67.8013 14.888 46.6445 71.9662 14.819 41.3901 69.9286 17.4049 46.5686 67.8013 14.888 52.092 69.901 15.319 35.1221 81.3269 14.9845 36.3322 75.8277 17.4428 38.5078 86.3675 15.3465 36.4943 62.3228 17.1773 32.2397 63.4916 21.618 26.7371 64.91901 18.3633 25.9234 65.112 21.6491 20.8621 63.6019 18.3323 19.3106 62.1918 11.323 62.8214 69.7941 -3.62306 56.8568 66.3877 -3.62306 60.7734 70.0596 -10.9082 55.6707 70.0734 -18.1347 52.0402 66.4222 -17.0762 53.7503 57.3649 -3.62306 50.0681 58.3786 -3.62306 49.1614 57.489 -15.2765 46.2411 57.5614 -12.6321 44.9034 57.1856 -19.1208 37.5631 55.4583 -20.6033 52.092 69.901 -22.5651 46.6445 71.9662 -22.0652 46.5686 67.8013 -22.1341 41.3901 69.9286 -24.651 52.092 69.901 -22.5651 46.5686 67.8013 -22.1341 35.1221 81.3269 -22.2307 38.5078 86.3675 -22.5927 36.3322 75.8277 -24.6889 36.4943 62.3228 -24.4234 26.7371 64.91901 -25.606 32.2397 63.4916 -28.8642 25.9234 65.112 -28.8952 20.8621 63.6019 -25.575 19.3106 62.1918 -18.5691 -30.813 51.8312 9.102641 -28.4582 54.1309 11.5575 -36.0605 52.5587 10.7162 -34.4021 57.2373 14.8363 -26.7343 64.91901 18.3633 -22.5177 57.4649 11.7333 -37.5637 55.4583 13.3572 -24.5105 59.4163 7.6201 -19.3113 62.1918 11.323 -44.904 57.1856 11.8746 -22.6625 68.8873 14.7087 -20.8628 63.6019 18.3323 -36.4949 62.3228 17.1773 -19.7112 74.85201 11.7574 -27.1066 70.9043 16.9118 -25.9241 65.112 21.649 -41.3873 69.9285 17.4049 -36.3294 75.8277 17.4428 -46.5693 67.8013 14.888 -52.0409 66.4222 9.830121 -27.0411 80.7442 13.5571 -18.5838 79.8374 6.55129 -32.5679 68.6184 18.5667 -46.6451 71.9662 14.819 -52.0926 69.901 15.319 -56.854 66.3877 -3.62306 -53.751 57.3649 -3.62306 -16.9219 82.53701 -3.62306 -22.8418 83.5886 8.550991 -32.2404 63.4916 21.618 -51.8685 72.2765 10.3921 -49.162 57.489 8.030381 -39.3014 80.7407 14.9707 -23.4968 88.9567 -3.62306 -35.1227 81.3269 14.9845 -47.8863 81.7785 9.74047 -56.7988 73.1108 -3.62306 -55.6714 70.0734 10.8886 -36.6328 91.9907 -3.62306 -35.8605 85.9573 10.8575 -38.5084 86.3675 15.3465 -39.3014 80.7407 14.9707 -51.7547 83.8161 -3.62306 -38.5084 86.3675 15.3465 -60.7741 70.0596 3.66206 -35.8605 85.9573 -18.1037 -42.8974 90.26 -3.62306 -38.6705 89.2602 11.2782 -40.4909 85.07801 11.0575 -62.822 69.7941 -3.62306 -22.8418 83.5886 -15.7971 -47.8863 81.7785 -16.9866 -40.2495 94.5938 4.24474 -16.9219 82.53701 -3.62306 -18.5838 79.8374 -13.7974 -35.1227 81.3269 -22.2306 -51.8685 72.2765 -17.6382 -40.5012 96.7763 -3.62306 -23.4968 88.9567 -3.62306 -27.0411 80.7442 -20.8033 -19.7112 74.85201 -19.0001 -40.4909 85.07801 -18.3036 -38.6705 89.2602 -18.5243 -60.7741 70.0596 -10.9082 -62.822 69.7941 -3.62306 -46.6451 71.9662 -22.0652 -40.2495 94.5938 -11.4909 -22.6625 68.8873 -21.9548 -39.3014 80.7407 -22.2169 -38.5084 86.3675 -22.5927 -55.6714 70.0734 -18.1347 -19.3113 62.1918 -18.5691 -36.3294 75.8277 -24.6889 -52.0409 66.4222 -17.0762 -24.5105 59.4163 -14.8662 -22.728 58.0407 -18.9794 -20.8628 63.6019 -25.575 -27.1066 70.9043 -24.1579 -41.3873 69.9285 -24.651 -52.0926 69.901 -22.5651 -46.5693 67.8013 -22.1341 -29.0167 54.1171 -18.8036 -26.7343 64.91901 -25.606 -25.9241 65.112 -28.8952 -49.162 57.489 -15.2765 -53.751 57.3649 -3.62306 -32.5679 68.6184 -25.8129 -36.4949 62.3228 -24.4234 -44.904 57.1856 -19.1208 -30.813 51.8312 -16.3488 -36.0605 52.5587 -17.9623 -34.4021 57.2373 -22.0824 -56.854 66.3877 -3.62306 -32.2404 63.4916 -28.8641 -39.3014 80.7407 -22.2169 -38.5084 86.3675 -22.5927 -37.5637 55.4583 -20.6033 -35.8605 85.9573 10.8575 -36.6328 91.9907 -3.62306 -38.6705 89.2602 11.2782 -40.2495 94.5938 4.24474 -40.5012 96.7763 -3.62306 -38.6705 89.2602 -18.5243 -40.2495 94.5938 -11.4909 -36.6328 91.9907 -3.62306 -35.8605 85.9573 -18.1037 -62.822 69.7941 -3.62306 -56.854 66.3877 -3.62306 -60.7741 70.0596 3.66206 -55.6714 70.0734 10.8886 -52.0409 66.4222 9.830121 -37.5637 55.4583 13.3572 -46.2417 57.5614 5.38595 -36.0605 52.5587 10.7162 -39.9599 52.1346 -3.62306 -50.0688 58.3785 -3.62306 -30.813 51.8312 9.102641 -46.2417 57.5614 -12.6321 -26.3757 50.4142 -3.62306 -36.0605 52.5587 -17.9623 -37.5637 55.4583 -20.6033 -30.813 51.8312 -16.3488 -53.751 57.3649 -3.62306 -50.0688 58.3785 -3.62306 -49.162 57.489 8.030381 -46.2417 57.5614 5.38595 -44.904 57.1856 11.8746 -37.5637 55.4583 13.3572 -52.0926 69.901 15.319 -46.6451 71.9662 14.819 -46.5693 67.8013 14.888 -41.3873 69.9285 17.4049 -52.0926 69.901 15.319 -46.5693 67.8013 14.888 -35.1227 81.3269 14.9845 -38.5084 86.3675 15.3465 -36.3294 75.8277 17.4428 -36.4949 62.3228 17.1773 -26.7343 64.91901 18.3633 -32.2404 63.4916 21.618 -25.9241 65.112 21.649 -20.8628 63.6019 18.3323 -19.3113 62.1918 11.323 -62.822 69.7941 -3.62306 -60.7741 70.0596 -10.9082 -56.854 66.3877 -3.62306 -55.6714 70.0734 -18.1347 -52.0409 66.4222 -17.0762 -53.751 57.3649 -3.62306 -49.162 57.489 -15.2765 -50.0688 58.3785 -3.62306 -46.2417 57.5614 -12.6321 -44.904 57.1856 -19.1208 -37.5637 55.4583 -20.6033 -52.0926 69.901 -22.5651 -46.5693 67.8013 -22.1341 -46.6451 71.9662 -22.0652 -41.3873 69.9285 -24.651 -46.5693 67.8013 -22.1341 -52.0926 69.901 -22.5651 -35.1227 81.3269 -22.2306 -36.3294 75.8277 -24.6889 -38.5084 86.3675 -22.5927 -36.4949 62.3228 -24.4234 -32.2404 63.4916 -28.8641 -26.7343 64.91901 -25.606 -25.9241 65.112 -28.8952 -20.8628 63.6019 -25.575 -19.3113 62.1918 -18.5691 32.5776 -9.01837 3.16559 32.8293 -7.16347 -2.54046 32.5742 -2.88479 2.43811 33.0913 -5.52578 7.92005 33.7947 -0.58169 -3.76097 34.0464 1.04911 7.19947 34.3842 3.41772 1.61409 14.1459 53.6413 -17.5244 18.5245 55.903 -16.2212 15.6939 53.0276 -12.1839 12.4806 49.3385 -14.8145 21.7378 54.5239 -12.7045 15.9973 47.7215 -11.2599 20.5104 49.9729 -10.0911 -18.5252 55.903 -16.2212 -14.1465 53.6413 -17.5244 -15.6945 53.0276 -12.1839 -21.7385 54.5239 -12.7045 -12.4812 49.3385 -14.8145 -20.5111 49.9729 -10.0911 -15.9979 47.7215 -11.2599 -32.8299 -7.16347 -2.54047 -32.5783 -9.01837 3.16559 -32.5748 -2.88479 2.43811 -33.7919 -0.58169 -3.76097 -33.092 -5.52578 7.92005 -34.3849 3.41772 1.61409 -34.047 1.04911 7.19947 28.2748 -60.8693 -7.77762 28.5334 -55.2426 -7.97414 27.899 -58.3593 -3.42309 28.4024 -63.4482 -3.15072 28.6472 -52.1154 -3.16796 28.4334 -61.0934 1.94163 28.5713 -54.5427 2.02093 3.99219 -55.2426 -7.97414 4.25077 -60.8693 -7.77762 4.62658 -58.3593 -3.42309 3.87841 -52.1154 -3.16796 4.12321 -63.4482 -3.15072 4.09218 -61.0934 1.94163 3.95427 -54.5427 2.02093 -28.534 -55.2425 -7.97414 -28.272 -60.8693 -7.77762 -27.8996 -58.3593 -3.42309 -28.6478 -52.1154 -3.16796 -28.403 -63.4482 -3.15072 -28.5719 -54.5427 2.02093 -28.4306 -61.0934 1.94163 -4.25141 -60.8693 -7.77762 -3.98938 -55.2425 -7.97414 -4.62722 -58.3593 -3.42309 -4.1204 -63.4482 -3.15072 -3.87906 -52.1154 -3.16796 -4.09282 -61.0934 1.94163 -3.95146 -54.5427 2.02093 58.7703 -6.95659 1.5279 58.5151 -6.48079 -1.93021 62.2146 -5.49129 -2.45427 55.2708 -8.57014 -1.98193 61.1872 -6.13257 -5.99858 56.3293 -8.16675 -6.03305 58.791 -7.0876 -6.99498 19.7106 74.85201 11.7574 18.5831 79.8374 6.55129 19.1382 68.6391 6.29271 19.3106 62.1918 11.323 16.9213 82.53701 -3.62306 24.5098 59.4163 7.6201 16.5421 67.3565 -3.62306 19.1382 68.6391 -13.5388 21.7482 54.5791 -3.62306 18.5831 79.8374 -13.7974 28.4575 54.1309 11.5575 24.5098 59.4163 -14.8662 19.7106 74.85201 -19.0001 30.8124 51.8312 9.102641 29.0161 54.1171 -18.8036 19.3106 62.1918 -18.5691 26.3751 50.4142 -3.62306 30.8124 51.8312 -16.3488 -18.5838 79.8374 6.55129 -19.7112 74.85201 11.7574 -19.1389 68.6391 6.29271 -16.9219 82.53701 -3.62306 -19.3113 62.1918 11.323 -16.5427 67.3565 -3.62306 -24.5105 59.4163 7.6201 -19.1389 68.6391 -13.5388 -21.7488 54.5791 -3.62306 -18.5838 79.8374 -13.7974 -28.4582 54.1309 11.5575 -24.5105 59.4163 -14.8662 -19.7112 74.85201 -19.0001 -30.813 51.8312 9.102641 -29.0167 54.1171 -18.8036 -19.3113 62.1918 -18.5691 -26.3757 50.4142 -3.62306 -30.813 51.8312 -16.3488 3.15094 -7.08072 -3.42654 11.4738 -0.795449 -13.9802 8.96732 -44.8958 -0.654538 11.0567 -45.0406 -2.95764 9.23624 -52.6981 -3.07487 21.8688 -40.7033 -4.61602 16.3179 -53.329 -6.68123 16.0835 -40.8205 -4.97803 20.769 14.5712 15.4362 15.9008 -44.4062 -5.10215 22.7584 -52.5602 -3.55066 21.1276 -44.6958 -3.00591 18.1935 0.54918 18.7771 14.2217 7.55159 17.3738 15.2974 -12.0593 16.8222 17.9729 -46.5335 7.03743 21.5517 -51.9396 2.71393 7.13655 -3.05029 16.7118 18.1108 -50.9604 6.10653 11.4807 -44.3614 5.66177 7.18137 -33.0114 4.30335 12.1944 -50.888 4.74811 7.81576 -30.8565 -1.83367 1.03056 -9.34246 3.03112 8.96732 -44.8958 -0.654538 9.23624 -52.6981 -3.07487 25.2684 20.5255 1.50376 13.8252 -0.08520996 -4.36433 5.63333 -7.23242 1.93129 3.15094 -7.08072 -3.42654 20.769 14.5712 15.4362 15.1526 6.72413 14.988 14.2217 7.55159 17.3738 7.86748 -2.16076 15.4431 7.13655 -3.05029 16.7118 3.15094 -7.08072 -3.42654 1.03056 -9.34246 3.03112 5.63333 -7.23242 1.93129 4.31973 -7.81165 5.13771 2.88891 -7.59099 12.5573 7.13655 -3.05029 16.7118 7.86748 -2.16076 15.4431 4.91619 43.629 20.4389 16.1766 46.4631 14.7777 -3.21e-4 49.1144 30.7098 21.6068 53.1966 16.7946 14.9423 52.6863 21.3836 23.2721 54.6963 9.50258 4.91619 43.629 20.4389 9.915451 31.4963 14.6846 16.1766 46.4631 14.7777 14.0045 31.8101 8.1545 14.501 36.0094 7.28222 9.78788 14.5195 17.0566 18.9417 11.6303 12.7469 14.37 19.3878 14.5398 5.85054 6.79653 17.4014 15.1526 6.72413 14.988 -3.21e-4 39.9882 -4.29882 2.52344 -3.23646 12.2608 7.86748 -2.16076 15.4431 -3.21e-4 48.8627 -11.153 14.9423 52.6863 21.3836 4.31973 -7.81165 5.13771 19.7519 22.5011 3.20696 12.8426 24.7387 -0.775209 -3.21e-4 62.0504 19.6873 -3.21e-4 49.1144 30.7098 2.32347 -5.09826 5.56523 9.36381 14.6092 -8.94986 11.5325 19.9877 -5.67104 5.76434 -1.71945 -5.16421 5.63333 -7.23242 1.93129 6.48148 6.99995 -10.591 -3.21e-4 14.623 -8.66714 3.23024 -3.75018 -0.502836 3.47847 -1.74703 -5.6469 4.31973 -7.81165 5.13771 -3.21e-4 -1.63325 -5.63311 -3.21e-4 7.20682 -10.2669 2.32347 -5.09826 5.56523 -3.21e-4 -6.17051 5.42042 -3.21e-4 -3.98118 -0.06152099 -3.21e-4 54.0861 -16.5349 6.35736 54.2895 -16.4005 -3.21e-4 48.8627 -11.153 7.59511 49.5798 -11.6598 10.1775 58.5406 -16.3039 -3.21e-4 49.1144 30.7098 -16.1738 46.4631 14.7777 -4.91683 43.629 20.4389 -14.9429 52.6863 21.3836 -21.6075 53.1966 16.7946 -23.2727 54.6963 9.50258 -4.91683 43.629 20.4389 -16.1738 46.4631 14.7777 -9.91609 31.4963 14.6846 -3.21e-4 32.4307 20.925 -14.0051 31.8101 8.1545 -3.21e-4 48.8627 -11.153 -3.21e-4 49.1144 30.7098 -19.7526 22.5011 3.20696 -12.8433 24.7387 -0.775209 -19.6422 22.9597 8.12347 -18.9423 11.6303 12.7469 -15.1498 6.72413 14.988 -9.78853 14.5195 17.0566 -3.21e-4 54.0861 -16.5349 -14.1534 13.0611 -8.50855 -9.361001 14.6092 -8.94986 -2.52409 -3.23646 12.2608 -2.32411 -5.09826 5.56523 -3.21e-4 -6.17051 5.42042 -6.48212 6.99995 -10.591 -3.47912 -1.74703 -5.6469 -5.76498 -1.71945 -5.16421 -3.21e-4 -1.63325 -5.63311 -5.63397 -7.23242 1.93129 -3.23088 -3.75018 -0.502836 -4.31692 -7.81165 5.13771 -2.32411 -5.09826 5.56523 -3.21e-4 54.0861 -16.5349 -3.21e-4 48.8627 -11.153 -6.358 54.2895 -16.4005 -7.59575 49.5798 -11.6598 -10.1781 58.5406 -16.3039 -3.14813 -7.08072 -3.42654 -18.8148 8.4618 -13.5044 -8.96796 -44.8958 -0.654538 -27.2618 -7.97714 -5.11594 -11.0573 -45.0406 -2.95764 -9.23688 -52.6981 -3.07487 -16.3186 -53.329 -6.68123 -16.0841 -40.8205 -4.97803 -15.898 -44.4062 -5.10215 -20.7697 14.5712 15.4362 -22.759 -52.5602 -3.55066 -21.1248 -44.6958 -3.00591 -22.1246 6.74826 17.5738 -18.1942 0.54918 18.7771 -14.2224 7.55159 17.3738 -21.5523 -51.9396 2.71393 -15.2946 -12.0593 16.8222 -17.9735 -46.5335 7.03743 -7.13375 -3.05029 16.7118 -18.1114 -50.9604 6.10653 -11.0125 -30.891 11.0437 -8.3577 -17.2172 15.0776 -11.4814 -44.3614 5.66177 -2.88955 -7.59099 12.5573 -12.1951 -50.888 4.74811 -7.18201 -33.0114 4.30335 -4.12385 -21.5682 3.95168 -1.0312 -9.34246 3.03112 -8.96796 -44.8958 -0.654538 -4.99268 -19.4272 -3.05418 -3.14813 -7.08072 -3.42654 -9.23688 -52.6981 -3.07487 -7.81296 -30.8565 -1.83367 -25.269 20.5255 1.50376 -24.3174 19.4774 8.27862 -18.9423 11.6303 12.7469 -20.7697 14.5712 15.4362 -5.63397 -7.23242 1.93129 -15.1498 6.72413 14.988 -3.14813 -7.08072 -3.42654 -14.2224 7.55159 17.3738 -4.31692 -7.81165 5.13771 -1.0312 -9.34246 3.03112 -5.63397 -7.23242 1.93129 -3.14813 -7.08072 -3.42654 -2.32411 -5.09826 5.56523 -2.52409 -3.23646 12.2608 -4.31692 -7.81165 5.13771 -7.86467 -2.16076 15.4431 -5.85118 6.79653 17.4014 -15.1498 6.72413 14.988 -15.1498 6.72413 14.988 -14.2224 7.55159 17.3738 -7.86467 -2.16076 15.4431 -7.13375 -3.05029 16.7118 -7.13375 -3.05029 16.7118 -2.88955 -7.59099 12.5573 -7.86467 -2.16076 15.4431 -4.31692 -7.81165 5.13771 -1.0312 -9.34246 3.03112 -3.21e-4 73.9176 8.56134 6.56767 76.8551 0.324628 5.42991 77.5757 5.43422 5.52645 77.3895 -2.47496 -3.21e-4 77.7412 -5.86411 -3.21e-4 77.7412 -5.86411 6.56767 76.8551 0.324628 5.42991 77.5757 5.43422 -5.52364 77.3895 -2.47496 -3.21e-4 77.7412 -5.86411 -3.21e-4 81.5958 -12.2356 -3.21e-4 73.9176 8.56134 -3.21e-4 73.9176 8.56134 -5.43055 77.5757 5.43422 -6.56831 76.8551 0.324628 -5.52364 77.3895 -2.47496 -3.21e-4 77.7412 -5.86411 16.2628 -52.543 -9.83594 23.148 -49.9433 -6.54332 23.7237 -46.0853 1.69684 24.3685 -46.6611 -2.30946 8.80182 -46.0853 1.69684 9.3776 -49.9433 -6.54332 8.157091 -46.6611 -2.30946 16.2628 -50.4571 4.2206 16.2628 -52.543 -9.83594 23.0721 -104.394 -1.94055 20.5001 -98.7913 -6.76053 25.3994 -51.2259 -3.59893 20.2794 -111.058 5.52041 24.7064 -111.289 -3.23002 24.3685 -46.6611 -2.30946 21.3345 -107.686 -7.97759 16.2628 -97.1501 6.12721 16.2628 -110.383 6.5375 23.7237 -46.0853 1.69684 23.148 -49.9433 -6.54332 16.2628 -104.425 -11.3219 16.2628 -93.9058 -9.70492 20.0657 -99.5774 3.63103 25.5649 -113.141 -8.0431 16.2628 -52.543 -9.83594 16.2628 -112.686 -16.1936 16.2628 -84.7347 -10.0187 21.2207 -114.627 -12.1046 25.751 -118.743 -4.92287 25.0167 -121.66 -4.31262 16.2628 -97.1501 6.12721 12.4599 -99.5774 3.63103 9.453451 -104.394 -1.94055 6.77109 -118.743 -4.92287 11.598 -102.511 -1.39236 12.0255 -98.7913 -6.76053 7.81921 -111.289 -3.23002 16.2628 -99.4395 0.896957 11.1911 -107.686 -7.97759 11.3015 -114.627 -12.1046 6.96072 -113.141 -8.0431 16.2628 -104.425 -11.3219 16.2628 -93.9058 -9.70492 16.2628 -84.7347 -10.0187 16.2628 -52.543 -9.83594 8.80182 -46.0853 1.69684 8.80182 -46.0853 1.69684 23.0721 -104.394 -1.94055 20.9242 -102.511 -1.39236 9.453451 -104.394 -1.94055 9.22245 -121.66 -4.31262 -16.2634 -52.5429 -9.83594 -23.1486 -49.9433 -6.54332 -24.3691 -46.6611 -2.30946 -23.7209 -46.0853 1.69684 -9.37824 -50.195 -6.54332 -8.157731 -46.9127 -2.30946 -16.2634 -52.5429 -9.83594 -16.2634 -50.7087 4.2206 -24.3691 -46.6611 -2.30946 -23.1486 -49.9433 -6.54332 -16.2634 -52.5429 -9.83594 -16.2634 -57.4457 -11.8598 -20.5007 -98.7913 -6.76053 -23.0693 -104.394 -1.94055 -24.707 -111.289 -3.23002 -20.2801 -111.058 5.52041 -21.3351 -107.686 -7.97759 -20.0663 -99.5774 3.63103 -16.2634 -97.1501 6.12721 -25.5655 -113.141 -8.0431 -16.2634 -110.383 6.5375 -16.2634 -104.425 -11.3219 -16.2634 -84.7347 -10.0187 -24.807 -116.678 -0.964836 -21.2213 -114.627 -12.1046 -16.2634 -112.686 -16.1936 -16.2634 -93.9058 -9.70492 -25.7517 -118.743 -4.92287 -16.2634 -97.1501 6.12721 -9.223091 -121.66 -4.31261 -6.77173 -118.743 -4.92287 -12.4605 -99.5774 3.63103 -11.3021 -114.627 -12.1046 -6.96136 -113.141 -8.0431 -9.454091 -104.394 -1.94055 -7.8164 -111.289 -3.23002 -11.5986 -102.511 -1.39236 -11.1918 -107.686 -7.97759 -16.2634 -99.4394 0.896957 -16.2634 -104.425 -11.3219 -16.2634 -93.9058 -9.70492 -16.2634 -84.7347 -10.0187 -16.2634 -75.6706 -10.9599 -8.805911 -46.337 1.69684 -16.2634 -52.5429 -9.83594 -8.805911 -46.337 1.69684 -23.0693 -104.394 -1.94055 -20.0663 -99.5774 3.63103 -20.9248 -102.511 -1.39236 -16.2634 -97.1501 6.12721 -9.454091 -104.394 -1.94055 -25.1862 -121.66 -4.31261 50.1371 29.1553 0.552179 38.6733 19.2085 -3.80924 39.9696 17.1019 -3.37138 38.9456 21.3599 -1.77161 41.8211 25.6662 0.590105 38.5836 24.518 0.521149 44.2379 20.9048 1.02107 36.7632 28.4623 -2.96454 46.81 28.1175 -0.1408219 51.261 26.7625 -1.22342 51.2714 29.2656 -4.37812 44.9551 34.2752 -6.06408 48.3787 28.7726 -8.47752 53.5159 26.4764 -4.35399 43.8794 27.2935 -8.643011 55.0984 24.1767 -4.36778 39.3249 24.6353 -8.60164 37.2666 23.1389 -3.67823 38.6733 19.2085 -3.80924 38.9456 21.3599 -1.77161 36.7632 28.4623 -2.96454 39.9696 17.1019 -3.37138 38.5836 24.518 0.521149 49.4785 26.897 -8.80161 66.11401 -8.328801 -2.19914 67.7103 -13.497 1.71752 62.4215 -1.31949 -7.68453 63.6937 -3.94324 -8.8223 59.4185 -5.58438 -9.442891 58.3841 -2.91925 -8.12585 -39.9944 27.5555 3.62414 -41.8217 25.6661 0.590107 -38.5808 24.518 0.521151 -38.9463 21.3599 -1.77161 -38.5808 24.518 0.521151 -41.8217 25.6661 0.590107 -46.8106 28.1175 -0.14082 -42.463 19.7429 -0.04083395 -50.2032 22.8872 -0.651089 -51.2617 26.7625 -1.22342 -38.9463 21.3599 -1.77161 -53.5165 26.0075 -4.35399 -49.4792 26.897 -8.8016 -43.88 27.2935 -8.643011 -42.7974 29.3001 -11.8701 -45.1729 24.0629 -13.2906 -40.022 22.8631 -8.49475 -50.1963 20.6669 -11.5598 -48.0966 17.0743 -11.9908 -43.6318 18.0293 -11.4495 -38.5808 24.518 0.521151 -38.6739 19.2085 -3.80924 -38.9463 21.3599 -1.77161 -42.463 19.7429 -0.04083395 -51.2617 26.7625 -1.22342 -53.5165 26.0075 -4.35399 -55.099 24.1767 -4.36778 -49.4792 26.897 -8.8016 -43.88 27.2935 -8.643011 -42.7974 29.3001 -11.8701 -40.022 22.8631 -8.49475 -53.5165 26.0075 -4.35399 -49.4792 26.897 -8.8016 -55.099 24.1767 -4.36778 -50.1963 20.6669 -11.5598 -48.0966 17.0743 -11.9908 -49.1379 15.1436 -11.9908 -52.3994 16.5813 -11.5598 -57.3022 20.0911 -4.36778 -38.6739 19.2085 -3.80924 -39.9703 17.1019 -3.37138 -40.022 22.8631 -8.49475 -3.21e-4 39.6606 21.3526 -3.21e-4 39.6606 21.3526 -3.21e-4 32.4307 20.925 -3.21e-4 23.2424 20.5802 -3.21e-4 15.5366 20.9216 12.1772 22.9907 14.8673 11.2428 26.1006 14.8225 9.056961 32.1411 -0.385612 16.4869 26.8418 8.8475 15.356 28.7933 8.70614 9.72238 38.7952 -2.58184 -3.21e-4 31.586 -2.50943 10.2913 27.79 -0.571791 -3.21e-4 6.19317 19.3322 -3.21e-4 26.2833 -3.86785 -3.21e-4 -3.9605 12.5676 -3.21e-4 22.8286 -5.21938 -3.21e-4 -6.17051 5.42042 -3.21e-4 19.4085 -7.01566 -3.21e-4 39.6606 21.3526 -3.21e-4 39.6606 21.3526 -3.21e-4 23.2424 20.5802 -15.2463 29.3277 8.50273 -11.2435 26.1006 14.8225 -9.06105 32.1411 -0.385612 -12.1744 22.9907 14.8673 -16.4875 26.8418 8.8475 -3.21e-4 31.586 -2.50943 -10.2954 27.79 -0.571791 -3.21e-4 15.5366 20.9216 -3.21e-4 26.2833 -3.86785 -14.1603 19.2705 14.9604 -3.21e-4 22.8286 -5.21938 -21.635 15.4366 8.17174 -5.85118 6.79653 17.4014 -3.21e-4 19.4085 -7.01566 -3.21e-4 6.19317 19.3322 -11.5331 19.9877 -5.67104 -3.21e-4 -3.9605 12.5676 -3.21e-4 14.623 -8.66714 -3.21e-4 7.20682 -10.2669 -3.21e-4 -3.98118 -0.06152099 -3.21e-4 -6.17051 5.42042</float_array>
          <technique_common>
            <accessor source="#C01_Body_Ch-mesh-positions-array" count="1759" stride="3">
              <param name="X" type="float"/>
              <param name="Y" type="float"/>
              <param name="Z" type="float"/>
            </accessor>
          </technique_common>
        </source>
        <source id="C01_Body_Ch-mesh-normals">
          <float_array id="C01_Body_Ch-mesh-normals-array" count="5028">-0.6074241 -0.2144891 -0.7648728 -0.2231593 -0.2376255 -0.945375 -0.6426417 -0.1195435 -0.7567833 0.5271501 -0.05990827 -0.8476579 0.3810926 -0.1329109 -0.9149335 0.8330514 0.08844453 -0.5460796 -0.2110404 -0.1561364 -0.9649266 0.621711 0.07593226 -0.7795574 0.711373 -0.1566858 -0.6851264 0.8887135 0.170937 -0.4254044 0.6803079 -0.2845019 -0.6754554 -0.05395758 -0.5429635 -0.8380212 -0.6799327 -0.1521372 -0.7173185 0.9303622 0.3648509 -0.03619515 0.9486374 0.2971683 -0.1085273 0.9011938 0.4121888 -0.1339781 0.3820114 -0.6495446 -0.6573881 0.4379203 -0.8940606 0.09424334 0.8608257 -0.5070772 0.0430321 0.8771206 0.2407351 0.4155794 0.7309668 0.1906232 0.6552485 0.8418744 0.4082259 0.352986 0.4812542 0.2634095 -0.8360681 0.4674683 -0.3717284 0.8020545 0.9706301 -0.194773 0.1412119 0.5437527 -0.1352286 0.8282791 0.7345103 -0.1254042 -0.6669098 0.590701 0.8032374 -0.07669496 0.7049682 -0.2463527 0.6650792 0.4178051 0.1667252 0.8931079 0.5077755 0.512567 0.6924155 0.4467415 -0.2731477 0.8519462 0.9291679 -0.1481419 0.3386755 -0.4836121 -0.2981756 0.8229281 -0.7833641 -0.2251698 0.5793439 -0.956783 -0.2682655 0.1122503 -0.4723815 -0.2968026 0.829918 -0.965066 -0.1926957 -0.1775279 -0.9256781 -0.2191584 -0.3083661 -0.8075232 0.5782062 -0.1165506 -0.8157194 0.5730301 -0.0789839 -0.7945388 0.6067842 -0.0228284 -0.7821862 0.6077058 -0.1373991 -0.826795 0.5621327 -0.02041733 -0.8080738 0.5890107 0.009125053 -0.735149 0.671028 0.0963189 -0.8326166 0.5529414 -0.03170913 -0.8184775 0.5706269 -0.06692969 0.5937232 0.2257515 0.7723529 0.609318 0.2022209 0.7667061 0.8863 0.1302548 0.4444165 0.829961 0.09427279 0.5497976 0.979942 0.1302866 0.1507955 0.8309189 -0.5515756 -0.07306325 0.9650936 -0.1814033 -0.1889109 0.9854872 0.15232 0.07492399 0.9740343 0.1961435 -0.1130717 0.3702324 -0.8734077 -0.3163654 0.8178306 0.4882812 0.3045234 0.8217384 0.2460485 0.51401 0.8992262 0.3917787 -0.1946838 0.825004 0.4413735 0.3529279 0.9292171 -0.3689767 -0.0202952 0.6023557 0.5276755 0.5989376 0.9819997 0.02008128 0.187812 -0.1027576 -0.7318467 -0.6736774 0.07831126 -0.9955542 0.05233973 0.9344989 0.1739596 0.3105637 0.2784602 0.4896553 0.8262552 0.3157171 0.5433264 0.7778941 0.5975403 0.1364219 -0.7901486 0.5387049 0.5107794 -0.6700011 0.7702765 -0.5443117 0.3322635 0.932167 0.3336623 -0.1404781 0.3210876 0.2335904 -0.9177899 0.9797649 0.172984 -0.1006835 0.9985284 -0.004791498 -0.05401903 0.7302072 0.4374956 0.5247811 0.2729032 -0.2375924 -0.9322413 0.3142829 -0.5803461 -0.751282 0.5217221 0.4478051 -0.7261382 0.6620915 0.1272361 -0.738543 0.4454588 0.3920196 -0.8049144 0.947335 0.1586064 -0.2782096 0.8121868 0.560736 0.1610212 -0.1256477 0.1882427 -0.9740521 0.2595642 0.03793507 -0.9649805 -0.2762624 0.02514803 -0.9607533 -0.4384673 -0.6586928 -0.6114494 -0.2855982 0.7137209 0.6395593 0.1456373 0.8831937 0.4458237 -0.2292014 0.6398719 0.7335057 0.8046689 -0.07287979 -0.5892339 0.7634266 0.6449832 -0.03430306 0.8964335 0.05600225 -0.4396257 0.03714168 0.09891229 -0.9944028 0.2485765 -0.01355034 -0.9685175 0.5236562 -0.2234343 -0.8221079 0.7285875 0.219739 -0.6487489 0.156259 0.9428341 0.294359 0.0214852 -0.01147502 -0.9997033 0.2069505 -0.250654 -0.9456977 0.2212297 -0.2988081 -0.9283163 0.6114794 0.7346543 -0.2938983 0.379902 0.2870934 -0.8793474 0.3468198 0.807049 -0.4778997 0.09112858 0.9501059 0.2983195 0.1123094 0.2935611 -0.9493201 0.179208 0.8779733 -0.4439002 0.01364219 -0.4986575 -0.8666917 0.1598597 -0.6107816 -0.7754939 0.039034 -0.5448895 -0.8375989 0.2196486 -0.6141433 -0.7580122 0.4542478 -0.4700873 -0.7567542 0.5154171 -0.4386905 -0.7361358 0.6934553 -0.4982245 -0.520473 0.7299881 -0.3897603 -0.5614306 0.9130172 0.009949266 -0.4077997 0.9088397 0.1944701 -0.3690416 -0.5937232 0.2257515 0.7723529 -0.8866455 0.1293406 0.4439942 -0.6093857 0.2021011 0.7666839 -0.8302617 0.09329915 0.5495097 -0.9801654 0.1291281 0.1503392 -0.9650936 -0.1814033 -0.1889109 -0.8309245 -0.5515793 -0.07297217 -0.985485 0.1523197 0.07495433 -0.9740343 0.1961435 -0.1130717 -0.3702324 -0.8734077 -0.3163654 -0.8178306 0.4882812 0.3045234 -0.9292171 -0.3689767 -0.0202952 -0.4554908 -0.4553382 -0.7649806 -0.9258413 -0.3057449 -0.2221213 -0.6023557 0.5276755 0.5989376 -0.9819931 0.02008175 0.187847 0.1027576 -0.7318467 -0.6736774 -0.1304403 -0.434201 -0.8913221 -0.9344586 0.1740188 0.310652 -0.2780891 0.4898908 0.8262406 -0.7300423 0.4374883 0.5250164 -0.7702893 -0.5442901 0.3322691 -0.9985248 -0.004852533 -0.05407989 -0.932167 0.3336623 -0.1404781 -0.3157796 0.5433288 0.777867 -0.979768 0.1729846 -0.1006533 -0.07831126 -0.9955542 0.05233973 -0.9473318 0.1586109 -0.2782177 0.2289516 0.6401919 0.7333046 -0.8121828 0.5607333 0.1610509 -0.2793107 0.6243901 0.7294673 -0.3525269 0.5913394 0.7252879 -0.5217221 0.4478051 -0.7261382 -0.6620915 0.1272361 -0.738543 -0.7635374 0.644847 -0.03439545 0.2850208 0.7140016 0.6395037 -0.4454588 0.3920196 -0.8049144 -0.8046544 -0.07287847 -0.5892539 -0.8963814 0.05536192 -0.4398131 -0.1456055 0.8831856 0.4458502 -0.2595642 0.03793507 -0.9649805 0.1256477 0.1882427 -0.9740521 0.2762624 0.02514803 -0.9607533 0.4384673 -0.6586928 -0.6114494 -0.5236562 -0.2234343 -0.8221079 -0.8991937 0.3917778 -0.194836 -0.5386914 0.5107359 -0.6700452 -0.5975964 0.1363903 -0.7901116 -0.7285445 0.2196437 -0.6488295 -0.156198 0.9428345 0.2943897 -0.03714168 0.09891229 -0.9944028 -0.2212297 -0.2988081 -0.9283163 -0.611422 0.7346891 -0.2939305 -0.2069505 -0.250654 -0.9456977 -0.2485765 -0.01355034 -0.9685175 -0.3797473 0.2869392 -0.8794646 -0.3469074 0.8069785 -0.4779552 -0.2729334 -0.2375616 -0.9322403 -0.314316 -0.5803202 -0.7512881 -0.09113121 0.9501029 0.2983282 -0.1123104 0.2935332 -0.9493286 -0.179208 0.8779733 -0.4439002 -0.0136727 -0.4986574 -0.8666914 -0.039034 -0.5448895 -0.8375989 -0.1597971 -0.6106532 -0.775608 -0.219707 -0.6139832 -0.758125 -0.4543375 -0.4700548 -0.7567205 -0.5155885 -0.4386196 -0.7360581 -0.6940392 -0.4973118 -0.5205676 -0.7304849 -0.3888188 -0.5614372 -0.9130411 0.01037645 -0.4077357 -0.9088397 0.1944701 -0.3690416 0.6074321 -0.2144308 -0.7648828 0.2231528 -0.2376187 -0.9453783 -0.0227065 -0.2303613 -0.9728403 0.642453 -0.119634 -0.7569293 0.2109458 -0.1561645 -0.9649428 -0.7113764 -0.156656 -0.6851297 -0.381183 -0.1328799 -0.9149002 -0.8888611 0.1706308 -0.4252189 -0.8330465 0.08832198 -0.5461069 -0.9303798 0.3647968 -0.03628736 0.05395758 -0.5429635 -0.8380212 0.6798161 -0.1521995 -0.7174158 -0.9706301 -0.194773 0.1412119 -0.8608303 -0.5070798 0.04291027 -0.9486217 0.2971634 -0.1086781 -0.8771206 0.2407351 0.4155794 -0.8418744 0.4082259 0.352986 -0.901166 0.41219 -0.1341617 -0.7049682 -0.2463527 0.6650792 -0.4674683 -0.3717284 0.8020545 -0.4378602 -0.8940931 0.094213 -0.3818844 -0.6495972 -0.65741 -0.4812307 0.2634134 -0.8360804 -0.621746 0.07590228 -0.7795325 -0.7344756 -0.1254645 -0.6669365 -0.4693518 -0.2936844 -0.8327416 -0.5437312 -0.1352308 0.8282929 -0.7309668 0.1906232 0.6552485 -0.5077755 0.512567 0.6924155 -0.5906982 0.8032336 -0.07675564 -0.9291583 -0.1481404 0.3387025 -0.4467415 -0.2731477 0.8519462 0.7944982 0.6068375 -0.0228281 0.8080738 0.5890107 0.009125053 0.826795 0.5621327 -0.02041733 0.8073624 0.5784053 -0.116676 0.815618 0.5731452 -0.07919657 0.7821086 0.6077234 -0.1377624 0.7451306 0.6533283 0.1339495 0.7351803 0.6709982 0.0962885 -0.2795229 0.9461174 -0.1634899 -0.4305635 0.9020836 0.02932882 -0.4244005 0.8452913 0.3246026 -0.5437634 0.7271237 0.4190613 -0.3205743 0.6384934 0.6996845 -0.1757302 0.5936619 0.7852926 0.3067775 -0.9134353 -0.2674385 0.4651094 -0.8552643 -0.2284651 0.3464558 -0.9039835 -0.250564 0.4539139 -0.8606145 -0.2308787 0.1572031 -0.958356 -0.238414 0.02627688 -0.9744427 -0.2230942 0.3145002 0.02911525 0.9488109 0.6467963 0.09250408 0.7570322 0.3660759 -0.06900352 0.9280231 0.7413154 0.04300177 0.669778 0.9741332 0.2042325 -0.09671443 0.9717081 0.2360678 -0.007446706 0.6046208 0.2401575 -0.759446 0.6216177 0.138161 -0.7710403 0.4271811 0.2972597 -0.8539046 0.3815202 0.04620599 -0.923205 0.1862586 -0.7747909 -0.604158 0.4396078 -0.7120584 -0.5474649 0.3540289 -0.8889177 -0.2906699 0.3734672 -0.1419767 -0.9167143 0.3336056 0.2970131 -0.8947014 0.6239076 0.2313368 -0.7464735 0.625151 -0.08993947 -0.7753045 0.6903842 -0.2425699 -0.681564 0.5346955 -0.6988275 -0.4751221 0.1604679 0.6860017 -0.7096843 0.4194868 0.6023581 -0.6791139 0.761394 0.1067563 -0.6394391 0.6095899 -0.4845528 -0.6273825 0.4110369 0.8633056 -0.2928348 0.5684747 -0.7984342 -0.198342 0.3318342 -0.9413312 -0.06149595 0.8030942 0.471315 -0.3645573 0.1596137 0.9376318 -0.3088206 0.9725742 -0.196938 -0.1237539 0.6364092 -0.7490848 0.183998 0.3576823 -0.9209404 0.1547006 0.7313982 -0.5980283 0.3277482 0.7022721 -0.7030961 0.1116689 0.8610404 0.4928863 0.12519 0.8336271 0.4061166 -0.3743463 0.4618786 0.8777342 0.127479 0.8123623 -0.2244998 0.5382076 0.6861119 -0.5844815 0.4331651 0.6430935 -0.03503561 -0.7649858 0.6759108 -0.2425368 0.6959315 0.9112703 -0.4005329 0.09570795 0.8442353 0.5312674 0.07086408 0.1639811 0.9723813 0.166087 0.7887003 0.1163686 0.6036641 0.8162074 0.4166796 -0.4002297 0.9002889 -0.3498427 0.2590173 0.8356877 -0.07556653 0.5439813 0.5772919 0.1026649 0.810058 0.4175369 0.7330778 0.5368986 0.8340911 0.1709383 0.5244733 0.9276264 0.05743682 0.3690668 0.906476 0.1424323 0.3975102 0.8643779 0.4847743 0.1335846 0.192726 0.1390435 0.9713515 0.7794039 0.1233288 0.6142635 0.1486895 0.7863578 0.5996108 0.7735803 -0.04153716 0.6323356 0.8790719 -0.03296059 0.4755485 0.8285416 0.395776 0.3960812 0.328877 0.2016111 0.9226012 0.1149033 0.1606816 0.9802953 0.4765863 0.4621202 0.7478706 0.8330145 -0.02606314 0.5526371 0.3112924 0.08389633 0.9466037 0.2384799 0.4902664 0.8383116 0.5535633 0.09879171 0.8269268 0.7276496 0.4731156 0.4966768 0.3109906 0.1596459 0.9369089 0.2573649 0.3576801 0.8976794 0.3847015 0.3366329 0.8594668 0.0202952 0.0973255 0.9950457 -0.01782321 0.11167 0.9935855 0 0.1013528 0.9948506 -0.04568636 0.1330611 0.9900543 -0.1359003 0.1320549 0.9818822 -0.328877 0.2016111 0.9226012 -0.5739467 -0.1548246 0.8041236 -0.3112924 0.08389633 0.9466037 -0.675985 -0.2428162 0.6957619 -0.5773063 0.1024233 0.8100783 -0.7794039 0.1233288 0.6142635 -0.3109906 0.1596459 0.9369089 -0.9114197 -0.400562 0.09415113 -0.835722 -0.07553356 0.5439334 -0.5535633 0.09879171 0.8269268 -0.731307 -0.5980896 0.3278399 -0.7021939 -0.7031399 0.1118847 -0.8330145 -0.02606314 0.5526371 -0.6861604 -0.5842267 0.4334319 -0.3576823 -0.9209404 0.1547006 -0.9276733 0.05722421 0.3689818 -0.8796041 -0.03317475 0.4745485 -0.7887628 0.1168876 0.6034821 -0.3318039 -0.9413319 -0.0616486 -0.3365061 -0.9413687 -0.02426284 -0.7742668 -0.04193305 0.6314685 -0.9064721 0.1420349 0.3976612 -0.8122544 -0.2244037 0.5384104 -0.3964132 -0.892746 0.2141528 -0.8610404 0.4928863 0.12519 -0.8340368 0.1709092 0.5245691 -0.6364128 -0.749089 0.1839686 -0.534756 -0.6990098 -0.4747858 -0.6903781 -0.2426898 -0.6815275 -0.4397485 -0.7121003 -0.5472975 -0.4764347 0.4622738 0.7478722 -0.8284132 0.3958951 0.3962308 -0.8442111 0.5313018 0.07089513 -0.8030942 0.471315 -0.3645573 -0.8643779 0.4847743 0.1335846 -0.9725778 -0.1969387 -0.1237238 -0.5684471 -0.7984384 -0.1984041 -0.625151 -0.08993947 -0.7753045 -0.3734672 -0.1419767 -0.9167143 -0.1862586 -0.7747909 -0.604158 -0.7273636 0.4736272 0.496608 -0.8336176 0.406112 -0.3743726 -0.8162074 0.4166796 -0.4002297 -0.6095053 -0.4846499 -0.6273897 -0.6239076 0.2313368 -0.7464735 -0.38475 0.336805 0.8593777 -0.4174131 0.7331052 0.5369574 -0.4619097 0.8777046 0.1275706 -0.761394 0.1067563 -0.6394391 -0.6430935 -0.03503561 -0.7649858 -0.3336056 0.2970131 -0.8947014 -0.2573649 0.3576801 0.8976794 -0.2385688 0.4902914 0.8382717 -0.1487826 0.7863354 0.599617 -0.1640109 0.9723765 0.1660861 -0.4110369 0.8633056 -0.2928348 -0.4194868 0.6023581 -0.6791139 -0.1596137 0.9376318 -0.3088206 -0.1604679 0.6860017 -0.7096843 0.03164851 -0.9921839 0.120704 0.03259402 -0.9922868 0.119603 0.0327776 -0.9923025 0.1194217 0.033724 -0.9924022 0.1183241 0.3650374 -0.9309812 -0.004669368 0.3667766 -0.9302478 0.01068162 0.3922013 -0.9139562 0.1042228 0.3959903 -0.9112812 0.1129526 0.4548018 -0.885188 0.09796762 0.4621762 -0.8825722 0.08636808 0.4771955 -0.8773304 0.05075311 0.2795229 0.9461174 -0.1634899 0.4244005 0.8452913 0.3246026 0.4305635 0.9020836 0.02932882 0.5437401 0.7271029 0.4191279 0.3205737 0.6384617 0.6997137 -0.3067775 -0.9134353 -0.2674385 -0.3464558 -0.9039835 -0.250564 -0.4650831 -0.8553025 -0.2283756 -0.03000062 -0.9982914 -0.05014342 -0.03280836 -0.9923087 0.1193615 -0.1047418 -0.9910493 -0.08276802 -0.03164851 -0.9921839 0.120704 -0.3145002 0.02911525 0.9488109 -0.3661679 -0.06891208 0.9279937 -0.6467658 0.0927177 0.7570322 -0.7411855 0.04297077 0.6699236 -0.9741066 0.2044165 -0.09659272 -0.9717296 0.235974 -0.007599234 -0.6216483 0.1381915 -0.77101 -0.6043788 0.2397922 -0.759754 -0.3815842 0.04614531 -0.9231816 -0.4273931 0.297228 -0.8538095 -0.3650374 -0.9309812 -0.004669368 -0.3922013 -0.9139562 0.1042228 -0.3667766 -0.9302478 0.01068162 -0.4621762 -0.8825722 0.08636808 -0.4548018 -0.885188 0.09796762 -0.3959903 -0.9112812 0.1129526 -0.4771955 -0.8773304 0.05075311 -0.2624685 0.6797322 -0.68489 -0.0413236 0.8224742 -0.5672993 0 0.6027554 -0.7979261 -0.005859613 0.6870731 -0.7265647 0.2624685 0.6797322 -0.68489 0.005859613 0.6870731 -0.7265647 0.6835426 -0.1293106 0.7183651 0.6795176 -0.2190998 0.7001793 0.7765272 -0.2059121 0.595488 0.6498391 0.03726357 0.7591578 0.4237576 -0.1212218 0.8976274 0.9599992 -0.1075482 0.2585247 0.3907977 -0.08359193 0.9166732 0.2854717 -0.1286668 0.9497109 0.6016873 -0.1814675 0.7778444 0.3586913 -0.1306219 0.9242719 0.3815789 -0.1042528 0.9184384 0.8262999 0.27406 0.4920566 0.7541212 -0.2254734 0.6168168 0.2628319 0.5035067 0.8230434 0.2107939 -0.5553214 0.8044775 0.2370126 0.9659656 -0.1036129 0.9359685 -0.3296399 0.123695 0.8928872 -0.4495413 0.0257883 0.9779715 -0.1804875 0.1048622 0.8397653 -0.1699002 -0.5156823 0.4901682 -0.04126185 -0.8706507 0.7216324 -0.1872063 -0.6664838 0.1560134 0.5147957 -0.8429978 0.3309853 0.2852975 -0.8994744 0.4440286 -0.08884233 -0.8915973 0.3161472 0.03119045 -0.9481973 0.31703 -0.4854941 -0.8147317 0.326277 0.2139066 -0.9207537 0.3401683 -0.2000236 -0.9188451 0 0.6744467 0.7383237 0.2042981 0.8169487 0.5393119 0.7949153 0.4862393 0.3628789 -0.8079348 0.486415 0.3326288 0.9814114 0.1043762 0.1610507 0.9544542 0.1266237 0.270155 -0.2614297 0.2358239 0.935971 0.7891377 0.313067 0.5284418 0.5935093 0.200695 0.7794025 0.974442 0.1873563 0.1239377 0.4613628 -0.04248309 -0.8861939 0.7840432 0.001892149 -0.6207035 0.5741919 0.0310077 -0.8181334 0.6026094 0.003998041 0.7980264 0.9843142 -0.01300126 0.1759448 0.9911558 0.04983699 0.1229903 0.3479151 0.00564599 -0.9375091 -0.662782 0.2754954 0.6962919 -0.9586497 0.006042659 0.2845247 -0.9940363 -0.06454777 0.08789485 -0.7889312 0.3135277 0.5284771 0.9666905 0.2027379 0.1562269 0.827894 0.008484303 0.5608206 0.8994536 -0.01507633 -0.4367563 0.9496273 -0.002868771 -0.3133684 -0.9730271 0.2297751 -0.02053904 -0.9631072 0.2678621 0.02597135 -0.9255121 -0.3787074 0.002838194 -0.8279011 0.009430468 0.5607948 -0.9981726 -0.01083409 0.05945026 -0.6025407 0.004181087 0.7980773 -0.9780172 -0.1803988 0.1045892 -0.8397385 -0.1698399 -0.5157456 -0.7214753 -0.1871746 -0.6666627 -0.6017429 -0.1813133 0.7778374 -0.3025992 -0.1189033 0.9456721 -0.2853525 -0.1286375 0.9497507 -0.9360494 -0.3294225 0.1236631 -0.9987231 0.02710056 -0.04263454 -0.8267881 -0.03134292 -0.5616397 -0.9620651 0.02584993 -0.2715927 -0.9928544 0.04901397 -0.1088013 -0.5935093 0.200695 0.7794025 -0.4901682 -0.04126185 -0.8706507 -0.4440286 -0.08884233 -0.8915973 -0.3161472 0.03119045 -0.9481973 -0.3907987 -0.08356159 0.9166755 -0.4237576 -0.1212218 0.8976274 -0.8928872 -0.4495413 0.0257883 -0.3401683 -0.2000236 -0.9188451 -0.5741919 0.0310077 -0.8181334 -0.5480345 0.4357846 0.7139678 -0.6795176 -0.2190998 0.7001793 -0.6498391 0.03726357 0.7591578 -0.7541942 -0.2252023 0.6168266 -0.31703 -0.4854941 -0.8147317 -0.3309853 0.2852975 -0.8994744 -0.326277 0.2139066 -0.9207537 -0.4613628 -0.04248309 -0.8861939 -0.6414818 0.1798188 -0.7457657 -0.3479151 0.00564599 -0.9375091 -0.7765272 -0.2059121 0.595488 -0.3815789 -0.1042528 0.9184384 -0.1560134 0.5147957 -0.8429978 -0.6835426 -0.1293106 0.7183651 -0.2107647 -0.555325 0.8044827 -0.2370126 0.9659656 -0.1036129 -0.2628319 0.5035067 0.8230434 -0.7369637 0.6434241 -0.2070993 -0.7040184 0.2896889 -0.6484124 -0.9924056 0.08111858 0.09247148 0.01443529 -0.1112406 0.9936887 -0.01068162 -0.07184153 0.9973589 -0.03012198 -0.04123079 0.9986956 -0.0554226 -0.001220762 0.9984623 0 -1 0 0 -1 -4.62123e-7 0 -1 1.17683e-5 0.0104376 -0.0360738 -0.9992946 0.01150554 -0.03280758 -0.9993955 0.01495409 -0.02246165 -0.9996359 0.01614469 -0.01883041 -0.9996924 3.05193e-5 0.9024569 -0.4307805 0 0.9160838 -0.400987 0.3511807 0.8465021 -0.400133 -0.3511846 0.8465418 -0.4000458 -0.5118976 0.77717 -0.3660161 -0.0132451 -0.8341682 -0.5513512 -0.009857714 -0.8305515 -0.5568547 -0.005615472 -0.8259069 -0.5637786 -0.002288937 -0.8222494 -0.5691228 0.06921678 -7.93491e-4 0.9976013 0.01907449 -0.06448721 0.9977362 0.03186142 -0.04828047 0.9983255 -0.01794511 -0.1112109 0.9936348 0 -1 -4.90625e-6 0 -1 2.26218e-6 0 -1 1.17683e-5 0 -1 -2.46141e-6 -0.01980704 -0.01858627 -0.9996311 -0.01434403 -0.0320757 -0.9993826 -0.01800644 -0.02301162 -0.9995731 -0.0127266 -0.03607398 -0.9992682 0.01135313 -0.8298778 -0.5578298 0.0162363 -0.8341268 -0.5513337 0.007690846 -0.8266153 -0.5627149 0.2738503 0.6861976 -0.6738983 0 0.6028236 -0.7978745 0.04681628 0.8253893 -0.5626198 0.005432367 0.6872629 -0.7263885 -0.2623155 0.6797617 -0.6849195 -0.005432367 0.6872629 -0.7263885 -0.5893218 0.7367285 -0.3315584 -0.6806703 -0.1332164 0.7203758 -0.7758898 -0.2131156 0.5937817 -0.676163 -0.222122 0.702471 -0.6502429 0.03625684 0.7588609 -0.9696761 -0.1176502 0.214212 -0.3907977 -0.08359193 0.9166732 -0.2854717 -0.1286668 0.9497109 -0.6017581 -0.1814399 0.7777961 -0.3586913 -0.1306219 0.9242719 -0.3816156 -0.1042546 0.9184228 -0.8265222 0.2738186 0.4918176 -0.7542614 -0.2256314 0.6165875 -0.7369683 0.6434282 -0.2070701 -0.331012 0.2852026 -0.8994946 -0.2370134 0.9659687 -0.1035827 -0.2628654 0.5035736 0.8229919 -0.2109209 -0.5553345 0.8044354 -0.8928431 -0.4496413 0.02557516 -0.9359342 -0.3298522 0.1233894 -0.1560125 0.5148538 -0.8429625 -0.9780114 -0.1803061 0.1048022 -0.4901444 -0.04129296 -0.8706626 -0.8397163 -0.1698415 -0.5157812 -0.4440531 -0.08884114 -0.8915852 -0.3163028 0.03119075 -0.9481454 -0.3170347 -0.4854708 -0.8147437 -0.7216593 -0.1871138 -0.6664804 -0.3401973 -0.1999922 -0.9188411 -0.7975621 0.4846472 0.3591822 -0.2042981 0.8169487 0.5393119 -0.7797988 0.004791498 -0.626012 0.8079348 0.486415 0.3326288 -0.9851632 -0.0202648 0.1704198 -0.9848425 0.1195117 0.125707 -0.9800108 -0.1330954 -0.1478668 -0.9671996 0.2324001 0.1025429 -0.8921647 -0.01886075 -0.4513164 0.2614297 0.2358239 0.935971 -0.7891989 0.3130671 0.5283504 -0.9414149 -0.005676448 -0.3372027 -0.9893803 0.02459788 0.1432539 0.9940363 -0.06454777 0.08789485 0.9586127 0.005829155 0.2846539 0.6627196 0.2754948 0.6963516 -0.6025947 0.003997921 0.7980374 0.7889312 0.3135277 0.5284771 -0.9344348 0.3282943 0.138038 -0.8279689 0.008606553 0.5607079 0.8279011 0.009430468 0.5607948 0.9631072 0.2678621 0.02597135 0.9730271 0.2297751 -0.02053904 0.9981726 -0.01083409 0.05945026 0.6025407 0.004181087 0.7980773 0.9928544 0.04901397 -0.1088013 0.5480345 0.4357846 0.7139678 0.9987231 0.02710056 -0.04263454 0.9620651 0.02584993 -0.2715927 0.8267881 -0.03134292 -0.5616397 0.6414818 0.1798188 -0.7457657 0.6017505 -0.1813766 0.7778168 0.2853233 -0.1286686 0.9497553 0.3025992 -0.1189033 0.9456721 0.978006 -0.1803357 0.1048016 0.8540409 0.05014252 -0.5177837 0.7216218 -0.187173 -0.6665045 0.7542278 -0.2254168 0.6167071 0.390922 -0.08362293 0.9166173 0.4236974 -0.1211915 0.8976599 0.8397163 -0.1698415 -0.5157812 0.93594 -0.3297322 0.1236648 0.8927795 -0.4497622 0.02566665 0.6500646 0.03549408 0.7590496 0.6763387 -0.2219975 0.7023411 0.3815255 -0.1042854 0.9184569 0.7718643 -0.2144898 0.5985145 0.4901083 -0.04129248 -0.870683 0.4439932 -0.0888108 -0.8916181 0.2627695 0.5035958 0.8230088 0.6808775 -0.1331846 0.7201859 0.2109209 -0.5553345 0.8044354 0.3261882 0.2138779 -0.9207918 0.3170347 -0.4854708 -0.8147437 0.2371356 0.9659386 -0.1035827 0.330068 0.289233 -0.8985542 0.6951661 0.3017737 -0.6524392 0.7283331 0.6519749 -0.2108549 0.9913874 0.08893305 0.09613561 0.05438476 -0.00125122 0.9985194 0.01010167 -0.07245141 0.9973208 0.02993887 -0.04062044 0.9987261 -0.01416069 -0.1112411 0.9936926 0 -1 -3.6298e-6 -0.01757913 -0.01348954 -0.9997546 -0.01159703 -0.03189194 -0.9994241 -0.01571744 -0.01922714 -0.9996916 -0.0102545 -0.03607392 -0.9992966 0.03601247 0.9019 -0.4304412 0.3511888 0.8465521 -0.4000201 0.5119323 0.7771458 -0.366019 -0.0361045 0.9018502 -0.4305381 0.3060783 0.8721203 -0.3817358 0.01034605 -0.8302173 -0.557344 0.01431339 -0.8341466 -0.5513571 0.005737543 -0.8255721 -0.5642676 0.01794511 -0.1112109 0.9936348 -0.01907449 -0.06448721 0.9977362 -0.03186142 -0.04828047 0.9983255 -0.06921678 -7.93491e-4 0.9976013 0 -1 1.41387e-6 0 -1 5.8841e-6 0.0127266 -0.03607398 -0.9992682 0.01434403 -0.0320757 -0.9993826 0.01800644 -0.02301162 -0.9995731 0.01980704 -0.01858627 -0.9996311 -0.0162363 -0.8341268 -0.5513337 -0.01135313 -0.8298778 -0.5578298 -0.007690846 -0.8266153 -0.5627149 -0.002838253 -0.8222867 -0.5690664 0.2775987 -0.8139968 0.5102434 0.3341526 -0.727573 0.5991491 0.2738786 -0.7959997 0.5397917 0.346579 -0.6882749 0.6373074 0.2515372 -0.7463103 0.6162386 -0.7087473 -0.3721206 0.599336 -0.5804725 -0.3721189 0.7242784 -0.5857003 -0.1917237 0.787526 -0.6047125 -0.3351647 0.7224871 0.05227917 -0.1290957 0.9902531 0.03918594 -0.03189194 0.9987229 -0.6144434 -0.275497 0.7392975 0.03109842 -0.04135268 0.9986606 -0.5414403 -0.05542278 0.8389105 0.9218567 0.3314973 0.2007234 -0.4495818 -0.1998412 0.8705974 0.5205007 0.330154 0.78745 -0.575779 -0.07816016 0.8138609 0.8820199 0.2212985 0.4160143 -0.003143429 0.1136226 0.993519 0.3743197 0.4417369 0.8153241 0.1538483 0.3460901 0.9255012 0.7268435 0.2363096 0.6448692 0.8642026 0.4984951 -0.06824016 0.6608086 0.2479405 -0.708419 0.924158 0.2738201 0.2663733 0.5918586 0.2172051 0.776225 0.438833 0.2732063 0.856028 -0.3859823 -0.36999 0.8450593 0.5742518 0.2772376 0.7703079 0.8916989 0.1672126 -0.4206104 -0.6868907 -0.6354357 0.3527078 -0.4045358 -0.6447852 0.6485391 -0.8070498 -0.5127226 0.2928928 0.9986987 0.0120244 0.04956257 0.8237533 0.2480019 -0.5098292 0.06329667 -0.03543269 -0.9973656 -0.7526029 -0.2774499 0.5971688 -0.826035 -0.3970559 0.4000163 0.4116787 0.04742741 0.9100942 0.5676983 0.4004805 -0.7192595 0.1935228 -0.1110902 -0.9747862 -0.6389201 -0.4100869 0.6508532 0.6967901 -0.195111 -0.6902284 0.1592825 -0.4311828 0.8880938 0.4415843 0.2054867 -0.8733719 -0.6291826 -0.381123 -0.6774028 0.140966 -0.1806403 -0.9733949 0.4294671 0.03967499 -0.9022105 -0.1000403 -0.0263071 0.9946356 0.795462 -0.2781553 -0.5383957 0.9802905 0.195228 0.03027451 0.6761634 -0.3892479 0.6255312 -0.0679363 0.08038818 -0.9944458 0.2926176 -0.4914194 -0.8202938 -0.1249147 0.2066143 -0.9704159 -0.05328595 0.1312922 -0.9899107 -0.7134467 -0.1793307 -0.6773731 -0.5237946 -0.4608343 -0.7164295 -0.8418341 -0.4623618 -0.2784547 0.05365228 -0.1049852 -0.9930256 0.07464945 -0.1191461 0.9900665 0.655306 0.05057013 -0.753669 0.6578741 0.1129519 0.7446098 0.7469847 0.01739585 0.6646137 -0.6788041 -0.251904 -0.6897605 -0.317459 -0.6802998 -0.660615 -0.7860866 -0.5476695 -0.2865766 -0.394887 -0.120581 -0.9107824 -0.1763998 -0.2572142 -0.9501178 0.6219525 0.2701872 0.7349654 0.3729134 -0.4052332 -0.8346986 0.07468032 -0.1650781 -0.9834491 -0.6157636 -0.5070222 -0.6031284 -0.7373114 -0.2765948 -0.6163337 0.9138038 0.4018759 0.05881035 0.6282464 0.273761 -0.7282592 -0.431084 -0.1440812 -0.8907341 -0.4056868 -0.6197154 -0.6718416 -0.698157 -0.6242395 -0.3505739 -0.6029645 -0.4479583 -0.6601266 -0.8397424 -0.5211195 -0.1525361 -0.8662142 -0.3280462 -0.3769068 -0.7961262 -0.5422973 -0.2685087 -0.3072326 0.7586664 0.5744855 -0.6190887 0.557134 0.5534717 -0.2874308 0.7673165 0.5732442 -0.05832183 0.3921693 0.9180424 0.01260441 0.2919472 0.9563514 0.2293788 0.8681056 0.4402024 0.1275697 0.1018117 0.9865903 0.2812377 -0.2830994 0.9169297 0.69705 0.06912511 0.7136827 0.5805665 0.4265362 0.6935485 0.6908669 -0.5415356 0.4790014 -0.9580798 0.2839173 -0.03839272 -0.9338786 0.35759 1.83113e-4 -0.9138175 -0.4049814 -0.03045749 0.9141107 -0.4009916 -0.06006175 0.9945042 -0.09787559 -0.03717255 0.4367307 0.8995859 -0.003387629 -0.9697262 0.2342065 0.0691266 -0.9108074 -0.4112123 0.03653115 -0.8836271 -0.4667326 -0.03692841 0.5746738 -0.3967782 -0.7157634 0.7936474 -0.1655657 -0.585416 -0.9171285 -0.3918953 0.07275742 0.2016094 -0.06061094 -0.9775889 0.7054756 0.1762773 -0.6864623 -0.154426 -0.8411948 0.5182123 -0.2738786 -0.7959997 0.5397917 -0.2775987 -0.8139968 0.5102434 0.8867154 -0.2652456 0.3786562 0.3861586 -0.3702582 0.8448613 0.5755375 -0.07831311 0.8140171 0.6869953 -0.6353867 0.3525924 0.4492412 -0.199717 0.8708017 -0.520537 0.330585 0.7872452 0.4045612 -0.6447466 0.6485615 0.8070284 -0.5127894 0.2928351 0.08972626 0.4050807 0.9098675 0.2867856 0.1013836 0.9526151 -0.2365857 0.3075432 0.9216531 -0.7268158 0.2365546 0.6448106 -0.8109545 0.5618573 -0.1633079 -0.8264317 0.1731054 0.535766 -0.4387518 0.2732737 0.8560482 0.7526058 -0.277634 0.5970795 0.6388293 -0.4101789 0.6508844 -0.8640809 0.4987394 -0.06799602 -0.411911 0.04767018 0.9099764 0.8261347 -0.3971208 0.3997455 0.1001942 -0.02639901 0.9946177 -0.07474046 -0.1191453 0.9900597 -0.6196876 0.2527275 -0.7430452 -0.9986946 0.01211589 0.04962342 -0.1594013 -0.431113 0.8881064 -0.6220178 0.2701891 0.7349094 -0.3843927 0.4088083 -0.8277186 -0.6969454 -0.1946539 -0.6902006 -0.6762775 -0.3888161 0.6256765 -0.6579408 0.1129224 0.7445553 -0.9802995 0.1951687 0.03036636 -0.7470567 0.0174266 0.664532 -0.7955365 -0.2779052 -0.5384147 0.0679363 0.08038818 -0.9944458 -0.9137925 0.4019015 0.05880963 -0.6554563 0.05047839 -0.7535443 -0.2926749 -0.491352 -0.8203138 -0.6283517 0.2738147 -0.7281482 -0.0747103 -0.1651074 -0.983442 -0.3731302 -0.4051451 -0.8346446 0.6788041 -0.251904 -0.6897605 0.542144 -0.1402054 -0.8285061 0.431084 -0.1440812 -0.8907341 0.6029645 -0.4479583 -0.6601266 0.4056614 -0.6197231 -0.6718499 0.317459 -0.6802998 -0.660615 0.9658906 -0.2571822 -0.03021359 0.8403534 -0.3459381 0.4172926 0.9395264 -0.3336944 -0.0770604 0.8662142 -0.3280462 -0.3769068 0.963612 -0.1701138 -0.2061874 0.698157 -0.6242395 -0.3505739 0.796113 -0.5423188 -0.2685043 0.6138007 -0.3286299 0.7178099 0.6133446 -0.3307367 0.717232 0.6304729 -0.3615956 0.6868425 -0.5367498 0.3312607 0.7759936 -0.5426659 0.3865591 0.7457117 -0.6040633 0.2718941 0.7491203 0.8016241 -0.4322776 -0.4129588 0.50256 -0.2710106 -0.820967 0.7081848 -0.3561678 -0.6096054 0.1353846 -0.07300269 -0.9881 -0.08853769 -0.7679067 0.6344135 -0.05578982 -0.6938939 0.7179129 -0.2296276 -0.7355776 0.6373357 0.0183112 -0.5389599 0.8421325 0.1387412 -0.4756146 0.8686437 -0.2618888 -0.4758617 0.839625 -0.6627881 -0.7322501 0.1565946 0.4637963 -0.3446199 0.816168 -0.905242 -0.1763728 0.3865613 -0.5433084 -0.6254975 -0.5599721 0.7700232 -0.3549352 0.5301749 0.6431941 -0.2455582 0.7252604 0.2893848 -0.2389667 0.9269042 -0.757925 0.5244802 0.3879048 -0.6771144 0.3186277 0.6633194 0.8863656 -0.32396 0.3307657 0.5240514 -0.2106765 0.8252185 0.09164935 0.2225466 0.9706047 0.1927906 0.2967395 0.9352955 -0.5402607 0.3123086 0.7813972 -0.3410199 0.4346523 0.8335363 0.8953804 -0.3082773 0.3213396 0.2279484 0.04397821 0.9726796 0.445271 0.4367563 0.7816506 -0.3272882 0.5433033 0.7731131 -0.6704465 0.5692142 0.4759169 -0.2474802 0.6155418 0.7482392 0.2558443 0.6102358 0.7497707 0.6212151 0.3584156 0.6968718 0.1547322 0.5984813 0.7860522 0.4259261 0.3454164 0.8362264 -0.5080914 0.6717989 0.5390079 -0.682065 0.6784027 0.2730519 0.4113038 0.8942966 0.1762469 0.3661971 0.6229838 0.6912242 -0.3726097 0.9246727 0.07837343 -0.1357488 0.7140855 0.6867709 0.4797829 0.8713061 0.1031223 0.6787249 0.7343927 0 0.6236009 0.5647292 0.5405579 -0.1215605 0.6473866 0.7524053 0.6072146 0.0325337 0.7938715 0.7765088 0.6301065 0 0.006164848 0.06747782 -0.9977018 -0.2249888 0.9743614 0 0.6212151 0.3584156 -0.6968718 0.6236009 0.5647292 -0.5405579 0.8286827 0.5597187 0 0.4193348 0.5817888 0.6969075 -0.1215581 0.6474043 -0.7523905 0.2558443 0.6102358 -0.7497707 0.6431941 -0.2455582 -0.7252604 0.4797829 0.8713061 -0.1031223 0.4113038 0.8942966 -0.1762469 0.4259261 0.3454164 -0.8362264 0.9589188 0.157541 0.2359147 0.7156763 0.2028003 0.6683409 -0.508081 0.6718156 -0.5389968 0.8953804 -0.3082773 -0.3213396 0.8863656 -0.32396 -0.3307657 0.4193096 0.5817964 -0.6969165 0.5240736 -0.2106732 -0.8252053 0.9385613 0.3451127 0 -0.1357488 0.7140855 -0.6867709 0.7700232 -0.3549352 -0.5301749 0.3661971 0.6229838 -0.6912242 0.4637963 -0.3446199 -0.816168 0.7156763 0.2028003 -0.6683409 0.9589188 0.157541 -0.2359147 -0.682065 0.6784027 -0.2730519 -0.6731078 0.6893746 -0.2677476 0.1547322 0.5984813 -0.7860522 0.2279484 0.04397821 -0.9726796 0.006164848 0.06747782 0.9977018 -0.670467 0.5691447 -0.4759709 0.09164935 0.2225466 -0.9706047 0.2893227 -0.2389354 -0.9269316 0.01458793 -0.539785 -0.8416765 -0.3273428 0.5432925 -0.7730978 -0.05838316 -0.6930905 -0.7184824 -0.2344171 -0.7242485 -0.6484696 0.1387412 -0.4756146 -0.8686437 0.1927906 0.2967395 -0.9352955 -0.5405377 0.3122794 -0.7812174 -0.09174191 -0.7613419 -0.6418272 -0.267928 -0.4927019 -0.8279248 0.445271 0.4367563 -0.7816506 0.6072146 0.0325337 -0.7938715 -0.3410559 0.4345983 -0.8335497 -0.6771546 0.3186483 -0.6632685 -0.6476524 -0.7371658 -0.1926995 -0.2476004 0.6155372 -0.7482032 -0.7580345 0.5243495 -0.3878678 -0.8888275 -0.2137227 -0.4053498 -0.5595218 -0.6822425 0.4706173 -0.7570487 0.6165097 0.216317 -0.7772865 0.5914568 0.214487 -0.8003069 0.5993375 0.01742649 -0.8142189 0.5476346 0.1927281 -0.7779543 0.6283208 0 -0.8142189 0.5476346 -0.1927281 -0.7772865 0.5914568 -0.214487 -0.7570487 0.6165097 -0.216317 0.488824 -0.8559378 0.1685873 0.4003466 -0.8866039 0.2316383 0.4856503 -0.8486139 0.2097577 0.5686606 -0.7849794 0.2458305 0.6540207 -0.7187209 0.2360029 0.5708059 -0.6943793 0.4381987 0.3843925 -0.8953797 0.2248063 0.5211358 -0.8319984 0.190253 0.3567693 -0.9341925 0 0.1214048 -0.9905574 0.06369328 0.5256274 -0.8507149 0 0.1255859 -0.9920828 0 0.5211358 -0.8319984 -0.190253 0.1214048 -0.9905574 -0.06369328 0.3843925 -0.8953797 -0.2248063 0.5708059 -0.6943793 -0.4381987 -0.2642339 -0.959885 -0.0938155 -0.003662228 -0.9978961 -0.06472986 -0.215007 -0.9723687 -0.09094685 0.06906569 -0.9960356 -0.05606436 0.1785079 -0.9837318 -0.02017331 0.2272135 -0.9737982 -0.009552419 0.08459776 -0.01803654 -0.9962521 0.1552855 -0.5735846 0.8042931 -0.4848155 0.2658024 0.8332486 -0.2560884 -0.9666112 0.009033739 -0.2544046 -0.9670794 0.005981624 -0.008972644 -0.9977965 0.06573843 -0.02447646 -0.9983181 0.05255424 0.2159505 -0.9665892 0.1380972 0.2156509 -0.9654239 0.1464632 0.488824 -0.8559378 -0.1685873 0.4856503 -0.8486139 -0.2097577 0.4003466 -0.8866039 -0.2316383 0.5686606 -0.7849794 -0.2458305 0.6540207 -0.7187209 -0.2360029 -0.2642339 -0.959885 0.0938155 -0.215007 -0.9723687 0.09094685 -0.003662228 -0.9978961 0.06472986 0.06906569 -0.9960356 0.05606436 0.1785079 -0.9837318 0.02017331 0.2272135 -0.9737982 0.009552419 0.08456754 -0.01800608 0.9962551 0.1552855 -0.5735844 -0.8042931 -0.4848043 0.265794 -0.8332577 -0.2560884 -0.9666112 -0.009033739 -0.008942127 -0.9977969 -0.06573849 -0.2544046 -0.9670794 -0.005981624 -0.02456808 -0.998319 -0.05249327 0.2159559 -0.9665831 -0.1381312 0.215648 -0.965411 -0.1465528 0.08859789 -0.76793 0.634377 0.2296269 -0.7356059 0.6373033 0.05582022 -0.6938927 0.7179117 -0.01834172 -0.5389596 0.842132 0.2619447 -0.4759135 0.8395781 0.6627625 -0.732286 0.1565347 -0.1387695 -0.4755764 0.86866 0.5433084 -0.6254975 -0.5599721 0.9052591 -0.1764312 0.3864946 -0.4637963 -0.3446199 0.816168 0.6772518 0.3186206 0.6631825 0.7579874 0.5243896 0.3879054 -0.2894148 -0.2389358 0.9269028 0.5402607 0.3123086 0.7813972 0.3412347 0.4346538 0.8334477 0.2474199 0.6154521 0.748333 -0.2278551 0.04394739 0.9727028 -0.09152561 0.2225425 0.9706173 -0.5240803 -0.2106148 0.8252159 -0.6431849 -0.2454326 0.7253111 0.3272905 0.5433377 0.773088 0.6704465 0.5692142 0.4759169 -0.1928511 0.2967081 0.9352929 -0.425987 0.3454163 0.8361955 -0.1547007 0.5984163 0.786108 -0.8955448 -0.3079656 0.3211803 -0.8864646 -0.3237797 0.330677 0.682065 0.6784027 0.2730519 0.508081 0.6718156 0.5389968 -0.4452817 0.4367668 0.7816388 -0.6212785 0.3584781 0.696783 -0.7700024 -0.3549702 0.5301816 -0.3662298 0.6229264 0.6912587 0.372636 0.9246622 0.07837259 0.1357185 0.7141782 0.6866805 -0.6236196 0.5647185 0.5405477 -0.6786616 0.7344512 0 -0.2557843 0.6104824 0.7495904 0.2250467 0.974348 0 0.1215577 0.6473717 0.7524186 -0.6068715 0.03247225 0.7941365 -0.7765209 0.6300916 0 -0.006164848 0.06747782 -0.9977018 -0.4112143 0.8943316 0.1762782 0.1215577 0.6473717 -0.7524186 -0.8287064 0.5596836 0 -0.7156763 0.2028003 0.6683409 -0.4193999 0.5817336 0.6969144 -0.4797844 0.8713088 0.1030921 0.508081 0.6718156 -0.5389968 -0.6236299 0.5647277 -0.540526 -0.9589188 0.157541 0.2359147 0.682065 0.6784027 -0.2730519 0.670467 0.5691447 -0.4759709 0.1357215 0.7141632 -0.6866954 -0.6212854 0.3584515 -0.6967906 -0.9385613 0.3451127 0 0.6731078 0.6893746 -0.2677476 0.327345 0.5433269 -0.7730727 0.5405247 0.312272 -0.7812293 -0.4193925 0.5817537 -0.696902 -0.7156763 0.2028003 -0.6683409 -0.4112143 0.8943316 -0.1762782 -0.4797844 0.8713088 -0.1030921 -0.4259914 0.3453894 -0.8362042 -0.9589188 0.157541 -0.2359147 0.677282 0.3186204 -0.6631517 -0.3662298 0.6229264 -0.6912587 -0.006195366 0.06750822 0.9976995 -0.2557843 0.6104824 -0.7495904 0.8888379 -0.2137862 -0.4052935 -0.09152561 0.2225425 -0.9706173 -0.6431849 -0.2454326 -0.7253111 0.5595138 -0.6822327 0.4706411 0.6476454 -0.7371883 -0.1926364 0.7580969 0.5242588 -0.3878685 0.3412662 0.4346246 -0.8334501 -0.2278551 0.04394739 -0.9727028 -0.1546998 0.5983823 -0.786134 -0.5240803 -0.2106148 -0.8252159 0.2344217 -0.7242628 -0.6484519 0.2679901 -0.492765 -0.8278671 0.2475401 0.6154475 -0.748297 -0.7700149 -0.3549619 -0.5301692 -0.8864646 -0.3237797 -0.330677 -0.1928511 0.2967081 -0.9352929 -0.2893528 -0.2389045 -0.9269302 -0.4637963 -0.3446199 -0.816168 0.09177184 -0.7613675 -0.6417925 0.05841356 -0.6930893 -0.7184811 -0.01458817 -0.5397634 -0.8416904 -0.8955448 -0.3079656 -0.3211803 -0.4453121 0.4367361 -0.7816385 -0.6068375 0.03247207 -0.7941625 -0.1387695 -0.4755764 -0.86866 0.757025 0.6164847 0.2164716 0.8001235 0.5995814 0.017457 0.7772229 0.5914853 0.2146388 0.8140092 0.5478814 0.1929121 0.7776967 0.6286397 0 0.7772108 0.5914993 -0.214644 0.8140092 0.5478814 -0.1929121 0.757025 0.6164847 -0.2164716 -0.4886153 -0.8560687 0.168528 -0.4855022 -0.8487133 0.2096986 -0.4002309 -0.886679 0.2315503 -0.5686434 -0.7850282 0.2457142 -0.6540665 -0.7187376 0.2358253 -0.570618 -0.6947093 0.4379204 -0.520994 -0.8321072 0.1901654 -0.3842701 -0.8954704 0.2246535 -0.3567059 -0.9342168 0 -0.5255118 -0.8507865 0 -0.121465 -0.9905501 0.0636928 -0.520994 -0.8321072 -0.1901654 -0.1256159 -0.992079 0 -0.3842701 -0.8954704 -0.2246535 -0.570618 -0.6947093 -0.4379204 -0.121465 -0.9905501 -0.0636928 0.2642055 -0.9598928 -0.09381628 0.2149778 -0.972375 -0.09094744 0.003662228 -0.9978982 -0.06469947 -0.0690636 -0.9960358 -0.05606263 -0.1785079 -0.9837318 -0.02017331 -0.2272135 -0.9737982 -0.009552419 -0.08459776 -0.01803654 -0.9962521 -0.1552537 -0.5735056 0.8043555 0.4850438 0.2659687 0.8330626 0.2559952 -0.966635 0.009125232 0.008758962 -0.9977945 0.06579935 0.2543188 -0.9671011 0.00613439 0.02459847 -0.9983151 0.05255413 -0.216076 -0.9665738 0.1380078 -0.2157682 -0.9654028 0.1464294 -0.4886153 -0.8560687 -0.168528 -0.4002309 -0.886679 -0.2315503 -0.4855022 -0.8487133 -0.2096986 -0.5686434 -0.7850282 -0.2457142 -0.6540665 -0.7187376 -0.2358253 0.2642055 -0.9598928 0.09381628 0.003662228 -0.9978982 0.06469947 0.2149778 -0.972375 0.09094744 -0.0690636 -0.9960358 0.05606263 -0.1785079 -0.9837318 0.02017331 -0.2272135 -0.9737982 0.009552419 -0.08456754 -0.01800608 0.9962551 -0.1552539 -0.573506 -0.8043552 0.4850585 0.2659625 -0.8330559 0.2559952 -0.966635 -0.009125232 0.2543473 -0.9670936 -0.006134331 0.008728444 -0.9977948 -0.06579935 0.02469009 -0.9983161 -0.05249315 -0.2160751 -0.9665698 -0.1380378 -0.2157727 -0.9653921 -0.1464934 0.9997096 -0.002288877 -0.02398788 0.993472 -0.05624574 0.09924644 0.9899852 -0.1409381 -0.008118093 0.987428 -0.08426433 -0.1337364 0.9741283 -0.1909863 0.1208238 0.9675537 -0.2264533 -0.1120669 0.9615623 -0.2741827 0.01489323 0.6715112 -0.6885713 -0.2737561 0.330916 -0.8627072 -0.3824014 0.4995974 -0.5462306 -0.6723353 0.7898474 -0.3110558 -0.5285691 0.1132249 -0.7020559 -0.703063 0.5037496 -0.120154 -0.8554527 0.1782921 -0.349107 -0.9199653 -0.3308889 -0.862716 -0.3824052 -0.6714944 -0.6885855 -0.2737617 -0.4995974 -0.5462306 -0.6723353 -0.1132249 -0.7020559 -0.703063 -0.7898474 -0.3110558 -0.5285691 -0.1782921 -0.349107 -0.9199653 -0.5037496 -0.120154 -0.8554527 -0.993507 -0.05600184 0.09903329 -0.9997097 -0.00225836 -0.02398788 -0.9899924 -0.1408781 -0.00827074 -0.9742208 -0.1908035 0.1203661 -0.987428 -0.08426433 -0.1337364 -0.9615501 -0.2742403 0.01461839 -0.9675537 -0.2264533 -0.1120669 0.9971521 0.02734512 0.07028555 0.9931147 -0.08612424 0.07941007 0.9999014 -0.0140388 4.27269e-4 0.9951172 0.09766221 -0.01428306 0.9928843 -0.1190558 0.002533078 0.9960455 0.03213638 -0.08282828 0.9947959 -0.07110917 -0.0729708 -0.9931147 -0.08612424 0.07941007 -0.9971521 0.02734512 0.07028555 -0.9999014 -0.0140388 4.27269e-4 -0.9928843 -0.1190558 0.002533078 -0.9951172 0.09766221 -0.01428306 -0.9960455 0.03213638 -0.08282828 -0.9947959 -0.07110917 -0.0729708 -0.9931052 -0.08640074 0.07922863 -0.997202 0.02700912 0.06970494 -0.9998989 -0.0142219 3.6623e-4 -0.9947896 -0.07135283 -0.07281774 -0.996095 0.03186136 -0.08233904 0.9971542 0.02734518 0.07025521 0.9930444 -0.08639812 0.07998919 0.9999018 -0.01400828 4.57789e-4 0.9950511 0.09833317 -0.014283 0.9928845 -0.1190558 0.00250256 0.9947446 -0.07132345 -0.0734598 0.3964992 -0.905063 -0.1537838 0.3982472 -0.9166491 -0.03396803 0.2602082 -0.96545 0.01406943 0.5415595 -0.8404625 -0.01834189 0.3003365 -0.9467269 0.116216 0.4802109 -0.8711853 0.1021459 0.3814306 -0.9151526 0.1304091 -0.9903486 -0.02810817 0.135719 -0.9869391 -0.05243247 0.1523227 -0.9779191 -0.1782612 0.1090747 -0.8402578 -0.3473098 -0.4163445 -0.9998751 -0.01580899 0 -0.884992 -0.4287624 0.1815274 -0.9771333 -0.2126272 0 -0.9779244 -0.1782317 -0.1090753 -0.8302773 -0.5573433 -0.002868771 -0.9869345 -0.05243217 -0.1523525 -0.6962944 -0.6572909 0.2883449 -0.871362 -0.4529398 -0.1886104 -0.9903404 -0.02810794 -0.1357789 -0.5712087 -0.7857935 0.2371694 -0.7040778 -0.6350739 -0.3177353 -0.8402186 -0.3473368 0.4164012 -0.6690204 -0.7432441 0 -0.6072799 -0.7467241 -0.2713196 0.9869391 -0.05243247 0.1523227 0.9903527 -0.02810829 0.135689 0.9779223 -0.1782618 0.1090446 0.9998751 -0.01580899 0 0.8402471 -0.3473054 -0.4163697 0.9771333 -0.2126272 0 0.884987 -0.42876 0.1815569 0.9779244 -0.1782317 -0.1090753 0.8302773 -0.5573433 -0.002868771 0.9869345 -0.05243217 -0.1523525 0.6963241 -0.6572596 0.2883446 0.8713694 -0.4529277 -0.1886054 0.9903396 -0.02813845 -0.1357787 0.5712293 -0.7857798 0.2371653 0.7040778 -0.6350739 -0.3177353 0.8402096 -0.3473457 0.4164119 0.6690204 -0.7432441 0 0.6072799 -0.7467241 -0.2713196 -0.7393544 -0.1301637 -0.6606152 0.02270597 -0.2303256 -0.9728487 -0.7648745 -0.02606344 -0.6436519 -0.5662513 0.002319395 -0.8242293 -0.5070769 0.1335826 -0.8514862 0.4693798 -0.2936523 -0.8327371 -7.32459e-4 0.1684656 -0.9857073 -0.03427308 -0.6513109 -0.7580366 0.522516 0.3326267 0.7850711 -0.007324457 0.07843297 -0.9968926 0.8163555 0.06390696 -0.5740033 0.1828685 -0.1035502 -0.977669 -0.0127263 -0.02710068 0.9995518 -0.04739564 0.127538 0.9907007 0.03232002 -0.1814072 0.9828768 0.2500733 -0.2537966 0.9343718 0.8701669 -0.1371233 0.4732936 -0.226786 -0.08218741 0.9704707 0.298327 -0.1753033 0.9382269 -0.6921387 -0.2472338 0.6781 -0.9404709 -0.2981697 0.1631236 -0.6601982 -0.1733203 0.7308204 -0.9579014 -0.2600223 -0.12171 -0.9623441 -0.2512373 -0.1037971 -0.9208205 -0.1026355 0.3762387 -0.9129642 -0.1492715 0.3797557 -0.8073335 0.5790168 -0.1138074 -0.7450619 0.6534132 0.1339176 -0.4908973 0.8552936 0.1658095 -0.4033117 0.8901547 0.2120476 -0.8213332 0.562164 -0.09686797 -0.7205006 0.5501111 -0.4222045 -0.710067 0.5430337 -0.4482401 -0.8191463 0.5603096 -0.1226888 -0.8259493 0.5572861 -0.08508837 -0.3693138 0.9082234 0.1968188 -0.3864973 0.9213492 0.04165893 -0.3909547 0.9131129 0.1156689 -0.4431168 0.8932836 -0.07544487 -0.646616 0.7517861 -0.1292499 -0.7461387 0.6648044 0.03622651 -0.7289509 0.6839351 -0.02938997 0.5060694 -0.6364169 0.5821232 0.5852476 -0.6305695 0.5097721 0.5230159 -0.6082879 0.5970262 0.693458 -0.651433 0.3078169 0.5152557 -0.5736694 0.6367221 0.7709156 -0.6353186 0.04538208 0.4479305 -0.1741731 0.876939 0.6480758 -0.04620605 0.7601729 0.7726632 -0.3591234 0.5234711 0.9966 0.07187235 -0.04028511 0.9257565 -0.3058286 -0.2223598 0.3690055 0.01849448 0.9292432 0.5721433 0.1556479 0.8052489 0.5449432 0.1904371 0.8165603 0.2404264 -0.2356655 0.9416246 0.3340925 -0.03985792 0.9416972 0.1304403 -0.434201 -0.8913221 0.01437461 -0.7648473 0.6440514 -0.2018859 -0.411066 0.8889696 0.00488305 -0.6112422 -0.7914286 0.3525269 0.5913394 0.7252879 -0.5793067 -0.7444131 0.3320439 0.7283493 0.6201269 -0.2914618 0.4390234 0.6435652 -0.6269627 0.2793442 0.6243662 0.729475 0.3047921 0.6177021 0.7249455 -0.2650001 -0.9269357 0.265641 0.1004996 0.3309499 -0.9382814 0.1729206 0.5892608 -0.7892213 0.1259838 -0.7355465 -0.6656572 -0.4334341 -0.7576399 -0.487972 0.03323489 -0.1529294 -0.9876782 -0.03146529 0.2721093 -0.9617518 -0.23451 -0.868273 -0.4371579 0.04251307 -0.7569652 -0.652071 -0.7353667 -0.6092908 -0.2966493 -0.02691793 -0.7445465 -0.6670278 -0.05362123 -0.1291244 -0.9901776 -0.1956307 -0.9507473 -0.2404336 0.3035718 -0.9285079 -0.2138156 0.01440483 -0.9253916 -0.3787385 0.03763055 -0.7170869 -0.6959673 0.3317106 -0.6279277 -0.704042 0.02823019 -0.7117669 -0.7018482 0.1704812 -0.6764312 -0.7165032 0.5739861 -0.5010743 -0.6476609 -0.5230476 -0.6082893 0.596997 -0.5851805 -0.6306851 0.5097059 -0.5061345 -0.636361 0.5821279 -0.5151968 -0.5738549 0.6366026 -0.6933306 -0.6516417 0.307662 -0.7707398 -0.6355383 0.04529094 -0.4479936 -0.1741434 0.8769127 -0.7726023 -0.3590319 0.5236238 -0.6491677 -0.04754841 0.7591578 -0.4859606 -0.09888285 0.8683689 -0.9949769 0.0925638 -0.03811806 -0.00488305 -0.6112422 -0.7914286 -0.3047921 0.6177021 0.7249455 -0.7283645 0.6200833 -0.2915167 -0.4391401 0.6433743 -0.6270771 -0.8252765 0.4433866 0.3497529 -0.5773962 0.1458521 0.8033312 -0.3667818 0.005401909 0.9302914 -0.3654673 -0.009644031 0.9307743 -0.0214852 -0.01147502 -0.9997033 -0.321181 0.2335612 -0.9177647 -0.1004392 0.3309519 -0.9382872 -0.3061094 -0.7353951 0.6045585 -0.3950986 -0.888041 0.2351181 -0.3711791 -0.8951087 0.2469949 -0.03323507 -0.1528996 -0.9876828 -0.04251307 -0.7569652 -0.652071 -0.1259838 -0.7355465 -0.6656572 0.02691793 -0.7445465 -0.6670278 0.4330904 -0.757626 -0.4882987 0.2345387 -0.8682361 -0.4372158 0.7355685 -0.6089453 -0.2968581 0.1960265 -0.9506506 -0.2404933 -0.03763055 -0.7170869 -0.6959673 -0.02823019 -0.7117669 -0.7018482 -0.3317106 -0.6279277 -0.704042 -0.1704812 -0.6764312 -0.7165032 -0.5739861 -0.5010743 -0.6476609 0.7391505 -0.1303485 -0.6608071 -0.5272772 -0.05996984 -0.8475744 0.7648313 -0.02609354 -0.6437022 -0.680328 -0.2844059 -0.6754755 0.5663422 0.00225836 -0.8241672 0.5070769 0.1335826 -0.8514862 7.01933e-4 0.1685249 -0.9856972 0.03415048 -0.6513312 -0.7580248 0.007568597 0.07837218 -0.9968956 -0.522516 0.3326267 0.7850711 -0.8163262 0.06399863 -0.5740346 -0.1828401 -0.1034904 -0.9776805 -0.4177799 0.1667274 0.8931193 0.01266527 -0.02707022 0.9995533 0.047365 0.1275681 0.9906982 -0.8701669 -0.1371233 0.4732936 -0.03225904 -0.1814076 0.9828788 -0.2500733 -0.2537966 0.9343718 0.2268784 -0.08224874 0.9704439 -0.298327 -0.1753033 0.9382269 0.4723815 -0.2968026 0.829918 0.4836078 -0.2982034 0.8229206 0.6921176 -0.2472677 0.6781092 0.7834184 -0.2252289 0.5792474 0.6601982 -0.1733203 0.7308204 0.9404518 -0.2981123 0.1633391 0.9567639 -0.2683212 0.1122786 0.9623676 -0.2512355 -0.1035827 0.9207966 -0.1027278 0.376272 0.9650464 -0.19282 -0.1774994 0.9257466 -0.2192518 -0.3080939 0.9129642 -0.1492715 0.3797557 0.9580175 -0.2598376 -0.1211904 0.8073335 0.5790168 -0.1138074 0.8326166 0.5529414 -0.03170913 0.8183643 0.5707644 -0.06714153 0.8212735 0.5622565 -0.09683763 0.4907124 0.8553821 0.1659004 0.7389036 0.5513013 -0.3874124 0.4030358 0.8902435 0.2121996 0.7089077 0.5340002 -0.4607534 0.4182327 0.9083074 -0.007690787 0.3928685 0.9132445 0.1078839 0.3909575 0.9131193 0.1156086 0.3692558 0.9082002 0.1970341 0.7767425 -0.6004334 0.1901342 0.3259813 -0.7146502 0.6188792 0.5798864 -0.7440161 0.3319217 0.2021277 -0.4109696 0.8889591 -0.03912532 -0.2049959 0.9779806 -0.2471111 -0.1536014 0.9567355 0.6975437 0.5483056 -0.4612957 0.7114645 0.5521236 -0.434716 0.8190698 0.560482 -0.1224118 0.8258488 0.5574632 -0.08490431 0.7463164 0.6646165 0.03601264 0.6469779 0.7515063 -0.1290659 0.7291719 0.6836979 -0.02942079 0.4566053 0.8823246 -0.1140826 0.367815 0.9246951 -0.09824061 0.4588571 -0.1453327 0.8765437 0.9774678 0.2110095 0.00564599 0.8381846 0.0300616 0.5445576 0.7279431 0.1366648 -0.6718794 0.4261047 -0.04818928 -0.9033895 0.05038762 -0.9816279 -0.1840323 0.3365354 -0.9413652 -0.02398806 0.3964132 -0.892746 0.2141528 -0.3539031 -0.8889388 -0.2907584 -0.05041801 -0.9816264 -0.184032 0.1757926 0.5936357 0.7852985 -0.453951 -0.8606268 -0.2307599 -0.4590445 -0.1454256 0.8764299 -0.8383051 0.02948164 0.5444039 -0.9774961 0.2108869 0.005310297 -0.7277698 0.1369413 -0.6720106 -0.4262312 -0.04803723 -0.9033379 -0.2902399 0.946591 -0.1404504 -0.4410884 0.8725634 -0.2099389 -0.5892688 0.736769 -0.3315629 -0.7967549 0.566765 -0.2096643 0.5892488 0.7367822 -0.3315688 0.4410884 0.8725634 -0.2099389 0.7967687 0.5667443 -0.2096679 0.2902399 0.946591 -0.1404504 0.9597605 0.2563593 0.1146292 0.8541779 0.05023497 -0.5175486 0.7369683 0.6434282 -0.2070701 0.6627281 0.2755289 0.69633 0.9528601 0.2698478 0.1387082 0.9924056 0.08111858 0.09247148 0.765334 0.337422 -0.5480971 0.5209864 0.1135299 0.8459811 0.2616134 0.2358549 0.9359118 0.9762627 -0.1270799 0.1753909 0.7040184 0.2896889 -0.6484124 0.6501626 0.244677 -0.7193204 0.5794638 0.01144456 -0.8149177 0.7285586 0.124397 0.6735932 0.8920909 0.1841558 -0.4126263 0.2587098 0.3832579 -0.8866694 0.6416335 0.1797879 -0.7456426 0.4262652 -0.08267718 -0.9008122 0.6968197 0.145303 -0.7023742 0.9885141 -0.09277808 -0.1192992 0.9821161 -0.129372 -0.1367882 -0.5209348 0.113654 0.8459963 -0.7285984 0.1246122 0.6735103 -0.9598005 0.2563313 0.1143557 -0.9602548 -0.2747334 -0.0493189 -0.8266104 0.2739396 0.491602 -0.8540396 0.05017298 -0.5177829 -0.9528458 0.269944 0.138619 -0.3652807 -0.1320247 0.9214876 -0.7653309 0.3374817 -0.5480645 -0.6967159 0.1452699 -0.702484 -0.892057 0.1844604 -0.4125638 -0.6501626 0.244677 -0.7193204 -0.5794638 0.01144456 -0.8149177 -0.4262652 -0.08267718 -0.9008122 -0.2587098 0.3832579 -0.8866694 -0.9599923 -0.1075204 0.2585616 -0.9762679 -0.1270805 0.1753613 0.5694581 0.7485142 -0.3397704 0.5112834 0.7773168 -0.3665627 -0.5702745 0.7481992 -0.3390945 0.002838253 -0.8222867 -0.5690664 0.2982644 0.9464623 -0.1234807 0.4528976 0.8690812 -0.1989514 0.7961325 0.5673886 -0.2103406 0.6039106 0.7317244 -0.3160246 -0.4282747 0.8809342 -0.2013345 -0.7961575 0.5673542 -0.2103391 -0.2662788 0.9557957 -0.1247008 -0.9923597 0.08136397 0.09274756 -0.7040122 0.2897168 -0.6484066 -0.326345 0.2138501 -0.9207428 -0.8542023 0.05017358 -0.5175144 -0.9597638 0.2563602 0.1145991 -0.9528112 0.2700038 0.1387405 -0.6627482 0.2755855 0.6962884 -0.7653614 0.3375122 -0.5480034 -0.7286465 0.1243963 0.6734983 -0.5209864 0.1135299 0.8459811 -0.8920909 0.1841558 -0.4126263 -0.2616059 0.2358481 0.9359157 -0.6501484 0.2446716 -0.7193351 -0.9531907 0.1384373 0.2688173 -0.6968197 0.145303 -0.7023742 -0.6416155 0.1797915 -0.7456572 -0.9894024 -0.07034677 -0.1270209 0.5209348 0.113654 0.8459963 0.9255121 -0.3787074 0.002838194 0.9602188 -0.274854 -0.04934918 0.7285984 0.1246122 0.6735103 0.6967159 0.1452699 -0.702484 0.8919634 0.1843684 -0.412807 0.9597573 0.2564806 0.1143847 0.9528686 0.2699112 0.1385263 0.8266104 0.2739396 0.491602 0.7652468 0.3375155 -0.5481613 0.3652807 -0.1320247 0.9214876 0.6501851 0.2446434 -0.7193115 0.4261147 -0.08273863 -0.9008777 0.3400433 -0.1999914 -0.9188984 0.9595341 -0.1107553 0.2588972 0.2612477 0.3887891 -0.8835116 0.9755535 -0.1307757 0.1766159 -0.5701268 0.7481445 -0.3394636 -0.3512476 0.8464856 -0.4001091 -0.5118092 0.7770833 -0.3663236 -0.3060783 0.8721203 -0.3817358 0.5702804 0.7482069 -0.3390675 0.00225836 -0.8220231 -0.5694498 0.154426 -0.8411948 0.5182123 -0.7797302 -0.375689 0.5008779 -0.6622769 -0.3415457 0.6668853 -0.4696065 -0.354059 0.8087719 -0.0941829 -0.1157906 0.9887984 -0.4105145 -0.5016145 0.7614859 -0.286879 0.1237852 0.9499356 -0.8865889 -0.2653663 0.378868 0.1411488 -0.006927728 0.9899643 0.6887636 0.156748 0.7078382 0.7951879 0.5849689 -0.159648 0.6195144 0.252579 -0.7432402 0.3843927 0.4088083 -0.8277186 0.8406239 0.5409548 0.02682644 0.03833168 -0.04452699 -0.9982726 0.9459486 0.3178595 -0.0643959 -0.5421742 -0.1406326 -0.828414 -0.9658932 -0.2571829 -0.03012216 -0.8092229 -0.4532442 -0.3738021 -0.8403672 -0.3456565 0.4174979 -0.9636395 -0.1701437 -0.2060342 -0.9197241 -0.3241435 -0.2214467 -0.9036422 -0.232434 0.3597295 0.07513844 0.8578968 0.5082985 0.9349761 0.3544156 0.01446592 0.9137998 -0.2118934 0.3465127 0.2382631 0.8704676 -0.4307169 0.5699157 0.4139015 -0.7098463 0.0285049 0.2521193 -0.9672762 -0.06781327 0.4207354 -0.9046453 -0.3340293 -0.7276315 0.5991469 -0.3464912 -0.6883128 0.6373143 -0.251295 -0.7464383 0.6161824 -0.1825369 -0.5636945 0.8055612 0.4109451 -0.5012524 0.7614921 0.09430539 -0.1164321 0.9887114 -0.1411529 -0.00701946 0.9899629 0.4838819 -0.09454846 0.8700109 -0.5305755 0.1141416 0.8399176 -0.3555791 0.14637 0.923114 0.4896489 -0.1445996 0.8598459 -0.8220866 0.5658503 -0.06314349 -0.5044567 0.4144547 -0.7574634 -0.03836214 -0.04452699 -0.9982714 0.1250988 0.2064635 -0.9704242 0.05310332 0.1312935 -0.9899202 0.6432239 -0.1943161 -0.7406108 -0.4009565 0.1309868 -0.9066842 -0.05835181 -0.1588805 -0.9855719 0.4042535 -0.1709059 -0.8985378 0.9038355 -0.2326197 0.3591232 0.7797063 -0.3756922 0.5009127 0.624392 -0.4018155 0.669835 0.5926873 -0.3533234 0.7237988 -0.7900491 -0.1272038 0.5997012 -0.6116577 0.2436926 0.7526546 -0.5113733 0.3369888 0.7905289 -0.0751388 0.8579315 0.5082399 0.2869392 0.7673687 0.5734207 0.3072028 0.7585155 0.5747005 0.6185697 0.557195 0.5539904 -0.6600797 0.5741973 -0.4843474 -0.6792039 0.3972374 -0.6171585 -0.6776152 0.4170737 -0.6057122 -0.5463848 0.2932282 -0.7845259 -0.1059625 0.05713188 -0.9927275 -0.420859 0.2269403 -0.87828 -0.6767413 0.3649227 -0.6394159 0.6338557 -0.5108019 -0.5807826 0.7741178 -0.4362404 -0.4587331 0.8019626 -0.3929393 -0.4499499 0.5734015 -0.5763313 0.5822826 0.2270611 -0.05749773 0.9721817 0.4859606 -0.09888285 0.8683689 0.4584544 0.03701937 0.8879466 0.3783757 -0.02838271 0.9252169 0.5339286 0.2055449 0.8201656 0.5910371 0.1879684 0.784438 0.603006 -0.05243259 -0.7960118 0.7863869 0.5760184 0.223156 0.8948197 0.4391697 0.08017361 0.4554994 -0.4554079 -0.7649339 0.2011476 0.003936886 -0.9795531 0.5425755 0.3289086 -0.7729367 0.3215439 -0.3413199 0.8832386 0.2476324 0.2842249 -0.9262259 0.2905134 -0.7745193 0.5618913 0.2428714 0.411154 -0.8786159 0.3711791 -0.8951087 0.2469949 0.08936005 0.4625179 -0.8820953 -0.5734015 -0.5763313 0.5822826 -0.2270611 -0.05749773 0.9721817 -0.4585156 0.03698885 0.8879162 -0.9041968 0.4243716 0.04834264 -0.5921648 0.1898907 0.7831236 -0.6031177 -0.05227911 -0.7959372 -0.529019 0.2291378 0.8170893 -0.7968089 0.5588466 0.2297524 -0.201089 0.003967404 -0.979565 -0.5416632 0.3283917 -0.7737958 -0.3750818 -0.02911537 0.9265344 -0.2476038 0.2842271 -0.9262329 -0.5303552 0.1922683 0.8256854 -0.2428714 0.411154 -0.8786159 -0.8250851 0.2434207 0.5098834 -0.3163305 -0.2449158 0.9164887 -0.08936005 0.4625179 -0.8820953 -0.3215439 -0.3413199 0.8832386 -0.1729829 0.5892347 -0.7892271 -0.2905134 -0.7745193 0.5618913 0.03146529 0.2721093 -0.9617518 0.05362123 -0.1291244 -0.9901776 -0.01440483 -0.9253916 -0.3787385 -0.3035718 -0.9285079 -0.2138156</float_array>
          <technique_common>
            <accessor source="#C01_Body_Ch-mesh-normals-array" count="1676" stride="3">
              <param name="X" type="float"/>
              <param name="Y" type="float"/>
              <param name="Z" type="float"/>
            </accessor>
          </technique_common>
        </source>
        <source id="C01_Body_Ch-mesh-map-0">
          <float_array id="C01_Body_Ch-mesh-map-0-array" count="12408">0.600301 -0.441899 0.521929 -0.393366 0.66966 -0.378569 0.521929 -0.393366 0.421575 -0.381552 0.485758 -0.360605 0.421575 -0.381552 0.421575 -0.346416 0.485758 -0.360605 0.521929 -0.393366 0.485758 -0.360605 0.60158 -0.343493 0.521929 -0.393366 0.60158 -0.343493 0.66966 -0.378569 0.421575 -0.346416 0.44575 -0.337038 0.485758 -0.360605 0.60158 -0.343493 0.485758 -0.360605 0.55944 -0.297213 0.421575 -0.381552 0.397521 -0.356646 0.421575 -0.346416 0.44575 -0.337038 0.477172 -0.321023 0.485758 -0.360605 0.485758 -0.360605 0.477172 -0.321023 0.55944 -0.297213 0.60158 -0.343493 0.668625 -0.284973 0.710703 -0.316334 0.60158 -0.343493 0.55944 -0.297213 0.668625 -0.284973 0.397521 -0.356646 0.381201 -0.335394 0.421575 -0.346416 0.421575 -0.346416 0.381201 -0.335394 0.400749 -0.32425 0.421575 -0.346416 0.400749 -0.32425 0.44575 -0.337038 0.44575 -0.337038 0.400749 -0.32425 0.416947 -0.316456 0.477172 -0.321023 0.44575 -0.337038 0.459877 -0.305678 0.477172 -0.321023 0.459877 -0.305678 0.458416 -0.289236 0.55944 -0.297213 0.477172 -0.321023 0.473883 -0.278823 0.477172 -0.321023 0.458416 -0.289236 0.473883 -0.278823 0.400749 -0.32425 0.392102 -0.298309 0.416947 -0.316456 0.416947 -0.316456 0.392102 -0.298309 0.414572 -0.281807 0.400749 -0.32425 0.369814 -0.318892 0.392102 -0.298309 0.44575 -0.337038 0.445324 -0.314873 0.459877 -0.305678 0.44575 -0.337038 0.416947 -0.316456 0.445324 -0.314873 0.458416 -0.289236 0.443619 -0.281624 0.473883 -0.278823 0.55944 -0.297213 0.473883 -0.278823 0.529602 -0.250141 0.414572 -0.281807 0.392102 -0.298309 0.418956 -0.237902 0.55944 -0.297213 0.529602 -0.250141 0.681717 -0.2179279 0.416947 -0.316456 0.414572 -0.281807 0.432597 -0.306287 0.416947 -0.316456 0.432597 -0.306287 0.445324 -0.314873 0.443619 -0.281624 0.441974 -0.261894 0.473883 -0.278823 0.473883 -0.278823 0.441974 -0.261894 0.529602 -0.250141 0.392102 -0.298309 0.379496 -0.262929 0.418956 -0.237902 0.430648 -0.292768 0.441974 -0.261894 0.443619 -0.281624 0.430648 -0.292768 0.414572 -0.281807 0.441974 -0.261894 0.432597 -0.306287 0.414572 -0.281807 0.430648 -0.292768 0.441974 -0.261894 0.418956 -0.237902 0.51992 -0.181513 0.529602 -0.250141 0.441974 -0.261894 0.51992 -0.181513 0.529602 -0.250141 0.51992 -0.181513 0.666737 -0.180721 0.44033 -0.138887 0.381993 -0.126403 0.456528 -0.07251095 0.44033 -0.138887 0.456528 -0.07251095 0.525644 -0.1197659 0.445263 -0.01039797 0.456528 -0.07251095 0.372128 -0.006743967 0.397521 -0.356646 0.386621 -0.384902 0.36476 -0.352201 0.397521 -0.356646 0.421575 -0.381552 0.386621 -0.384902 0.36476 -0.352201 0.344299 -0.327112 0.381201 -0.335394 0.421575 -0.381552 0.458721 -0.40658 0.386621 -0.384902 0.344299 -0.327112 0.369814 -0.318892 0.381201 -0.335394 0.344299 -0.327112 0.333399 -0.290332 0.369814 -0.318892 0.316714 -0.01246899 0.316653 -0.07433795 0.194742 -0.007596969 0.316653 -0.07433795 0.196386 -0.03286796 0.194742 -0.007596969 0.196386 -0.03286796 0.109672 -0.008875966 0.194742 -0.007596969 0.150532 -0.1991119 0.147792 -0.165863 0.177691 -0.148873 0.177691 -0.148873 0.147792 -0.165863 0.141398 -0.113433 0.150532 -0.1991119 0.08050197 -0.183401 0.147792 -0.165863 0.141398 -0.113433 0.183598 -0.107587 0.177691 -0.148873 0.206799 -0.467231 0.165817 -0.473564 0.1911489 -0.407067 0.147792 -0.165863 0.08050197 -0.183401 0.106992 -0.156912 0.147792 -0.165863 0.106992 -0.156912 0.141398 -0.113433 0.177691 -0.148873 0.183598 -0.107587 0.209356 -0.153623 0.106992 -0.156912 0.1008419 -0.135111 0.141398 -0.113433 0.08050197 -0.183401 0.03994697 -0.173231 0.07532596 -0.16294 0.163381 -0.07859998 0.186338 -0.05789595 0.193463 -0.06946599 0.165817 -0.473564 0.117344 -0.504803 0.1202059 -0.451703 0.106992 -0.156912 0.08050197 -0.183401 0.08695697 -0.153562 0.08050197 -0.183401 0.07532596 -0.16294 0.08695697 -0.153562 0.1008419 -0.135111 0.09456896 -0.118426 0.141398 -0.113433 0.117344 -0.504803 0.09170699 -0.480324 0.1202059 -0.451703 0.106992 -0.156912 0.083669 -0.139678 0.1008419 -0.135111 0.106992 -0.156912 0.08695697 -0.153562 0.083669 -0.139678 0.1008419 -0.135111 0.083669 -0.139678 0.09456896 -0.118426 0.141398 -0.113433 0.122825 -0.06952697 0.163381 -0.07859998 0.163381 -0.07859998 0.122825 -0.06952697 0.164842 -0.067761 0.117344 -0.504803 0.067532 -0.508214 0.09170699 -0.480324 0.117344 -0.504803 0.08123296 -0.554433 0.067532 -0.508214 0.083669 -0.139678 0.07234299 -0.117513 0.09456896 -0.118426 0.09456896 -0.118426 0.07234299 -0.117513 0.06777495 -0.08499395 0.083669 -0.139678 0.071855 -0.136146 0.07234299 -0.117513 0.09456896 -0.118426 0.101572 -0.08255898 0.141398 -0.113433 0.141398 -0.113433 0.101572 -0.08255898 0.122825 -0.06952697 0.09456896 -0.118426 0.06777495 -0.08499395 0.101572 -0.08255898 0.164842 -0.067761 0.122825 -0.06952697 0.113203 -0.05180698 0.164842 -0.067761 0.113203 -0.05180698 0.186338 -0.05789595 0.04548799 -0.129144 0.038302 -0.09741699 0.07234299 -0.117513 0.07234299 -0.117513 0.038302 -0.09741699 0.06777495 -0.08499395 0.07234299 -0.117513 0.06186896 -0.142967 0.04548799 -0.129144 0.05949395 -0.158129 0.04548799 -0.129144 0.06186896 -0.142967 0.07234299 -0.117513 0.071855 -0.136146 0.06186896 -0.142967 0.171784 -0.03432995 0.109672 -0.008875966 0.196386 -0.03286796 0.101572 -0.08255898 0.06777495 -0.08499395 0.074413 -0.06800496 0.113203 -0.05180698 0.08263397 -0.04388999 0.109672 -0.008875966 0.113203 -0.05180698 0.122825 -0.06952697 0.08263397 -0.04388999 0.122825 -0.06952697 0.07946699 -0.06075799 0.08263397 -0.04388999 0.04548799 -0.129144 0.02935099 -0.145098 0.038302 -0.09741699 0.038302 -0.09741699 0.02935099 -0.145098 0.00170499 -0.103202 0.06777495 -0.08499395 0.05218595 -0.06319397 0.074413 -0.06800496 0.06777495 -0.08499395 0.038302 -0.09741699 0.05218595 -0.06319397 0.07946699 -0.06075799 0.05242997 -0.05302494 0.08263397 -0.04388999 0.109672 -0.008875966 0.08263397 -0.04388999 0.05675297 -0.00930196 0.00170499 -0.103202 0.02935099 -0.145098 0.001277983 -0.148021 0.038302 -0.09741699 0.00170499 -0.103202 0.005601942 -0.05405998 0.038302 -0.09741699 0.005601942 -0.05405998 0.02928996 -0.05679994 0.038302 -0.09741699 0.02928996 -0.05679994 0.05218595 -0.06319397 0.08263397 -0.04388999 0.05504798 -0.03767895 0.05675297 -0.00930196 0.05242997 -0.05302494 0.05504798 -0.03767895 0.08263397 -0.04388999 0.05242997 -0.05302494 0.02843695 -0.04577797 0.05504798 -0.03767895 0.05675297 -0.00930196 0.05504798 -0.03767895 0.03166496 -0.03134596 0.05504798 -0.03767895 0.02843695 -0.04577797 0.03166496 -0.03134596 0.05675297 -0.00930196 0.03166496 -0.03134596 0.02313995 -0.006743967 0.02843695 -0.04577797 0.008037984 -0.04041898 0.03166496 -0.03134596 0.01242196 -0.02568298 0.03166496 -0.03134596 0.008037984 -0.04041898 0.02313995 -0.006743967 0.03166496 -0.03134596 0.01242196 -0.02568298 0.008037984 -0.04041898 0.02843695 -0.04577797 0.005601942 -0.05405998 0.02843695 -0.04577797 0.02928996 -0.05679994 0.005601942 -0.05405998 0.02843695 -0.04577797 0.05242997 -0.05302494 0.02928996 -0.05679994 0.05242997 -0.05302494 0.05218595 -0.06319397 0.02928996 -0.05679994 0.05242997 -0.05302494 0.07946699 -0.06075799 0.05218595 -0.06319397 0.07946699 -0.06075799 0.074413 -0.06800496 0.05218595 -0.06319397 0.07946699 -0.06075799 0.122825 -0.06952697 0.074413 -0.06800496 0.122825 -0.06952697 0.101572 -0.08255898 0.074413 -0.06800496 1.31667 -0.01246899 1.19476 -0.007596969 1.31667 -0.07433795 1.19476 -0.007596969 1.1964 -0.03286796 1.31667 -0.07433795 1.19476 -0.007596969 1.10969 -0.008875966 1.1964 -0.03286796 1.14781 -0.165863 1.15055 -0.1991119 1.17771 -0.148873 1.17771 -0.148873 1.14135 -0.113433 1.14781 -0.165863 1.15055 -0.1991119 1.14781 -0.165863 1.08052 -0.183401 1.17771 -0.148873 1.18361 -0.107587 1.14135 -0.113433 1.14781 -0.165863 1.10701 -0.156912 1.08052 -0.183401 1.14781 -0.165863 1.14135 -0.113433 1.10701 -0.156912 1.15055 -0.1991119 1.08819 -0.259824 1.16668 -0.278153 1.15055 -0.1991119 1.08052 -0.183401 1.08819 -0.259824 1.17771 -0.148873 1.20937 -0.153623 1.18361 -0.107587 1.10701 -0.156912 1.14135 -0.113433 1.10086 -0.135111 1.08052 -0.183401 1.03996 -0.173231 1.00702 -0.257266 1.1634 -0.07859998 1.18629 -0.05789595 1.1648 -0.067761 1.10701 -0.156912 1.08691 -0.153562 1.08052 -0.183401 1.1634 -0.07859998 1.1648 -0.067761 1.12284 -0.06952697 1.14135 -0.113433 1.1634 -0.07859998 1.12284 -0.06952697 1.10086 -0.135111 1.14135 -0.113433 1.09452 -0.118426 1.18629 -0.05789595 1.1634 -0.07859998 1.19342 -0.06946599 1.10701 -0.156912 1.08362 -0.139678 1.08691 -0.153562 1.10086 -0.135111 1.08362 -0.139678 1.10701 -0.156912 1.10086 -0.135111 1.09452 -0.118426 1.08362 -0.139678 1.08052 -0.183401 1.07528 -0.16294 1.03996 -0.173231 1.08052 -0.183401 1.08691 -0.153562 1.07528 -0.16294 1.14135 -0.113433 1.10159 -0.08255898 1.09452 -0.118426 1.14135 -0.113433 1.12284 -0.06952697 1.10159 -0.08255898 1.18629 -0.05789595 1.19342 -0.06946599 1.1964 -0.03286796 1.1648 -0.067761 1.18629 -0.05789595 1.11322 -0.05180698 1.1648 -0.067761 1.11322 -0.05180698 1.12284 -0.06952697 1.31667 -0.07433795 1.19342 -0.06946599 1.24396 -0.1507 1.08362 -0.139678 1.09452 -0.118426 1.07236 -0.117513 1.09452 -0.118426 1.06779 -0.08499395 1.07236 -0.117513 1.10159 -0.08255898 1.06779 -0.08499395 1.09452 -0.118426 1.12284 -0.06952697 1.11322 -0.05180698 1.08265 -0.04388999 1.18629 -0.05789595 1.1964 -0.03286796 1.1718 -0.03432995 1.08362 -0.139678 1.07236 -0.117513 1.07187 -0.136146 1.10159 -0.08255898 1.07443 -0.06800496 1.06779 -0.08499395 1.12284 -0.06952697 1.08265 -0.04388999 1.07948 -0.06075799 1.1718 -0.03432995 1.1964 -0.03286796 1.10969 -0.008875966 1.11322 -0.05180698 1.10969 -0.008875966 1.08265 -0.04388999 1.18629 -0.05789595 1.10969 -0.008875966 1.11322 -0.05180698 1.1718 -0.03432995 1.10969 -0.008875966 1.18629 -0.05789595 1.07236 -0.117513 1.03832 -0.09741699 1.04544 -0.129144 1.07236 -0.117513 1.06779 -0.08499395 1.03832 -0.09741699 1.07236 -0.117513 1.04544 -0.129144 1.06182 -0.142967 1.06182 -0.142967 1.04544 -0.129144 1.05951 -0.158129 1.07187 -0.136146 1.07236 -0.117513 1.06182 -0.142967 1.06779 -0.08499395 1.0522 -0.06319397 1.03832 -0.09741699 1.07443 -0.06800496 1.0522 -0.06319397 1.06779 -0.08499395 1.16583 -0.473564 1.12022 -0.451703 1.1173 -0.504803 1.07948 -0.06075799 1.08265 -0.04388999 1.05245 -0.05302494 1.10969 -0.008875966 1.05677 -0.00930196 1.08265 -0.04388999 1.04544 -0.129144 1.03832 -0.09741699 1.02937 -0.145098 1.0522 -0.06319397 1.02924 -0.05679994 1.03832 -0.09741699 1.08265 -0.04388999 1.05677 -0.00930196 1.05506 -0.03767895 1.05245 -0.05302494 1.08265 -0.04388999 1.05506 -0.03767895 1.02924 -0.05679994 1.00562 -0.05405998 1.03832 -0.09741699 1.03832 -0.09741699 1.00562 -0.05405998 1.00172 -0.103202 1.05245 -0.05302494 1.05506 -0.03767895 1.02839 -0.04577797 1.05506 -0.03767895 1.03162 -0.03134596 1.02839 -0.04577797 1.05677 -0.00930196 1.03162 -0.03134596 1.05506 -0.03767895 1.1173 -0.504803 1.06755 -0.508214 1.08125 -0.554433 1.05677 -0.00930196 1.02315 -0.006743967 1.03162 -0.03134596 1.02839 -0.04577797 1.03162 -0.03134596 1.00799 -0.04041898 1.02315 -0.006743967 1.01238 -0.02568298 1.03162 -0.03134596 1.03162 -0.03134596 1.01238 -0.02568298 1.00799 -0.04041898 1.00799 -0.04041898 1.00562 -0.05405998 1.02839 -0.04577797 1.00562 -0.05405998 1.02924 -0.05679994 1.02839 -0.04577797 1.02924 -0.05679994 1.05245 -0.05302494 1.02839 -0.04577797 1.02924 -0.05679994 1.0522 -0.06319397 1.05245 -0.05302494 1.0522 -0.06319397 1.07948 -0.06075799 1.05245 -0.05302494 1.0522 -0.06319397 1.07443 -0.06800496 1.07948 -0.06075799 1.07443 -0.06800496 1.12284 -0.06952697 1.07948 -0.06075799 1.07443 -0.06800496 1.10159 -0.08255898 1.12284 -0.06952697 1.60031 -0.441899 1.52194 -0.393366 1.45873 -0.40658 1.60031 -0.441899 1.66961 -0.378569 1.52194 -0.393366 1.60159 -0.343493 1.55946 -0.297213 1.48577 -0.360605 1.39748 -0.356646 1.42159 -0.346416 1.38122 -0.335394 1.60159 -0.343493 1.66864 -0.284973 1.55946 -0.297213 1.60159 -0.343493 1.71072 -0.316334 1.66864 -0.284973 1.55946 -0.297213 1.52962 -0.250141 1.4739 -0.278823 1.40076 -0.32425 1.39206 -0.298309 1.36977 -0.318892 1.4169 -0.316456 1.39206 -0.298309 1.40076 -0.32425 1.52962 -0.250141 1.44199 -0.261894 1.4739 -0.278823 1.4739 -0.278823 1.44199 -0.261894 1.44363 -0.281624 1.45843 -0.289236 1.4739 -0.278823 1.44363 -0.281624 1.45989 -0.305678 1.44534 -0.314873 1.44576 -0.337038 1.55946 -0.297213 1.68173 -0.2179279 1.52962 -0.250141 1.55946 -0.297213 1.65792 -0.244295 1.68173 -0.2179279 1.44199 -0.261894 1.41897 -0.237902 1.41459 -0.281807 1.41459 -0.281807 1.41897 -0.237902 1.39206 -0.298309 1.41459 -0.281807 1.39206 -0.298309 1.4169 -0.316456 1.44363 -0.281624 1.44199 -0.261894 1.43066 -0.292768 1.41459 -0.281807 1.43066 -0.292768 1.44199 -0.261894 1.41459 -0.281807 1.43261 -0.306287 1.43066 -0.292768 1.44534 -0.314873 1.43261 -0.306287 1.4169 -0.316456 1.41459 -0.281807 1.4169 -0.316456 1.43261 -0.306287 1.52962 -0.250141 1.68173 -0.2179279 1.66675 -0.180721 1.44199 -0.261894 1.52962 -0.250141 1.51993 -0.181513 1.52962 -0.250141 1.66675 -0.180721 1.51993 -0.181513 1.44199 -0.261894 1.51993 -0.181513 1.41897 -0.237902 1.36477 -0.352201 1.38122 -0.335394 1.34425 -0.327112 1.39748 -0.356646 1.36477 -0.352201 1.38663 -0.384902 1.39748 -0.356646 1.38663 -0.384902 1.42159 -0.381552 1.38663 -0.384902 1.42256 -0.451825 1.45873 -0.40658 1.38663 -0.384902 1.45873 -0.40658 1.42159 -0.381552 0.03574496 -0.981305 0.004931986 -0.904273 0.09243798 -0.892216 0.004931986 -0.904273 0.02569699 -0.837898 0.09243798 -0.892216 0.02569699 -0.837898 0.05559694 -0.79515 0.09243798 -0.892216 0.05559694 -0.79515 0.107053 -0.783945 0.09243798 -0.892216 0.936745 -0.755934 0.96433 -0.674274 0.966096 -0.741441 0.96433 -0.674274 0.995082 -0.673787 0.966096 -0.741441 0.96433 -0.674274 0.966583 -0.602601 0.995082 -0.673787 0.966583 -0.602601 0.977483 -0.59645 0.995082 -0.673787 0.603285 -0.602053 0.552377 -0.596207 0.593724 -0.566125 0.552377 -0.596207 0.545191 -0.556625 0.593724 -0.566125 0.552377 -0.596207 0.503965 -0.56856 0.545191 -0.556625 0.552377 -0.596207 0.510116 -0.602722 0.503965 -0.56856 0.510116 -0.602722 0.472909 -0.59986 0.473031 -0.566064 0.510116 -0.602722 0.473031 -0.566064 0.503965 -0.56856 0.472909 -0.59986 0.423889 -0.602418 0.428638 -0.565211 0.472909 -0.59986 0.428638 -0.565211 0.473031 -0.566064 0.967618 -0.946291 0.938145 -0.894713 0.964391 -0.845205 0.967618 -0.946291 0.877555 -0.994824 0.938145 -0.894713 0.877555 -0.994824 0.813494 -0.992388 0.827256 -0.912738 0.877555 -0.994824 0.827256 -0.912738 0.864706 -0.915356 0.938145 -0.894713 0.877555 -0.994824 0.864706 -0.915356 0.938145 -0.894713 0.864706 -0.915356 0.888333 -0.871207 0.938145 -0.894713 0.888333 -0.871207 0.928219 -0.861586 0.813494 -0.992388 0.751746 -0.963524 0.779941 -0.913895 0.813494 -0.992388 0.779941 -0.913895 0.827256 -0.912738 0.864706 -0.915356 0.85338 -0.867371 0.888333 -0.871207 0.864706 -0.915356 0.827256 -0.912738 0.85338 -0.867371 0.928219 -0.861586 0.888333 -0.871207 0.895275 -0.834792 0.888333 -0.871207 0.85338 -0.867371 0.895275 -0.834792 0.751746 -0.963524 0.745718 -0.872608 0.779941 -0.913895 0.928219 -0.861586 0.895275 -0.834792 0.90922 -0.812809 0.928219 -0.861586 0.90922 -0.812809 0.955805 -0.809704 0.827256 -0.912738 0.779941 -0.913895 0.79827 -0.86731 0.827256 -0.912738 0.79827 -0.86731 0.85338 -0.867371 0.779941 -0.913895 0.745718 -0.872608 0.79827 -0.86731 0.751746 -0.963524 0.690669 -0.89928 0.745718 -0.872608 0.90922 -0.812809 0.895275 -0.834792 0.874876 -0.810008 0.903557 -0.78425 0.90922 -0.812809 0.874876 -0.810008 0.936745 -0.755934 0.917258 -0.674152 0.96433 -0.674274 0.79827 -0.86731 0.813067 -0.804162 0.827195 -0.844901 0.85338 -0.867371 0.79827 -0.86731 0.827195 -0.844901 0.690669 -0.89928 0.730981 -0.805137 0.745718 -0.872608 0.745718 -0.872608 0.730981 -0.805137 0.79827 -0.86731 0.903557 -0.78425 0.874876 -0.810008 0.881635 -0.772558 0.936745 -0.755934 0.903557 -0.78425 0.904897 -0.748565 0.903557 -0.78425 0.881635 -0.772558 0.904897 -0.748565 0.936745 -0.755934 0.904897 -0.748565 0.917258 -0.674152 0.895275 -0.834792 0.870917 -0.83869 0.874876 -0.810008 0.85338 -0.867371 0.827195 -0.844901 0.870917 -0.83869 0.895275 -0.834792 0.85338 -0.867371 0.870917 -0.83869 0.96433 -0.674274 0.917258 -0.674152 0.931691 -0.613622 0.96433 -0.674274 0.931691 -0.613622 0.966583 -0.602601 0.813067 -0.804162 0.79827 -0.86731 0.787918 -0.805624 0.79827 -0.86731 0.730981 -0.805137 0.787918 -0.805624 0.690669 -0.89928 0.666981 -0.803432 0.730981 -0.805137 0.881635 -0.772558 0.881026 -0.740771 0.904897 -0.748565 0.870917 -0.83869 0.850518 -0.825658 0.874876 -0.810008 0.827195 -0.844901 0.850518 -0.825658 0.870917 -0.83869 0.827195 -0.844901 0.813067 -0.804162 0.850518 -0.825658 0.966583 -0.602601 0.931691 -0.613622 0.960372 -0.595415 0.917258 -0.674152 0.904897 -0.748565 0.889186 -0.680972 0.904897 -0.748565 0.881026 -0.740771 0.889186 -0.680972 0.917258 -0.674152 0.889186 -0.680972 0.893753 -0.642852 0.917258 -0.674152 0.893753 -0.642852 0.931691 -0.613622 0.787918 -0.805624 0.730981 -0.805137 0.73908 -0.738152 0.730981 -0.805137 0.666981 -0.803432 0.73908 -0.738152 0.881635 -0.772558 0.855876 -0.783702 0.881026 -0.740771 0.881635 -0.772558 0.874876 -0.810008 0.855876 -0.783702 0.813067 -0.804162 0.787918 -0.805624 0.826951 -0.746739 0.813067 -0.804162 0.826951 -0.746739 0.831336 -0.7591 0.844733 -0.802884 0.813067 -0.804162 0.831336 -0.7591 0.850518 -0.825658 0.844733 -0.802884 0.874876 -0.810008 0.844733 -0.802884 0.855876 -0.783702 0.874876 -0.810008 0.844733 -0.802884 0.850518 -0.825658 0.813067 -0.804162 0.844733 -0.802884 0.831336 -0.7591 0.855876 -0.783702 0.931691 -0.613622 0.893753 -0.642852 0.930533 -0.596937 0.960372 -0.595415 0.931691 -0.613622 0.930533 -0.596937 0.889186 -0.680972 0.865681 -0.685296 0.893753 -0.642852 0.666981 -0.803432 0.690486 -0.71215 0.73908 -0.738152 0.881026 -0.740771 0.855876 -0.783702 0.854537 -0.746069 0.854537 -0.746069 0.855876 -0.783702 0.831336 -0.7591 0.854537 -0.746069 0.831336 -0.7591 0.826951 -0.746739 0.881026 -0.740771 0.854537 -0.746069 0.857886 -0.735473 0.854537 -0.746069 0.826951 -0.746739 0.857886 -0.735473 0.881026 -0.740771 0.857886 -0.735473 0.889186 -0.680972 0.889186 -0.680972 0.857886 -0.735473 0.865681 -0.685296 0.787918 -0.805624 0.73908 -0.738152 0.788344 -0.752097 0.787918 -0.805624 0.788344 -0.752097 0.826951 -0.746739 0.893753 -0.642852 0.865681 -0.685296 0.87993 -0.625801 0.893753 -0.642852 0.87993 -0.625801 0.930533 -0.596937 0.930533 -0.596937 0.87993 -0.625801 0.928098 -0.58354 0.788344 -0.752097 0.73908 -0.738152 0.772329 -0.686392 0.690486 -0.71215 0.772329 -0.686392 0.73908 -0.738152 0.788344 -0.752097 0.772329 -0.686392 0.826951 -0.746739 0.857886 -0.735473 0.826951 -0.746739 0.827378 -0.700398 0.857886 -0.735473 0.827378 -0.700398 0.865681 -0.685296 0.928098 -0.58354 0.87993 -0.625801 0.874754 -0.591579 0.690486 -0.71215 0.748214 -0.635118 0.772329 -0.686392 0.865681 -0.685296 0.827378 -0.700398 0.825916 -0.651438 0.865681 -0.685296 0.825916 -0.651438 0.87993 -0.625801 0.826951 -0.746739 0.772329 -0.686392 0.817635 -0.70533 0.831518 -0.602479 0.87993 -0.625801 0.825916 -0.651438 0.874754 -0.591579 0.87993 -0.625801 0.831518 -0.602479 0.748214 -0.635118 0.815077 -0.59511 0.814042 -0.649733 0.772329 -0.686392 0.748214 -0.635118 0.814042 -0.649733 0.814042 -0.649733 0.817635 -0.70533 0.772329 -0.686392 1.96039 -0.595415 1.93049 -0.596937 1.96715 -0.58421 1.93049 -0.596937 1.92811 -0.58354 1.96715 -0.58421 1.96715 -0.58421 1.92811 -0.58354 1.93049 -0.596937 1.92811 -0.58354 1.87994 -0.625801 1.93049 -0.596937 1.96715 -0.58421 1.93049 -0.596937 1.96039 -0.595415 1.87994 -0.625801 1.92811 -0.58354 1.87477 -0.591579 1.96039 -0.595415 1.93049 -0.596937 1.9317 -0.613622 1.93049 -0.596937 1.89377 -0.642852 1.9317 -0.613622 1.87994 -0.625801 1.86563 -0.685296 1.89377 -0.642852 1.93049 -0.596937 1.87994 -0.625801 1.89377 -0.642852 1.87477 -0.591579 1.83153 -0.602479 1.87994 -0.625801 1.96039 -0.595415 1.9317 -0.613622 1.9666 -0.602601 1.86563 -0.685296 1.8892 -0.680972 1.89377 -0.642852 1.83153 -0.602479 1.82593 -0.651438 1.87994 -0.625801 1.87994 -0.625801 1.82593 -0.651438 1.86563 -0.685296 1.9317 -0.613622 1.89377 -0.642852 1.91721 -0.674152 1.89377 -0.642852 1.8892 -0.680972 1.91721 -0.674152 1.9666 -0.602601 1.9317 -0.613622 1.96434 -0.674274 1.9317 -0.613622 1.91721 -0.674152 1.96434 -0.674274 1.82593 -0.651438 1.82739 -0.700398 1.86563 -0.685296 1.8892 -0.680972 1.90491 -0.748565 1.91721 -0.674152 1.91721 -0.674152 1.90491 -0.748565 1.9367 -0.755934 1.82739 -0.700398 1.82697 -0.746739 1.8579 -0.735473 1.86563 -0.685296 1.82739 -0.700398 1.8579 -0.735473 1.86563 -0.685296 1.8579 -0.735473 1.8892 -0.680972 1.90491 -0.748565 1.8892 -0.680972 1.88104 -0.740771 1.8892 -0.680972 1.8579 -0.735473 1.88104 -0.740771 1.9367 -0.755934 1.95582 -0.809704 1.96757 -0.807816 1.8579 -0.735473 1.82697 -0.746739 1.85449 -0.746069 1.8579 -0.735473 1.85449 -0.746069 1.88104 -0.740771 1.82697 -0.746739 1.83129 -0.7591 1.85449 -0.746069 1.90491 -0.748565 1.88104 -0.740771 1.88165 -0.772558 1.9367 -0.755934 1.96757 -0.807816 1.96611 -0.741441 1.83129 -0.7591 1.82697 -0.746739 1.81308 -0.804162 1.88104 -0.740771 1.85589 -0.783702 1.88165 -0.772558 1.85449 -0.746069 1.83129 -0.7591 1.85589 -0.783702 1.88104 -0.740771 1.85449 -0.746069 1.85589 -0.783702 1.90491 -0.748565 1.88165 -0.772558 1.90357 -0.78425 1.9367 -0.755934 1.90357 -0.78425 1.95582 -0.809704 1.9367 -0.755934 1.90491 -0.748565 1.90357 -0.78425 1.92817 -0.861586 1.88835 -0.871207 1.93816 -0.894713 1.82697 -0.746739 1.77234 -0.686392 1.7883 -0.752097 1.82697 -0.746739 1.7883 -0.752097 1.78793 -0.805624 1.82697 -0.746739 1.78793 -0.805624 1.81308 -0.804162 1.81308 -0.804162 1.78793 -0.805624 1.79828 -0.86731 1.83129 -0.7591 1.84475 -0.802884 1.85589 -0.783702 1.83129 -0.7591 1.81308 -0.804162 1.84475 -0.802884 1.85589 -0.783702 1.84475 -0.802884 1.87489 -0.810008 1.88165 -0.772558 1.87489 -0.810008 1.90357 -0.78425 1.85589 -0.783702 1.87489 -0.810008 1.88165 -0.772558 1.90357 -0.78425 1.87489 -0.810008 1.90924 -0.812809 1.88835 -0.871207 1.86466 -0.915356 1.93816 -0.894713 1.93816 -0.894713 1.86466 -0.915356 1.87757 -0.994824 1.96757 -0.946291 1.93816 -0.894713 1.87757 -0.994824 1.82697 -0.746739 1.81765 -0.70533 1.77234 -0.686392 1.79828 -0.86731 1.82715 -0.844901 1.81308 -0.804162 1.81308 -0.804162 1.82715 -0.844901 1.85053 -0.825658 1.81308 -0.804162 1.85053 -0.825658 1.84475 -0.802884 1.84475 -0.802884 1.85053 -0.825658 1.87489 -0.810008 1.92817 -0.861586 1.90924 -0.812809 1.89529 -0.834792 1.92817 -0.861586 1.89529 -0.834792 1.88835 -0.871207 1.90924 -0.812809 1.87489 -0.810008 1.89529 -0.834792 1.86466 -0.915356 1.82721 -0.912738 1.87757 -0.994824 1.81765 -0.70533 1.81406 -0.649733 1.77234 -0.686392 1.7883 -0.752097 1.77234 -0.686392 1.73909 -0.738152 1.7883 -0.752097 1.73909 -0.738152 1.78793 -0.805624 1.78793 -0.805624 1.73909 -0.738152 1.731 -0.805137 1.79828 -0.86731 1.78793 -0.805624 1.731 -0.805137 1.82715 -0.844901 1.79828 -0.86731 1.85339 -0.867371 1.86466 -0.915356 1.88835 -0.871207 1.85339 -0.867371 1.88835 -0.871207 1.89529 -0.834792 1.85339 -0.867371 1.86466 -0.915356 1.85339 -0.867371 1.82721 -0.912738 1.85339 -0.867371 1.79828 -0.86731 1.82721 -0.912738 1.87093 -0.83869 1.85339 -0.867371 1.89529 -0.834792 1.87093 -0.83869 1.85053 -0.825658 1.82715 -0.844901 1.87093 -0.83869 1.89529 -0.834792 1.87489 -0.810008 1.85053 -0.825658 1.87093 -0.83869 1.87489 -0.810008 1.87093 -0.83869 1.82715 -0.844901 1.85339 -0.867371 1.87757 -0.994824 1.82721 -0.912738 1.81345 -0.992388 1.81406 -0.649733 1.81509 -0.59511 1.74817 -0.635118 1.81406 -0.649733 1.74817 -0.635118 1.77234 -0.686392 1.6905 -0.71215 1.77234 -0.686392 1.74817 -0.635118 1.73909 -0.738152 1.77234 -0.686392 1.6905 -0.71215 1.73909 -0.738152 1.667 -0.803432 1.731 -0.805137 1.73909 -0.738152 1.6905 -0.71215 1.667 -0.803432 1.79828 -0.86731 1.731 -0.805137 1.74573 -0.872608 1.79828 -0.86731 1.74573 -0.872608 1.77996 -0.913895 1.79828 -0.86731 1.77996 -0.913895 1.82721 -0.912738 1.82721 -0.912738 1.77996 -0.913895 1.81345 -0.992388 1.667 -0.803432 1.69068 -0.89928 1.731 -0.805137 1.731 -0.805137 1.69068 -0.89928 1.74573 -0.872608 1.75176 -0.963524 1.74573 -0.872608 1.69068 -0.89928 1.74573 -0.872608 1.75176 -0.963524 1.77996 -0.913895 1.81345 -0.992388 1.77996 -0.913895 1.75176 -0.963524 1.96715 -0.58421 1.9775 -0.59645 1.96039 -0.595415 1.9775 -0.59645 1.9666 -0.602601 1.96039 -0.595415 0.815077 -0.59511 0.831518 -0.602479 0.814042 -0.649733 0.831518 -0.602479 0.825916 -0.651438 0.814042 -0.649733 0.825916 -0.651438 0.827378 -0.700398 0.814042 -0.649733 0.827378 -0.700398 0.817635 -0.70533 0.814042 -0.649733 0.827378 -0.700398 0.826951 -0.746739 0.817635 -0.70533 1.03576 -0.981305 1.09245 -0.892216 1.00495 -0.904273 1.02571 -0.837898 1.09245 -0.892216 1.05561 -0.79515 1.00495 -0.904273 1.09245 -0.892216 1.02571 -0.837898 1.9367 -0.755934 1.96611 -0.741441 1.96434 -0.674274 1.9775 -0.59645 1.96039 -0.595415 1.9666 -0.602601 1.9775 -0.59645 1.96715 -0.58421 1.96039 -0.595415 1.60324 -0.602053 1.59374 -0.566125 1.55239 -0.596207 1.55239 -0.596207 1.54521 -0.556625 1.50398 -0.56856 1.55239 -0.596207 1.50398 -0.56856 1.51007 -0.602722 1.51007 -0.602722 1.50398 -0.56856 1.47298 -0.566064 1.51007 -0.602722 1.47298 -0.566064 1.47292 -0.59986 1.47292 -0.59986 1.47298 -0.566064 1.42865 -0.565211 1.47292 -0.59986 1.42865 -0.565211 1.4239 -0.602418 1.81509 -0.59511 1.81406 -0.649733 1.83153 -0.602479 1.81406 -0.649733 1.81765 -0.70533 1.82739 -0.700398 1.82593 -0.651438 1.81406 -0.649733 1.82739 -0.700398 1.83153 -0.602479 1.81406 -0.649733 1.82593 -0.651438 1.81765 -0.70533 1.82697 -0.746739 1.82739 -0.700398 0.889186 -0.514729 0.941616 -0.528613 0.898137 -0.552545 0.889186 -0.514729 0.898137 -0.552545 0.846377 -0.578486 0.889186 -0.514729 0.898137 -0.552545 0.941616 -0.528613 0.898137 -0.552545 0.889186 -0.514729 0.846377 -0.578486 0.846377 -0.578486 0.837973 -0.519479 0.889186 -0.514729 0.837973 -0.519479 0.886994 -0.457732 0.889186 -0.514729 0.837973 -0.519479 0.844185 -0.424301 0.886994 -0.457732 0.889186 -0.514729 0.886994 -0.457732 0.911412 -0.490067 0.844185 -0.424301 0.876459 -0.396898 0.886994 -0.457732 0.844185 -0.424301 0.846377 -0.365781 0.876459 -0.396898 0.846377 -0.365781 0.882305 -0.359509 0.876459 -0.396898 0.846377 -0.365781 0.841992 -0.2051399 0.882305 -0.359509 0.876459 -0.396898 0.883645 -0.41748 0.886994 -0.457732 0.841992 -0.2051399 0.8711 -0.174571 0.882305 -0.359509 0.876459 -0.396898 0.892352 -0.384232 0.883645 -0.41748 0.876459 -0.396898 0.882305 -0.359509 0.892352 -0.384232 0.905993 -0.439463 0.883645 -0.41748 0.904105 -0.421621 0.905993 -0.439463 0.920973 -0.443422 0.886994 -0.457732 0.882305 -0.359509 0.913422 -0.382344 0.892352 -0.384232 0.883645 -0.41748 0.892352 -0.384232 0.918111 -0.40658 0.883645 -0.41748 0.918111 -0.40658 0.904105 -0.421621 0.892352 -0.384232 0.913422 -0.382344 0.918111 -0.40658 0.882305 -0.359509 0.911595 -0.339291 0.913422 -0.382344 0.913422 -0.382344 0.911595 -0.339291 0.93985 -0.380761 0.913422 -0.382344 0.93985 -0.380761 0.918111 -0.40658 0.918111 -0.40658 0.93985 -0.380761 0.950263 -0.412426 0.911595 -0.339291 0.944174 -0.325956 0.93985 -0.380761 0.920973 -0.443422 0.933944 -0.434714 0.956414 -0.43922 0.93985 -0.380761 0.944174 -0.325956 0.966644 -0.379299 0.93985 -0.380761 0.966644 -0.379299 0.950263 -0.412426 0.950263 -0.412426 0.966644 -0.379299 0.995326 -0.392514 0.933639 -0.418942 0.956414 -0.43922 0.933944 -0.434714 0.918111 -0.40658 0.950263 -0.412426 0.933639 -0.418942 0.933639 -0.418942 0.950263 -0.412426 0.956414 -0.43922 0.995326 -0.392514 0.989967 -0.435932 0.950263 -0.412426 0.956414 -0.43922 0.950263 -0.412426 0.989967 -0.435932 0.966644 -0.379299 0.987105 -0.334237 0.995326 -0.392514 0.763925 -0.09321498 0.704248 -0.05692195 0.783412 -0.04553395 0.763925 -0.09321498 0.783412 -0.04553395 0.704248 -0.05692195 0.783412 -0.04553395 0.854171 -0.04321998 0.863427 -0.07488596 0.763925 -0.09321498 0.793764 -0.132736 0.783412 -0.04553395 0.704248 -0.05692195 0.734757 -0.02117699 0.783412 -0.04553395 0.704248 -0.05692195 0.686284 -0.03122395 0.734757 -0.02117699 0.783412 -0.04553395 0.857155 -0.02336895 0.854171 -0.04321998 0.984243 -0.04827499 0.933152 -0.04200297 0.956231 -0.005404949 0.686284 -0.03122395 0.680134 -0.008144974 0.734757 -0.02117699 0.857155 -0.02336895 0.810753 -0.00820595 0.855633 -0.005830943 0.984243 -0.04827499 0.956231 -0.005404949 0.993559 -0.01179897 0.783412 -0.04553395 0.816721 -0.118731 0.863427 -0.07488596 0.783412 -0.04553395 0.863427 -0.07488596 0.854171 -0.04321998 0.704248 -0.05692195 0.783412 -0.04553395 0.734757 -0.02117699 0.783412 -0.04553395 0.810388 -0.02428197 0.857155 -0.02336895 0.857155 -0.02336895 0.810388 -0.02428197 0.810753 -0.00820595 0.783412 -0.04553395 0.734757 -0.02117699 0.810388 -0.02428197 0.733539 -0.001019954 0.810753 -0.00820595 0.810388 -0.02428197 0.810388 -0.02428197 0.734757 -0.02117699 0.733539 -0.001019954 0.680134 -0.008144974 0.733539 -0.001019954 0.734757 -0.02117699 0.933152 -0.04200297 0.925357 -0.00327295 0.956231 -0.005404949 0.886263 -0.006195962 0.925357 -0.00327295 0.933152 -0.04200297 0.783412 -0.04553395 0.854171 -0.04321998 0.857155 -0.02336895 0.783412 -0.04553395 0.810388 -0.02428197 0.734757 -0.02117699 0.783412 -0.04553395 0.857155 -0.02336895 0.810388 -0.02428197 0.854171 -0.04321998 0.88541 -0.04090595 0.857155 -0.02336895 0.810388 -0.02428197 0.733539 -0.001019954 0.734757 -0.02117699 0.857155 -0.02336895 0.810753 -0.00820595 0.810388 -0.02428197 0.810388 -0.02428197 0.810753 -0.00820595 0.733539 -0.001019954 0.734757 -0.02117699 0.733539 -0.001019954 0.680134 -0.008144974 0.911595 -0.339291 0.93985 -0.380761 0.944174 -0.325956 0.882305 -0.359509 0.841992 -0.2051399 0.846377 -0.365781 0.911595 -0.339291 0.882305 -0.359509 0.913422 -0.382344 0.911595 -0.339291 0.913422 -0.382344 0.93985 -0.380761 0.886263 -0.006195962 0.933152 -0.04200297 0.925357 -0.00327295 0.857155 -0.02336895 0.855633 -0.005830943 0.810753 -0.00820595 0.734757 -0.02117699 0.680134 -0.008144974 0.686284 -0.03122395 0.93985 -0.380761 0.950263 -0.412426 0.966644 -0.379299 0.966644 -0.379299 0.950263 -0.412426 0.995326 -0.392514 0.846377 -0.365781 0.876459 -0.396898 0.882305 -0.359509 0.846377 -0.365781 0.844185 -0.424301 0.876459 -0.396898 0.93985 -0.380761 0.918111 -0.40658 0.950263 -0.412426 0.93985 -0.380761 0.913422 -0.382344 0.918111 -0.40658 0.966644 -0.379299 0.995326 -0.392514 0.987105 -0.334237 0.925357 -0.00327295 0.933152 -0.04200297 0.956231 -0.005404949 0.734757 -0.02117699 0.686284 -0.03122395 0.704248 -0.05692195 0.844185 -0.424301 0.837973 -0.519479 0.886994 -0.457732 0.844185 -0.424301 0.886994 -0.457732 0.876459 -0.396898 0.882305 -0.359509 0.876459 -0.396898 0.892352 -0.384232 0.913422 -0.382344 0.882305 -0.359509 0.892352 -0.384232 0.913422 -0.382344 0.892352 -0.384232 0.918111 -0.40658 0.950263 -0.412426 0.918111 -0.40658 0.933639 -0.418942 0.950263 -0.412426 0.933639 -0.418942 0.956414 -0.43922 0.995326 -0.392514 0.950263 -0.412426 0.989967 -0.435932 0.950263 -0.412426 0.956414 -0.43922 0.989967 -0.435932 0.933152 -0.04200297 0.984243 -0.04827499 0.956231 -0.005404949 0.984243 -0.04827499 0.933152 -0.04200297 0.97998 -0.105212 0.956231 -0.005404949 0.984243 -0.04827499 0.993559 -0.01179897 0.837973 -0.519479 0.889186 -0.514729 0.886994 -0.457732 0.876459 -0.396898 0.883645 -0.41748 0.892352 -0.384232 0.892352 -0.384232 0.883645 -0.41748 0.918111 -0.40658 0.876459 -0.396898 0.886994 -0.457732 0.883645 -0.41748 0.933639 -0.418942 0.933944 -0.434714 0.956414 -0.43922 0.837973 -0.519479 0.846377 -0.578486 0.889186 -0.514729 0.918111 -0.40658 0.883645 -0.41748 0.904105 -0.421621 0.933944 -0.434714 0.920973 -0.443422 0.956414 -0.43922 0.905993 -0.439463 0.886994 -0.457732 0.920973 -0.443422 0.883645 -0.41748 0.905993 -0.439463 0.904105 -0.421621 0.905993 -0.439463 0.883645 -0.41748 0.886994 -0.457732 0.956414 -0.43922 0.924383 -0.45761 0.941495 -0.465039 0.956414 -0.43922 0.920973 -0.443422 0.924383 -0.45761 0.924383 -0.45761 0.886994 -0.457732 0.923896 -0.473869 0.831214 -0.380639 0.831397 -0.40926 0.785847 -0.380517 0.831397 -0.40926 0.786639 -0.409442 0.785847 -0.380517 0.801254 -0.23711 0.831397 -0.214335 0.785056 -0.298005 0.831397 -0.214335 0.832066 -0.338317 0.785056 -0.298005 0.832066 -0.338317 0.784082 -0.338073 0.785056 -0.298005 0.786639 -0.409442 0.831397 -0.40926 0.794129 -0.43922 0.831397 -0.40926 0.834989 -0.464126 0.794129 -0.43922 0.834989 -0.464126 0.809353 -0.456453 0.794129 -0.43922 0.832066 -0.338317 0.831701 -0.355977 0.784082 -0.338073 0.831701 -0.355977 0.784508 -0.353602 0.784082 -0.338073 0.841992 -0.2051399 0.813555 -0.201852 0.833406 -0.184132 0.841992 -0.2051399 0.833406 -0.184132 0.813555 -0.201852 0.841992 -0.2051399 0.8711 -0.174571 0.833406 -0.184132 0.831701 -0.355977 0.831214 -0.380639 0.784508 -0.353602 0.831214 -0.380639 0.785847 -0.380517 0.784508 -0.353602 0.786639 -0.409442 0.831397 -0.40926 0.785847 -0.380517 0.831397 -0.40926 0.831214 -0.380639 0.785847 -0.380517 0.801254 -0.23711 0.785056 -0.298005 0.831397 -0.214335 0.785056 -0.298005 0.832066 -0.338317 0.831397 -0.214335 0.785056 -0.298005 0.784082 -0.338073 0.832066 -0.338317 0.809353 -0.456453 0.834989 -0.464126 0.794129 -0.43922 0.834989 -0.464126 0.831397 -0.40926 0.794129 -0.43922 0.831397 -0.40926 0.786639 -0.409442 0.794129 -0.43922 0.784508 -0.353602 0.831701 -0.355977 0.784082 -0.338073 0.831701 -0.355977 0.832066 -0.338317 0.784082 -0.338073 0.831214 -0.380639 0.831701 -0.355977 0.784508 -0.353602 1.8892 -0.514729 1.89815 -0.552545 1.94163 -0.528613 1.8892 -0.514729 1.84639 -0.578486 1.89815 -0.552545 1.89815 -0.552545 1.8892 -0.514729 1.94163 -0.528613 1.89815 -0.552545 1.84639 -0.578486 1.8892 -0.514729 1.8892 -0.514729 1.91143 -0.490067 1.94163 -0.528613 1.84639 -0.578486 1.8892 -0.514729 1.83799 -0.519479 1.8892 -0.514729 1.88701 -0.457732 1.83799 -0.519479 1.8892 -0.514729 1.91143 -0.490067 1.88701 -0.457732 1.83799 -0.519479 1.88701 -0.457732 1.8442 -0.424301 1.8442 -0.424301 1.88701 -0.457732 1.87641 -0.396898 1.8442 -0.424301 1.87641 -0.396898 1.84639 -0.365781 1.84639 -0.365781 1.87641 -0.396898 1.88232 -0.359509 1.84639 -0.365781 1.88232 -0.359509 1.84195 -0.2051399 1.87641 -0.396898 1.88701 -0.457732 1.88366 -0.41748 1.84195 -0.2051399 1.88232 -0.359509 1.87111 -0.174571 1.87641 -0.396898 1.89237 -0.384232 1.88232 -0.359509 1.87641 -0.396898 1.88366 -0.41748 1.89237 -0.384232 1.9244 -0.45761 1.95637 -0.43922 1.92099 -0.443422 1.88366 -0.41748 1.90601 -0.439463 1.90412 -0.421621 1.88366 -0.41748 1.90412 -0.421621 1.91813 -0.40658 1.88366 -0.41748 1.91813 -0.40658 1.89237 -0.384232 1.89237 -0.384232 1.91813 -0.40658 1.91344 -0.382344 1.89237 -0.384232 1.91344 -0.382344 1.88232 -0.359509 1.92099 -0.443422 1.95637 -0.43922 1.93396 -0.434714 1.88232 -0.359509 1.91155 -0.339291 1.87111 -0.174571 1.88232 -0.359509 1.91344 -0.382344 1.91155 -0.339291 1.91813 -0.40658 1.95028 -0.412426 1.93986 -0.380761 1.91344 -0.382344 1.91813 -0.40658 1.93986 -0.380761 1.91344 -0.382344 1.93986 -0.380761 1.91155 -0.339291 1.95028 -0.412426 1.96666 -0.379299 1.93986 -0.380761 1.99534 -0.392514 1.96666 -0.379299 1.95028 -0.412426 1.95028 -0.412426 1.91813 -0.40658 1.93365 -0.418942 1.93365 -0.418942 1.93396 -0.434714 1.95637 -0.43922 1.95637 -0.43922 1.95028 -0.412426 1.93365 -0.418942 1.93986 -0.380761 1.94419 -0.325956 1.91155 -0.339291 1.93986 -0.380761 1.96666 -0.379299 1.94419 -0.325956 1.96666 -0.379299 1.98712 -0.334237 1.94419 -0.325956 1.99534 -0.392514 1.98712 -0.334237 1.96666 -0.379299 1.76388 -0.09321498 1.78337 -0.04553395 1.70426 -0.05692195 1.98426 -0.04827499 1.99357 -0.01179897 1.95624 -0.005404949 1.98426 -0.04827499 1.95624 -0.005404949 1.9331 -0.04200297 1.76388 -0.09321498 1.70426 -0.05692195 1.78337 -0.04553395 1.85419 -0.04321998 1.85711 -0.02336895 1.78337 -0.04553395 1.85419 -0.04321998 1.88542 -0.04090595 1.85711 -0.02336895 1.78337 -0.04553395 1.85711 -0.02336895 1.81034 -0.02428197 1.95624 -0.005404949 1.92531 -0.00327295 1.9331 -0.04200297 1.76388 -0.09321498 1.78337 -0.04553395 1.79378 -0.132736 1.78337 -0.04553395 1.81034 -0.02428197 1.73477 -0.02117699 1.78337 -0.04553395 1.73477 -0.02117699 1.70426 -0.05692195 1.70426 -0.05692195 1.73477 -0.02117699 1.68624 -0.03122395 1.88628 -0.006195962 1.9331 -0.04200297 1.92531 -0.00327295 1.85711 -0.02336895 1.81077 -0.00820595 1.81034 -0.02428197 1.78337 -0.04553395 1.85419 -0.04321998 1.86344 -0.07488596 1.78337 -0.04553395 1.86344 -0.07488596 1.81674 -0.118731 1.68624 -0.03122395 1.73477 -0.02117699 1.68015 -0.008144974 1.70426 -0.05692195 1.73477 -0.02117699 1.78337 -0.04553395 1.85711 -0.02336895 1.85565 -0.005830943 1.81077 -0.00820595 1.73349 -0.001019954 1.81034 -0.02428197 1.81077 -0.00820595 1.73349 -0.001019954 1.68015 -0.008144974 1.73477 -0.02117699 1.81034 -0.02428197 1.73349 -0.001019954 1.73477 -0.02117699 1.73477 -0.02117699 1.73349 -0.001019954 1.81034 -0.02428197 1.78337 -0.04553395 1.73477 -0.02117699 1.81034 -0.02428197 1.78337 -0.04553395 1.81034 -0.02428197 1.85711 -0.02336895 1.78337 -0.04553395 1.85711 -0.02336895 1.85419 -0.04321998 1.81034 -0.02428197 1.81077 -0.00820595 1.85711 -0.02336895 1.73349 -0.001019954 1.81077 -0.00820595 1.81034 -0.02428197 1.73477 -0.02117699 1.68624 -0.03122395 1.68015 -0.008144974 1.68015 -0.008144974 1.73349 -0.001019954 1.73477 -0.02117699 1.81077 -0.00820595 1.85565 -0.005830943 1.85711 -0.02336895 1.68624 -0.03122395 1.73477 -0.02117699 1.70426 -0.05692195 1.88628 -0.006195962 1.92531 -0.00327295 1.9331 -0.04200297 1.92531 -0.00327295 1.95624 -0.005404949 1.9331 -0.04200297 1.9331 -0.04200297 1.98426 -0.04827499 1.97999 -0.105212 1.95624 -0.005404949 1.98426 -0.04827499 1.9331 -0.04200297 1.88232 -0.359509 1.84639 -0.365781 1.84195 -0.2051399 1.91155 -0.339291 1.91587 -0.196371 1.94419 -0.325956 1.95624 -0.005404949 1.99357 -0.01179897 1.98426 -0.04827499 1.88232 -0.359509 1.89237 -0.384232 1.87641 -0.396898 1.84639 -0.365781 1.88232 -0.359509 1.87641 -0.396898 1.84639 -0.365781 1.87641 -0.396898 1.8442 -0.424301 1.91155 -0.339291 1.94419 -0.325956 1.93986 -0.380761 1.91344 -0.382344 1.88232 -0.359509 1.91155 -0.339291 1.91344 -0.382344 1.91155 -0.339291 1.93986 -0.380761 1.91344 -0.382344 1.89237 -0.384232 1.88232 -0.359509 1.91344 -0.382344 1.93986 -0.380761 1.91813 -0.40658 1.89237 -0.384232 1.91344 -0.382344 1.91813 -0.40658 1.8442 -0.424301 1.87641 -0.396898 1.88701 -0.457732 1.8442 -0.424301 1.88701 -0.457732 1.83799 -0.519479 1.87641 -0.396898 1.88366 -0.41748 1.88701 -0.457732 1.89237 -0.384232 1.91813 -0.40658 1.88366 -0.41748 1.87641 -0.396898 1.89237 -0.384232 1.88366 -0.41748 1.83799 -0.519479 1.88701 -0.457732 1.8892 -0.514729 1.93986 -0.380761 1.95028 -0.412426 1.91813 -0.40658 1.96666 -0.379299 1.99534 -0.392514 1.95028 -0.412426 1.96666 -0.379299 1.95028 -0.412426 1.93986 -0.380761 1.88366 -0.41748 1.90601 -0.439463 1.88701 -0.457732 1.83799 -0.519479 1.8892 -0.514729 1.84639 -0.578486 1.91813 -0.40658 1.90412 -0.421621 1.88366 -0.41748 1.88366 -0.41748 1.90412 -0.421621 1.90601 -0.439463 1.99534 -0.392514 1.98998 -0.435932 1.95028 -0.412426 1.91813 -0.40658 1.95028 -0.412426 1.93365 -0.418942 1.90601 -0.439463 1.92099 -0.443422 1.88701 -0.457732 1.95028 -0.412426 1.95637 -0.43922 1.93365 -0.418942 1.95028 -0.412426 1.98998 -0.435932 1.95637 -0.43922 1.93396 -0.434714 1.93365 -0.418942 1.95637 -0.43922 1.95637 -0.43922 1.94151 -0.465039 1.9244 -0.45761 1.9244 -0.45761 1.94151 -0.465039 1.92391 -0.473869 1.78665 -0.409442 1.83141 -0.40926 1.78586 -0.380517 1.83141 -0.40926 1.83123 -0.380639 1.78586 -0.380517 1.80127 -0.23711 1.78501 -0.298005 1.83135 -0.214335 1.78501 -0.298005 1.83208 -0.338317 1.83135 -0.214335 1.78501 -0.298005 1.7841 -0.338073 1.83208 -0.338317 1.80937 -0.456453 1.83494 -0.464126 1.79414 -0.43922 1.83494 -0.464126 1.83141 -0.40926 1.79414 -0.43922 1.83141 -0.40926 1.78665 -0.409442 1.79414 -0.43922 1.78446 -0.353602 1.83172 -0.355977 1.7841 -0.338073 1.83172 -0.355977 1.83208 -0.338317 1.7841 -0.338073 1.84195 -0.2051399 1.83342 -0.184132 1.87111 -0.174571 1.84195 -0.2051399 1.81351 -0.201852 1.83342 -0.184132 1.83123 -0.380639 1.83172 -0.355977 1.78446 -0.353602 1.83123 -0.380639 1.83141 -0.40926 1.78586 -0.380517 1.83141 -0.40926 1.78665 -0.409442 1.78586 -0.380517 1.80127 -0.23711 1.83135 -0.214335 1.78501 -0.298005 1.83135 -0.214335 1.83208 -0.338317 1.78501 -0.298005 1.83208 -0.338317 1.7841 -0.338073 1.78501 -0.298005 1.78665 -0.409442 1.83141 -0.40926 1.79414 -0.43922 1.83141 -0.40926 1.83494 -0.464126 1.79414 -0.43922 1.83494 -0.464126 1.80937 -0.456453 1.79414 -0.43922 1.83208 -0.338317 1.83172 -0.355977 1.7841 -0.338073 1.83172 -0.355977 1.78446 -0.353602 1.7841 -0.338073 1.83172 -0.355977 1.83123 -0.380639 1.78446 -0.353602 1.83123 -0.380639 1.78586 -0.380517 1.78446 -0.353602 0.480521 -0.821578 0.448125 -0.819447 0.480095 -0.801605 0.448125 -0.819447 0.451961 -0.800874 0.480095 -0.801605 0.448125 -0.819447 0.434728 -0.802884 0.451961 -0.800874 0.413719 -0.737665 0.442949 -0.727069 0.440574 -0.773898 0.413719 -0.737665 0.424985 -0.667332 0.464627 -0.66788 0.413719 -0.737665 0.464627 -0.66788 0.442949 -0.727069 0.424985 -0.667332 0.460304 -0.610395 0.464627 -0.66788 0.424985 -0.667332 0.421818 -0.614536 0.460304 -0.610395 0.442949 -0.727069 0.464627 -0.66788 0.464323 -0.728592 0.442949 -0.727069 0.464323 -0.728592 0.452448 -0.757761 0.442949 -0.727069 0.452448 -0.757761 0.440574 -0.773898 0.460304 -0.610395 0.500677 -0.608568 0.464627 -0.66788 0.448125 -0.819447 0.480521 -0.821578 0.444958 -0.841917 0.500677 -0.608568 0.500312 -0.668123 0.464627 -0.66788 0.464566 -0.748992 0.48046 -0.762145 0.476502 -0.773532 0.464323 -0.728592 0.48046 -0.762145 0.464566 -0.748992 0.480521 -0.821578 0.49678 -0.805259 0.522051 -0.827972 0.500677 -0.608568 0.52875 -0.607229 0.500312 -0.668123 0.464627 -0.66788 0.500312 -0.668123 0.506158 -0.728044 0.464627 -0.66788 0.506158 -0.728044 0.483078 -0.730845 0.464627 -0.66788 0.483078 -0.730845 0.464323 -0.728592 0.464323 -0.728592 0.483078 -0.730845 0.48046 -0.762145 0.444958 -0.841917 0.481008 -0.844109 0.442279 -0.863717 0.444958 -0.841917 0.480521 -0.821578 0.481008 -0.844109 0.480521 -0.821578 0.522051 -0.827972 0.481008 -0.844109 0.483078 -0.730845 0.506158 -0.728044 0.487037 -0.772497 0.52875 -0.607229 0.521199 -0.664409 0.500312 -0.668123 0.395207 -0.876018 0.442279 -0.863717 0.435763 -0.90537 0.395207 -0.876018 0.435763 -0.90537 0.377365 -0.916696 0.481008 -0.844109 0.522051 -0.827972 0.522173 -0.898549 0.500312 -0.668123 0.521199 -0.664409 0.535509 -0.734316 0.506158 -0.728044 0.500312 -0.668123 0.535509 -0.734316 0.52875 -0.607229 0.550002 -0.608386 0.521199 -0.664409 0.377365 -0.916696 0.415972 -0.989831 0.362081 -0.991536 0.442279 -0.863717 0.481008 -0.844109 0.480034 -0.867127 0.481008 -0.844109 0.522173 -0.898549 0.480034 -0.867127 0.442279 -0.863717 0.480034 -0.867127 0.435763 -0.90537 0.506158 -0.728044 0.535509 -0.734316 0.547566 -0.786381 0.550002 -0.608386 0.553656 -0.662765 0.521199 -0.664409 0.377365 -0.916696 0.435763 -0.90537 0.424559 -0.93192 0.377365 -0.916696 0.424559 -0.93192 0.415972 -0.989831 0.522173 -0.898549 0.522051 -0.827972 0.562729 -0.881255 0.435763 -0.90537 0.456894 -0.90269 0.424559 -0.93192 0.480034 -0.867127 0.456894 -0.90269 0.435763 -0.90537 0.535509 -0.734316 0.556335 -0.755507 0.547566 -0.786381 0.550002 -0.608386 0.570097 -0.610152 0.553656 -0.662765 0.521199 -0.664409 0.553656 -0.662765 0.565591 -0.734621 0.535509 -0.734316 0.547261 -0.737543 0.556335 -0.755507 0.521199 -0.664409 0.565591 -0.734621 0.547261 -0.737543 0.521199 -0.664409 0.547261 -0.737543 0.535509 -0.734316 0.415972 -0.989831 0.424559 -0.93192 0.447516 -0.990379 0.562729 -0.881255 0.560719 -0.898915 0.522173 -0.898549 0.522173 -0.898549 0.560719 -0.898915 0.525218 -0.935269 0.480034 -0.867127 0.476197 -0.893739 0.456894 -0.90269 0.476197 -0.893739 0.480034 -0.867127 0.522173 -0.898549 0.562729 -0.881255 0.583555 -0.824258 0.585747 -0.880524 0.562729 -0.881255 0.585747 -0.880524 0.560719 -0.898915 0.574603 -0.782058 0.572594 -0.770183 0.60298 -0.778221 0.553656 -0.662765 0.570097 -0.610152 0.573325 -0.659842 0.570097 -0.610152 0.594881 -0.611796 0.573325 -0.659842 0.553656 -0.662765 0.573325 -0.659842 0.565591 -0.734621 0.547261 -0.737543 0.565591 -0.734621 0.568514 -0.743694 0.547261 -0.737543 0.568514 -0.743694 0.556335 -0.755507 0.424559 -0.93192 0.456894 -0.90269 0.457016 -0.937765 0.424559 -0.93192 0.457016 -0.937765 0.447516 -0.990379 0.525218 -0.935269 0.560719 -0.898915 0.568514 -0.934416 0.522173 -0.898549 0.525218 -0.935269 0.4818 -0.941297 0.476197 -0.893739 0.4818 -0.941297 0.457016 -0.937765 0.476197 -0.893739 0.457016 -0.937765 0.456894 -0.90269 0.522173 -0.898549 0.4818 -0.941297 0.476197 -0.893739 0.585747 -0.880524 0.616012 -0.832113 0.618265 -0.872973 0.594881 -0.611796 0.598657 -0.654848 0.573325 -0.659842 0.572594 -0.770183 0.585504 -0.751427 0.60298 -0.778221 0.572594 -0.770183 0.568514 -0.743694 0.585504 -0.751427 0.565591 -0.734621 0.578866 -0.732611 0.568514 -0.743694 0.565591 -0.734621 0.573325 -0.659842 0.578866 -0.732611 0.447516 -0.990379 0.457016 -0.937765 0.484296 -0.993484 0.4818 -0.941297 0.525218 -0.935269 0.484296 -0.993484 0.4818 -0.941297 0.484296 -0.993484 0.457016 -0.937765 0.585747 -0.880524 0.585564 -0.899463 0.560719 -0.898915 0.585747 -0.880524 0.618265 -0.872973 0.585564 -0.899463 0.560719 -0.898915 0.596282 -0.933137 0.568514 -0.934416 0.560719 -0.898915 0.585564 -0.899463 0.596282 -0.933137 0.585504 -0.751427 0.578866 -0.732611 0.595673 -0.72299 0.578866 -0.732611 0.573325 -0.659842 0.595673 -0.72299 0.598657 -0.654848 0.595673 -0.72299 0.573325 -0.659842 0.585504 -0.751427 0.595673 -0.72299 0.59884 -0.742537 0.525218 -0.935269 0.568514 -0.934416 0.521259 -0.993606 0.525218 -0.935269 0.521259 -0.993606 0.484296 -0.993484 0.567479 -0.99391 0.568514 -0.934416 0.596282 -0.933137 0.568514 -0.934416 0.567479 -0.99391 0.521259 -0.993606 0.596282 -0.933137 0.624111 -0.987821 0.567479 -0.99391 0.624659 -0.898488 0.585564 -0.899463 0.618265 -0.872973 0.624659 -0.898488 0.618265 -0.872973 0.65602 -0.867858 0.596282 -0.933137 0.636107 -0.924673 0.624111 -0.987821 0.596282 -0.933137 0.585564 -0.899463 0.636107 -0.924673 0.585564 -0.899463 0.624659 -0.898488 0.636107 -0.924673 0.624659 -0.898488 0.65602 -0.867858 0.636107 -0.924673 0.621371 -0.715134 0.595673 -0.72299 0.598657 -0.654848 0.595673 -0.72299 0.621371 -0.715134 0.59884 -0.742537 0.624111 -0.987821 0.636107 -0.924673 0.713444 -0.992023 0.636107 -0.924673 0.678064 -0.904882 0.713444 -0.992023 0.65602 -0.867858 0.678064 -0.904882 0.636107 -0.924673 0.574603 -0.782058 0.60298 -0.778221 0.575699 -0.795515 0.626364 -0.58555 0.630687 -0.572153 0.64378 -0.587925 0.636107 -0.552728 0.65401 -0.530075 0.662414 -0.548161 0.636107 -0.552728 0.662414 -0.548161 0.648651 -0.573797 0.65401 -0.530075 0.681474 -0.520758 0.662414 -0.548161 0.630566 -0.602113 0.653949 -0.620017 0.615707 -0.611674 0.681474 -0.520758 0.715757 -0.537139 0.705223 -0.546943 0.653949 -0.620017 0.665641 -0.600286 0.674775 -0.633352 0.653949 -0.620017 0.674775 -0.633352 0.658151 -0.640477 0.653949 -0.620017 0.658151 -0.640477 0.631845 -0.625436 0.715757 -0.537139 0.732564 -0.57124 0.719168 -0.574041 0.715757 -0.537139 0.719168 -0.574041 0.705223 -0.546943 0.674775 -0.633352 0.671974 -0.647784 0.658151 -0.640477 0.732564 -0.57124 0.729641 -0.591457 0.710947 -0.586402 1.49679 -0.805259 1.48011 -0.801605 1.48054 -0.821578 1.41063 -0.8217 1.44223 -0.863717 1.44497 -0.841917 1.41063 -0.8217 1.39516 -0.876018 1.44223 -0.863717 1.44814 -0.819447 1.44497 -0.841917 1.48054 -0.821578 1.39516 -0.876018 1.43578 -0.90537 1.44223 -0.863717 1.39516 -0.876018 1.37738 -0.916696 1.43578 -0.90537 1.46452 -0.748809 1.45398 -0.77475 1.47652 -0.773289 1.49679 -0.805259 1.52213 -0.796551 1.50106 -0.78906 1.44497 -0.841917 1.48102 -0.844109 1.48054 -0.821578 1.44497 -0.841917 1.44223 -0.863717 1.48102 -0.844109 1.37738 -0.916696 1.41599 -0.989831 1.42451 -0.93192 1.43578 -0.90537 1.37738 -0.916696 1.42451 -0.93192 1.48054 -0.821578 1.48102 -0.844109 1.52207 -0.827972 1.49679 -0.805259 1.52207 -0.827972 1.52213 -0.796551 1.48054 -0.821578 1.52207 -0.827972 1.49679 -0.805259 1.44223 -0.863717 1.47999 -0.867127 1.48102 -0.844109 1.44223 -0.863717 1.43578 -0.90537 1.47999 -0.867127 1.41599 -0.989831 1.37738 -0.916696 1.36209 -0.991536 1.41599 -0.989831 1.44753 -0.990379 1.42451 -0.93192 1.42451 -0.93192 1.44753 -0.990379 1.45703 -0.937765 1.52207 -0.827972 1.5502 -0.838324 1.52213 -0.796551 1.48102 -0.844109 1.52219 -0.898549 1.52207 -0.827972 1.48102 -0.844109 1.47999 -0.867127 1.52219 -0.898549 1.43578 -0.90537 1.45691 -0.90269 1.47999 -0.867127 1.42451 -0.93192 1.45703 -0.937765 1.45691 -0.90269 1.42451 -0.93192 1.45691 -0.90269 1.43578 -0.90537 1.44753 -0.990379 1.48431 -0.993484 1.45703 -0.937765 1.5502 -0.838324 1.54935 -0.796185 1.52213 -0.796551 1.52207 -0.827972 1.52219 -0.898549 1.56274 -0.881255 1.52207 -0.827972 1.56274 -0.881255 1.5502 -0.838324 1.47621 -0.893739 1.52219 -0.898549 1.47999 -0.867127 1.47999 -0.867127 1.45691 -0.90269 1.47621 -0.893739 1.48181 -0.941297 1.52523 -0.935269 1.52219 -0.898549 1.48181 -0.941297 1.45703 -0.937765 1.48431 -0.993484 1.48431 -0.993484 1.52523 -0.935269 1.48181 -0.941297 1.47621 -0.893739 1.45691 -0.90269 1.45703 -0.937765 1.47621 -0.893739 1.48181 -0.941297 1.52219 -0.898549 1.45703 -0.937765 1.48181 -0.941297 1.47621 -0.893739 1.56274 -0.881255 1.52219 -0.898549 1.56073 -0.898915 1.52219 -0.898549 1.52523 -0.935269 1.56073 -0.898915 1.5502 -0.838324 1.56274 -0.881255 1.58351 -0.824258 1.5502 -0.838324 1.58351 -0.824258 1.54935 -0.796185 1.48431 -0.993484 1.52121 -0.993606 1.52523 -0.935269 1.56073 -0.898915 1.52523 -0.935269 1.56847 -0.934416 1.52523 -0.935269 1.52121 -0.993606 1.56847 -0.934416 1.56274 -0.881255 1.58576 -0.880524 1.58351 -0.824258 1.56274 -0.881255 1.56073 -0.898915 1.58576 -0.880524 1.52121 -0.993606 1.56749 -0.99391 1.56847 -0.934416 1.56073 -0.898915 1.56847 -0.934416 1.5963 -0.933137 1.56847 -0.934416 1.56749 -0.99391 1.5963 -0.933137 1.58576 -0.880524 1.56073 -0.898915 1.58558 -0.899463 1.56073 -0.898915 1.5963 -0.933137 1.58558 -0.899463 1.58351 -0.824258 1.61597 -0.832113 1.6036 -0.787234 1.58351 -0.824258 1.58576 -0.880524 1.61597 -0.832113 1.56749 -0.99391 1.62413 -0.987821 1.5963 -0.933137 1.5963 -0.933137 1.62413 -0.987821 1.63606 -0.924673 1.5963 -0.933137 1.63606 -0.924673 1.58558 -0.899463 1.58558 -0.899463 1.63606 -0.924673 1.62461 -0.898488 1.58558 -0.899463 1.62461 -0.898488 1.61828 -0.872973 1.58558 -0.899463 1.61828 -0.872973 1.58576 -0.880524 1.58576 -0.880524 1.61828 -0.872973 1.61597 -0.832113 1.63162 -0.779865 1.6416 -0.766407 1.62851 -0.759344 1.62413 -0.987821 1.71346 -0.992023 1.63606 -0.924673 1.61597 -0.832113 1.6377 -0.809825 1.63162 -0.779865 1.61597 -0.832113 1.65603 -0.867858 1.6377 -0.809825 1.62461 -0.898488 1.63606 -0.924673 1.65603 -0.867858 1.61597 -0.832113 1.61828 -0.872973 1.65603 -0.867858 1.61828 -0.872973 1.62461 -0.898488 1.65603 -0.867858 1.71346 -0.992023 1.67808 -0.904882 1.63606 -0.924673 1.63606 -0.924673 1.67808 -0.904882 1.65603 -0.867858 1.44972 -0.805502 1.47518 -0.811409 1.48108 -0.794967 1.47512 -0.811104 1.44972 -0.805502 1.46805 -0.789974 1.44333 -0.770609 1.47183 -0.7686 1.47177 -0.784615 1.47183 -0.7686 1.48315 -0.777734 1.47177 -0.784615 1.47183 -0.7686 1.48346 -0.770244 1.48315 -0.777734 0.245832 -0.489884 0.266415 -0.513511 0.22732 -0.500845 0.266415 -0.513511 0.2407169 -0.53586 0.22732 -0.500845 0.266415 -0.513511 0.261239 -0.535373 0.2407169 -0.53586 0.22732 -0.500845 0.2407169 -0.53586 0.201501 -0.53793 0.22732 -0.500845 0.201501 -0.53793 0.1883479 -0.506569 0.261239 -0.535373 0.294305 -0.562349 0.2407169 -0.53586 0.1883479 -0.506569 0.201501 -0.53793 0.158631 -0.511015 0.1883479 -0.506569 0.1874949 -0.48142 0.22732 -0.500845 0.1883479 -0.506569 0.158631 -0.511015 0.1874949 -0.48142 0.294305 -0.562349 0.324752 -0.571118 0.311903 -0.629638 0.2407169 -0.53586 0.233897 -0.566064 0.201501 -0.53793 0.2407169 -0.53586 0.294305 -0.562349 0.233897 -0.566064 0.158631 -0.511015 0.175316 -0.544811 0.151872 -0.562836 0.324752 -0.571118 0.413354 -0.5808 0.311903 -0.629638 0.294305 -0.562349 0.311903 -0.629638 0.269338 -0.617337 0.233897 -0.566064 0.202049 -0.630247 0.201257 -0.58896 0.158631 -0.511015 0.151872 -0.562836 0.108454 -0.581044 0.175316 -0.544811 0.17014 -0.585489 0.151872 -0.562836 0.17014 -0.585489 0.201257 -0.58896 0.202049 -0.630247 0.413354 -0.5808 0.400749 -0.654178 0.311903 -0.629638 0.294305 -0.562349 0.269338 -0.617337 0.238829 -0.614414 0.202049 -0.630247 0.233897 -0.566064 0.238829 -0.614414 0.294305 -0.562349 0.238829 -0.614414 0.233897 -0.566064 0.201257 -0.58896 0.206799 -0.565211 0.233897 -0.566064 0.151872 -0.562836 0.1392059 -0.634631 0.108454 -0.581044 0.151872 -0.562836 0.17014 -0.585489 0.1392059 -0.634631 0.17014 -0.585489 0.202049 -0.630247 0.1392059 -0.634631 0.108454 -0.581044 0.1392059 -0.634631 0.07252496 -0.617763 0.201257 -0.58896 0.17014 -0.585489 0.188165 -0.559487 0.201257 -0.58896 0.188165 -0.559487 0.206799 -0.565211 0.175316 -0.544811 0.188165 -0.559487 0.17014 -0.585489 0.311903 -0.629638 0.313852 -0.657162 0.291321 -0.663434 0.311903 -0.629638 0.291321 -0.663434 0.269338 -0.617337 0.238829 -0.614414 0.25862 -0.623548 0.259229 -0.637919 0.238829 -0.614414 0.259229 -0.637919 0.202049 -0.630247 0.269338 -0.617337 0.291321 -0.663434 0.259229 -0.637919 0.07252496 -0.617763 0.1392059 -0.634631 0.09901499 -0.645775 0.07252496 -0.617763 0.09901499 -0.645775 0.011509 -0.655214 0.313852 -0.657162 0.345761 -0.678536 0.291321 -0.663434 0.202049 -0.630247 0.259229 -0.637919 0.202536 -0.663008 0.011509 -0.655214 0.09901499 -0.645775 0.042261 -0.714952 0.1392059 -0.634631 0.202049 -0.630247 0.179213 -0.656919 0.1392059 -0.634631 0.179213 -0.656919 0.09901499 -0.645775 0.345761 -0.678536 0.382419 -0.705939 0.34369 -0.730541 0.345761 -0.678536 0.34369 -0.730541 0.291321 -0.663434 0.259229 -0.637919 0.291321 -0.663434 0.2443709 -0.699241 0.291321 -0.663434 0.34369 -0.730541 0.2443709 -0.699241 0.259229 -0.637919 0.2443709 -0.699241 0.202536 -0.663008 0.042261 -0.714952 0.09901499 -0.645775 0.166121 -0.693821 0.09901499 -0.645775 0.179213 -0.656919 0.166121 -0.693821 0.179213 -0.656919 0.202536 -0.663008 0.166121 -0.693821 0.202049 -0.630247 0.202536 -0.663008 0.19261 -0.65497 0.34369 -0.730541 0.281943 -0.771157 0.2443709 -0.699241 0.202536 -0.663008 0.179213 -0.656919 0.19261 -0.65497 0.042261 -0.714952 0.166121 -0.693821 0.119719 -0.775664 0.34369 -0.730541 0.291321 -0.663434 0.2443709 -0.699241 0.281943 -0.771157 0.34369 -0.730541 0.2443709 -0.699241 0.281943 -0.771157 0.2443709 -0.699241 0.2126449 -0.790887 0.281943 -0.771157 0.2126449 -0.790887 0.2443709 -0.699241 0.2443709 -0.699241 0.2126449 -0.790887 0.1987 -0.698753 0.202536 -0.663008 0.1987 -0.698753 0.166121 -0.693821 0.202536 -0.663008 0.2443709 -0.699241 0.1987 -0.698753 0.042261 -0.714952 0.119719 -0.775664 0.166121 -0.693821 0.291321 -0.663434 0.313852 -0.657162 0.311903 -0.629638 0.34369 -0.730541 0.382419 -0.705939 0.345761 -0.678536 0.345761 -0.678536 0.291321 -0.663434 0.34369 -0.730541 0.345761 -0.678536 0.313852 -0.657162 0.291321 -0.663434 0.2443709 -0.699241 0.291321 -0.663434 0.259229 -0.637919 0.2126449 -0.790887 0.171845 -0.750758 0.178665 -0.71282 0.178665 -0.71282 0.1987 -0.698753 0.2126449 -0.790887 0.1987 -0.698753 0.178665 -0.71282 0.166121 -0.693821 0.042261 -0.714952 0.166121 -0.693821 0.09901499 -0.645775 0.311903 -0.629638 0.400749 -0.654178 0.413354 -0.5808 0.2443709 -0.699241 0.1987 -0.698753 0.2126449 -0.790887 0.291321 -0.663434 0.269338 -0.617337 0.259229 -0.637919 0.291321 -0.663434 0.311903 -0.629638 0.269338 -0.617337 0.171845 -0.750758 0.2126449 -0.790887 0.16198 -0.801118 0.166121 -0.693821 0.179213 -0.656919 0.09901499 -0.645775 0.413354 -0.5808 0.324752 -0.571118 0.311903 -0.629638 0.166121 -0.693821 0.1987 -0.698753 0.202536 -0.663008 0.2443709 -0.699241 0.259229 -0.637919 0.202536 -0.663008 0.2443709 -0.699241 0.202536 -0.663008 0.1987 -0.698753 0.166121 -0.693821 0.202536 -0.663008 0.179213 -0.656919 0.269338 -0.617337 0.311903 -0.629638 0.294305 -0.562349 0.311903 -0.629638 0.324752 -0.571118 0.294305 -0.562349 0.166121 -0.693821 0.178665 -0.71282 0.1987 -0.698753 0.2126449 -0.790887 0.1987 -0.698753 0.178665 -0.71282 0.16198 -0.801118 0.2126449 -0.790887 0.171845 -0.750758 0.171845 -0.750758 0.2126449 -0.790887 0.178665 -0.71282 0.09901499 -0.645775 0.011509 -0.655214 0.042261 -0.714952 0.259229 -0.637919 0.25862 -0.623548 0.238829 -0.614414 0.269338 -0.617337 0.294305 -0.562349 0.238829 -0.614414 0.179213 -0.656919 0.202536 -0.663008 0.19261 -0.65497 0.09901499 -0.645775 0.07252496 -0.617763 0.011509 -0.655214 0.259229 -0.637919 0.202049 -0.630247 0.202536 -0.663008 0.259229 -0.637919 0.238829 -0.614414 0.202049 -0.630247 0.238829 -0.614414 0.233897 -0.566064 0.202049 -0.630247 0.294305 -0.562349 0.2407169 -0.53586 0.233897 -0.566064 0.238829 -0.614414 0.294305 -0.562349 0.233897 -0.566064 0.09901499 -0.645775 0.179213 -0.656919 0.1392059 -0.634631 0.09901499 -0.645775 0.1392059 -0.634631 0.07252496 -0.617763 0.179213 -0.656919 0.202049 -0.630247 0.1392059 -0.634631 0.2407169 -0.53586 0.266415 -0.513511 0.22732 -0.500845 0.294305 -0.562349 0.261239 -0.535373 0.2407169 -0.53586 0.261239 -0.535373 0.266415 -0.513511 0.2407169 -0.53586 0.233897 -0.566064 0.201257 -0.58896 0.202049 -0.630247 0.1392059 -0.634631 0.108454 -0.581044 0.07252496 -0.617763 0.22732 -0.500845 0.266415 -0.513511 0.245832 -0.489884 0.2407169 -0.53586 0.22732 -0.500845 0.201501 -0.53793 0.2407169 -0.53586 0.201501 -0.53793 0.233897 -0.566064 0.201257 -0.58896 0.233897 -0.566064 0.206799 -0.565211 0.202049 -0.630247 0.19261 -0.65497 0.202536 -0.663008 0.202049 -0.630247 0.17014 -0.585489 0.1392059 -0.634631 0.202049 -0.630247 0.201257 -0.58896 0.17014 -0.585489 0.1392059 -0.634631 0.151872 -0.562836 0.108454 -0.581044 0.1392059 -0.634631 0.17014 -0.585489 0.151872 -0.562836 0.22732 -0.500845 0.1883479 -0.506569 0.201501 -0.53793 0.201257 -0.58896 0.188165 -0.559487 0.17014 -0.585489 0.206799 -0.565211 0.188165 -0.559487 0.201257 -0.58896 0.175316 -0.544811 0.17014 -0.585489 0.188165 -0.559487 0.151872 -0.562836 0.17014 -0.585489 0.175316 -0.544811 0.151872 -0.562836 0.158631 -0.511015 0.108454 -0.581044 0.201501 -0.53793 0.1883479 -0.506569 0.158631 -0.511015 0.151872 -0.562836 0.175316 -0.544811 0.158631 -0.511015 0.22732 -0.500845 0.1874949 -0.48142 0.1883479 -0.506569 0.1883479 -0.506569 0.1874949 -0.48142 0.158631 -0.511015 0.166121 -0.693821 0.178665 -0.71282 0.119719 -0.775664 0.178665 -0.71282 0.171845 -0.750758 0.119719 -0.775664 0.171845 -0.750758 0.16198 -0.801118 0.119719 -0.775664 0.16198 -0.801118 0.171845 -0.750758 0.119719 -0.775664 0.171845 -0.750758 0.178665 -0.71282 0.119719 -0.775664 0.178665 -0.71282 0.166121 -0.693821 0.119719 -0.775664 0.382419 -0.705939 0.345761 -0.678536 0.400749 -0.654178 0.345761 -0.678536 0.313852 -0.657162 0.400749 -0.654178 0.313852 -0.657162 0.311903 -0.629638 0.400749 -0.654178 0.123495 -0.898184 0.138475 -0.917488 0.07624 -0.942698 0.138475 -0.917488 0.116735 -0.99184 0.07624 -0.942698 0.138475 -0.917488 0.166486 -0.929362 0.116735 -0.99184 0.07624 -0.942698 0.116735 -0.99184 0.05547499 -0.990561 0.166486 -0.929362 0.184207 -0.99458 0.116735 -0.99184 0.05547499 -0.990561 0.116735 -0.99184 0.07624 -0.942698 0.184207 -0.99458 0.166486 -0.929362 0.116735 -0.99184 0.138475 -0.917488 0.116735 -0.99184 0.166486 -0.929362 0.116735 -0.99184 0.138475 -0.917488 0.07624 -0.942698 0.07624 -0.942698 0.138475 -0.917488 0.123495 -0.898184 0.413354 -0.5808 0.324752 -0.571118 0.406595 -0.547308 0.324752 -0.571118 0.331146 -0.54609 0.406595 -0.547308 0.324752 -0.571118 0.294305 -0.562349 0.331146 -0.54609 0.294305 -0.562349 0.261239 -0.535373 0.331146 -0.54609 0.25862 -0.623548 0.269338 -0.617337 0.259229 -0.637919 0.238829 -0.614414 0.269338 -0.617337 0.25862 -0.623548 0.179213 -0.656919 0.202049 -0.630247 0.19261 -0.65497 0.233897 -0.566064 0.206799 -0.565211 0.201501 -0.53793 0.206799 -0.565211 0.188165 -0.559487 0.201501 -0.53793 0.188165 -0.559487 0.175316 -0.544811 0.201501 -0.53793 0.175316 -0.544811 0.158631 -0.511015 0.201501 -0.53793 0.382419 -0.705939 0.400749 -0.654178 0.345761 -0.678536 0.400749 -0.654178 0.313852 -0.657162 0.345761 -0.678536 0.400749 -0.654178 0.311903 -0.629638 0.313852 -0.657162 0.413354 -0.5808 0.406595 -0.547308 0.324752 -0.571118 0.406595 -0.547308 0.331146 -0.54609 0.324752 -0.571118 0.331146 -0.54609 0.294305 -0.562349 0.324752 -0.571118 0.331146 -0.54609 0.261239 -0.535373 0.294305 -0.562349 0.25862 -0.623548 0.259229 -0.637919 0.269338 -0.617337 0.238829 -0.614414 0.25862 -0.623548 0.269338 -0.617337 0.179213 -0.656919 0.19261 -0.65497 0.202049 -0.630247 0.233897 -0.566064 0.201501 -0.53793 0.206799 -0.565211 0.201501 -0.53793 0.188165 -0.559487 0.206799 -0.565211 0.201501 -0.53793 0.175316 -0.544811 0.188165 -0.559487 0.201501 -0.53793 0.158631 -0.511015 0.175316 -0.544811 1.24585 -0.489884 1.22727 -0.500845 1.26643 -0.513511 1.22727 -0.500845 1.24073 -0.53586 1.26643 -0.513511 1.22727 -0.500845 1.20151 -0.53793 1.24073 -0.53586 1.22727 -0.500845 1.18836 -0.506569 1.20151 -0.53793 1.24073 -0.53586 1.26125 -0.535373 1.26643 -0.513511 1.18836 -0.506569 1.22727 -0.500845 1.18751 -0.48142 1.18836 -0.506569 1.18751 -0.48142 1.15858 -0.511015 1.18836 -0.506569 1.15858 -0.511015 1.20151 -0.53793 1.26125 -0.535373 1.24073 -0.53586 1.29432 -0.562349 1.15858 -0.511015 1.15189 -0.562836 1.17533 -0.544811 1.24073 -0.53586 1.23385 -0.566064 1.29432 -0.562349 1.20151 -0.53793 1.23385 -0.566064 1.24073 -0.53586 1.15858 -0.511015 1.10841 -0.581044 1.15189 -0.562836 1.17533 -0.544811 1.15189 -0.562836 1.17009 -0.585489 1.17533 -0.544811 1.17009 -0.585489 1.18812 -0.559487 1.23884 -0.614414 1.29432 -0.562349 1.23385 -0.566064 1.23385 -0.566064 1.20206 -0.630247 1.23884 -0.614414 1.23884 -0.614414 1.26935 -0.617337 1.29432 -0.562349 1.29432 -0.562349 1.26935 -0.617337 1.31192 -0.629638 1.15189 -0.562836 1.10841 -0.581044 1.13922 -0.634631 1.15189 -0.562836 1.13922 -0.634631 1.17009 -0.585489 1.10841 -0.581044 1.07254 -0.617763 1.13922 -0.634631 1.17009 -0.585489 1.13922 -0.634631 1.20206 -0.630247 1.23385 -0.566064 1.20127 -0.58896 1.20206 -0.630247 1.18812 -0.559487 1.17009 -0.585489 1.20127 -0.58896 1.17009 -0.585489 1.20206 -0.630247 1.20127 -0.58896 1.23884 -0.614414 1.20206 -0.630247 1.25918 -0.637919 1.23884 -0.614414 1.25918 -0.637919 1.25864 -0.623548 1.31192 -0.629638 1.4007 -0.654178 1.41331 -0.5808 1.07254 -0.617763 1.01152 -0.655214 1.09903 -0.645775 1.07254 -0.617763 1.09903 -0.645775 1.13922 -0.634631 1.18812 -0.559487 1.20127 -0.58896 1.20681 -0.565211 1.20681 -0.565211 1.20127 -0.58896 1.23385 -0.566064 1.26935 -0.617337 1.25918 -0.637919 1.29127 -0.663434 1.26935 -0.617337 1.29127 -0.663434 1.31192 -0.629638 1.29432 -0.562349 1.31192 -0.629638 1.32471 -0.571118 1.32471 -0.571118 1.31192 -0.629638 1.41331 -0.5808 1.20206 -0.630247 1.20255 -0.663008 1.25918 -0.637919 1.01152 -0.655214 1.04227 -0.714952 1.09903 -0.645775 1.13922 -0.634631 1.17917 -0.656919 1.20206 -0.630247 1.13922 -0.634631 1.09903 -0.645775 1.17917 -0.656919 1.25918 -0.637919 1.20255 -0.663008 1.24432 -0.699241 1.25918 -0.637919 1.24432 -0.699241 1.29127 -0.663434 1.29127 -0.663434 1.24432 -0.699241 1.34364 -0.730541 1.31192 -0.629638 1.29127 -0.663434 1.31387 -0.657162 1.04227 -0.714952 1.11973 -0.775664 1.16613 -0.693821 1.09903 -0.645775 1.04227 -0.714952 1.16613 -0.693821 1.09903 -0.645775 1.16613 -0.693821 1.17917 -0.656919 1.17917 -0.656919 1.16613 -0.693821 1.20255 -0.663008 1.20206 -0.630247 1.19263 -0.65497 1.20255 -0.663008 1.34364 -0.730541 1.24432 -0.699241 1.28196 -0.771157 1.20255 -0.663008 1.19263 -0.65497 1.17917 -0.656919 1.29127 -0.663434 1.34364 -0.730541 1.34578 -0.678536 1.29127 -0.663434 1.34578 -0.678536 1.31387 -0.657162 1.11973 -0.775664 1.04227 -0.714952 1.16613 -0.693821 1.24432 -0.699241 1.21266 -0.790887 1.28196 -0.771157 1.16613 -0.693821 1.17868 -0.71282 1.19871 -0.698753 1.19871 -0.698753 1.17868 -0.71282 1.21266 -0.790887 1.19871 -0.698753 1.24432 -0.699241 1.20255 -0.663008 1.19871 -0.698753 1.21266 -0.790887 1.24432 -0.699241 1.19871 -0.698753 1.20255 -0.663008 1.16613 -0.693821 1.34364 -0.730541 1.38243 -0.705939 1.34578 -0.678536 1.04227 -0.714952 1.09903 -0.645775 1.16613 -0.693821 1.28196 -0.771157 1.24432 -0.699241 1.34364 -0.730541 1.28196 -0.771157 1.21266 -0.790887 1.24432 -0.699241 1.17868 -0.71282 1.17186 -0.750758 1.21266 -0.790887 1.09903 -0.645775 1.01152 -0.655214 1.07254 -0.617763 1.16613 -0.693821 1.09903 -0.645775 1.17917 -0.656919 1.34364 -0.730541 1.24432 -0.699241 1.29127 -0.663434 1.17186 -0.750758 1.162 -0.801118 1.21266 -0.790887 1.01152 -0.655214 1.09903 -0.645775 1.04227 -0.714952 1.09903 -0.645775 1.13922 -0.634631 1.17917 -0.656919 1.07254 -0.617763 1.10841 -0.581044 1.13922 -0.634631 1.09903 -0.645775 1.07254 -0.617763 1.13922 -0.634631 1.21266 -0.790887 1.19871 -0.698753 1.24432 -0.699241 1.17868 -0.71282 1.19871 -0.698753 1.21266 -0.790887 1.16613 -0.693821 1.19871 -0.698753 1.17868 -0.71282 1.34364 -0.730541 1.29127 -0.663434 1.34578 -0.678536 1.34364 -0.730541 1.34578 -0.678536 1.38243 -0.705939 1.24432 -0.699241 1.25918 -0.637919 1.29127 -0.663434 1.21266 -0.790887 1.17186 -0.750758 1.17868 -0.71282 1.162 -0.801118 1.17186 -0.750758 1.21266 -0.790887 1.10841 -0.581044 1.15189 -0.562836 1.13922 -0.634631 1.16613 -0.693821 1.17917 -0.656919 1.20255 -0.663008 1.17917 -0.656919 1.19263 -0.65497 1.20255 -0.663008 1.19871 -0.698753 1.16613 -0.693821 1.20255 -0.663008 1.24432 -0.699241 1.20255 -0.663008 1.25918 -0.637919 1.24432 -0.699241 1.19871 -0.698753 1.20255 -0.663008 1.34578 -0.678536 1.29127 -0.663434 1.31387 -0.657162 1.10841 -0.581044 1.15858 -0.511015 1.15189 -0.562836 1.13922 -0.634631 1.20206 -0.630247 1.17917 -0.656919 1.20255 -0.663008 1.20206 -0.630247 1.25918 -0.637919 1.29127 -0.663434 1.31192 -0.629638 1.31387 -0.657162 1.15858 -0.511015 1.18751 -0.48142 1.18836 -0.506569 1.15189 -0.562836 1.15858 -0.511015 1.17533 -0.544811 1.13922 -0.634631 1.15189 -0.562836 1.17009 -0.585489 1.13922 -0.634631 1.17009 -0.585489 1.20206 -0.630247 1.15189 -0.562836 1.17533 -0.544811 1.17009 -0.585489 1.25918 -0.637919 1.20206 -0.630247 1.23884 -0.614414 1.25918 -0.637919 1.23884 -0.614414 1.25864 -0.623548 1.25918 -0.637919 1.26935 -0.617337 1.29127 -0.663434 1.29127 -0.663434 1.26935 -0.617337 1.31192 -0.629638 1.18751 -0.48142 1.22727 -0.500845 1.18836 -0.506569 1.15858 -0.511015 1.18836 -0.506569 1.20151 -0.53793 1.18836 -0.506569 1.22727 -0.500845 1.20151 -0.53793 1.17533 -0.544811 1.18812 -0.559487 1.17009 -0.585489 1.31192 -0.629638 1.32471 -0.571118 1.41331 -0.5808 1.17009 -0.585489 1.18812 -0.559487 1.20127 -0.58896 1.17009 -0.585489 1.20127 -0.58896 1.20206 -0.630247 1.20206 -0.630247 1.20127 -0.58896 1.23385 -0.566064 1.23884 -0.614414 1.20206 -0.630247 1.23385 -0.566064 1.23884 -0.614414 1.23385 -0.566064 1.29432 -0.562349 1.32471 -0.571118 1.31192 -0.629638 1.29432 -0.562349 1.23884 -0.614414 1.29432 -0.562349 1.26935 -0.617337 1.26935 -0.617337 1.29432 -0.562349 1.31192 -0.629638 1.22727 -0.500845 1.24585 -0.489884 1.26643 -0.513511 1.20151 -0.53793 1.22727 -0.500845 1.24073 -0.53586 1.23385 -0.566064 1.24073 -0.53586 1.29432 -0.562349 1.20151 -0.53793 1.24073 -0.53586 1.23385 -0.566064 1.22727 -0.500845 1.26643 -0.513511 1.24073 -0.53586 1.41331 -0.5808 1.4007 -0.654178 1.31192 -0.629638 1.23385 -0.566064 1.20127 -0.58896 1.20681 -0.565211 1.18812 -0.559487 1.20681 -0.565211 1.20127 -0.58896 1.20206 -0.630247 1.20255 -0.663008 1.19263 -0.65497 1.26643 -0.513511 1.26125 -0.535373 1.24073 -0.53586 1.24073 -0.53586 1.26125 -0.535373 1.29432 -0.562349 1.16613 -0.693821 1.11973 -0.775664 1.17868 -0.71282 1.11973 -0.775664 1.17186 -0.750758 1.17868 -0.71282 1.11973 -0.775664 1.162 -0.801118 1.17186 -0.750758 1.11973 -0.775664 1.17868 -0.71282 1.17186 -0.750758 1.17186 -0.750758 1.162 -0.801118 1.11973 -0.775664 1.17868 -0.71282 1.11973 -0.775664 1.16613 -0.693821 1.38243 -0.705939 1.4007 -0.654178 1.34578 -0.678536 1.4007 -0.654178 1.31387 -0.657162 1.34578 -0.678536 1.4007 -0.654178 1.31192 -0.629638 1.31387 -0.657162 1.12351 -0.898184 1.07625 -0.942698 1.13843 -0.917488 1.07625 -0.942698 1.11675 -0.99184 1.13843 -0.917488 1.07625 -0.942698 1.05549 -0.990561 1.11675 -0.99184 1.13843 -0.917488 1.11675 -0.99184 1.1665 -0.929362 1.05549 -0.990561 1.07625 -0.942698 1.11675 -0.99184 1.1665 -0.929362 1.11675 -0.99184 1.18422 -0.99458 1.07625 -0.942698 1.13843 -0.917488 1.11675 -0.99184 1.07625 -0.942698 1.12351 -0.898184 1.13843 -0.917488 1.18422 -0.99458 1.11675 -0.99184 1.1665 -0.929362 1.1665 -0.929362 1.11675 -0.99184 1.13843 -0.917488 1.41331 -0.5808 1.40661 -0.547308 1.32471 -0.571118 1.40661 -0.547308 1.33116 -0.54609 1.32471 -0.571118 1.33116 -0.54609 1.29432 -0.562349 1.32471 -0.571118 1.33116 -0.54609 1.26125 -0.535373 1.29432 -0.562349 1.25864 -0.623548 1.25918 -0.637919 1.26935 -0.617337 1.23884 -0.614414 1.25864 -0.623548 1.26935 -0.617337 1.17917 -0.656919 1.19263 -0.65497 1.20206 -0.630247 1.23385 -0.566064 1.20151 -0.53793 1.20681 -0.565211 1.20151 -0.53793 1.18812 -0.559487 1.20681 -0.565211 1.20151 -0.53793 1.17533 -0.544811 1.18812 -0.559487 1.20151 -0.53793 1.15858 -0.511015 1.17533 -0.544811 1.38243 -0.705939 1.34578 -0.678536 1.4007 -0.654178 1.34578 -0.678536 1.31387 -0.657162 1.4007 -0.654178 1.31387 -0.657162 1.31192 -0.629638 1.4007 -0.654178 1.41331 -0.5808 1.32471 -0.571118 1.40661 -0.547308 1.32471 -0.571118 1.33116 -0.54609 1.40661 -0.547308 1.32471 -0.571118 1.29432 -0.562349 1.33116 -0.54609 1.29432 -0.562349 1.26125 -0.535373 1.33116 -0.54609 1.25864 -0.623548 1.26935 -0.617337 1.25918 -0.637919 1.23884 -0.614414 1.26935 -0.617337 1.25864 -0.623548 1.17917 -0.656919 1.20206 -0.630247 1.19263 -0.65497 1.23385 -0.566064 1.20681 -0.565211 1.20151 -0.53793 1.20681 -0.565211 1.18812 -0.559487 1.20151 -0.53793 1.18812 -0.559487 1.17533 -0.544811 1.20151 -0.53793 1.17533 -0.544811 1.15858 -0.511015 1.20151 -0.53793 0.458416 -0.289236 0.459877 -0.305678 0.444958 -0.298005 0.458416 -0.289236 0.444958 -0.298005 0.443619 -0.281624 0.459877 -0.305678 0.445324 -0.314873 0.444958 -0.298005 0.443619 -0.281624 0.444958 -0.298005 0.430648 -0.292768 0.444958 -0.298005 0.432597 -0.306287 0.430648 -0.292768 0.445324 -0.314873 0.432597 -0.306287 0.444958 -0.298005 0.06186896 -0.142967 0.071855 -0.136146 0.07252496 -0.149361 0.06186896 -0.142967 0.07252496 -0.149361 0.05949395 -0.158129 0.071855 -0.136146 0.083669 -0.139678 0.07252496 -0.149361 0.05949395 -0.158129 0.07252496 -0.149361 0.07532596 -0.16294 0.07252496 -0.149361 0.08695697 -0.153562 0.07532596 -0.16294 0.083669 -0.139678 0.08695697 -0.153562 0.07252496 -0.149361 1.07187 -0.136146 1.06182 -0.142967 1.07254 -0.149361 1.07187 -0.136146 1.07254 -0.149361 1.08362 -0.139678 1.06182 -0.142967 1.05951 -0.158129 1.07254 -0.149361 1.08362 -0.139678 1.07254 -0.149361 1.08691 -0.153562 1.07254 -0.149361 1.07528 -0.16294 1.08691 -0.153562 1.05951 -0.158129 1.07528 -0.16294 1.07254 -0.149361 1.45989 -0.305678 1.45843 -0.289236 1.44497 -0.298005 1.45989 -0.305678 1.44497 -0.298005 1.44534 -0.314873 1.45843 -0.289236 1.44363 -0.281624 1.44497 -0.298005 1.44534 -0.314873 1.44497 -0.298005 1.43261 -0.306287 1.44363 -0.281624 1.43066 -0.292768 1.44497 -0.298005 1.44497 -0.298005 1.43066 -0.292768 1.43261 -0.306287 0.933639 -0.418942 0.933944 -0.434714 0.920425 -0.426127 0.933639 -0.418942 0.920425 -0.426127 0.918111 -0.40658 0.933944 -0.434714 0.920973 -0.443422 0.920425 -0.426127 0.918111 -0.40658 0.920425 -0.426127 0.904105 -0.421621 0.920425 -0.426127 0.905993 -0.439463 0.904105 -0.421621 0.920973 -0.443422 0.905993 -0.439463 0.920425 -0.426127 0.933944 -0.434714 0.933639 -0.418942 0.920425 -0.426127 0.933944 -0.434714 0.920425 -0.426127 0.920973 -0.443422 0.933639 -0.418942 0.918111 -0.40658 0.920425 -0.426127 0.920425 -0.426127 0.904105 -0.421621 0.905993 -0.439463 0.918111 -0.40658 0.904105 -0.421621 0.920425 -0.426127 1.93396 -0.434714 1.93365 -0.418942 1.92044 -0.426127 1.93396 -0.434714 1.92044 -0.426127 1.92099 -0.443422 1.93365 -0.418942 1.91813 -0.40658 1.92044 -0.426127 1.92099 -0.443422 1.92044 -0.426127 1.90601 -0.439463 1.92044 -0.426127 1.90412 -0.421621 1.90601 -0.439463 1.91813 -0.40658 1.90412 -0.421621 1.92044 -0.426127 1.93365 -0.418942 1.93396 -0.434714 1.92044 -0.426127 1.93365 -0.418942 1.92044 -0.426127 1.91813 -0.40658 1.93396 -0.434714 1.92099 -0.443422 1.92044 -0.426127 1.91813 -0.40658 1.92044 -0.426127 1.90412 -0.421621 1.92044 -0.426127 1.90601 -0.439463 1.90412 -0.421621 0.191332 -0.900559 0.177447 -0.868954 0.2102699 -0.849773 0.191332 -0.900559 0.142433 -0.88363 0.177447 -0.868954 0.2102699 -0.849773 0.177447 -0.868954 0.185486 -0.821578 0.142433 -0.88363 0.136891 -0.841978 0.177447 -0.868954 0.157961 -0.822613 0.177447 -0.868954 0.136891 -0.841978 0.185486 -0.821578 0.177447 -0.868954 0.157961 -0.822613 0.301307 -0.904091 0.332303 -0.933625 0.271225 -0.935695 0.301307 -0.904091 0.271225 -0.935695 0.2387689 -0.910606 0.332303 -0.933625 0.348136 -0.991536 0.271225 -0.935695 0.2387689 -0.910606 0.271225 -0.935695 0.218978 -0.934903 0.271225 -0.935695 0.271652 -0.988126 0.218978 -0.934903 0.348136 -0.991536 0.271652 -0.988126 0.271225 -0.935695 0.348136 -0.991536 0.271225 -0.935695 0.271652 -0.988126 0.218978 -0.934903 0.271652 -0.988126 0.2123399 -0.992266 0.348136 -0.991536 0.332303 -0.933625 0.271225 -0.935695 0.218978 -0.934903 0.2123399 -0.992266 0.182076 -0.917914 0.271652 -0.988126 0.271225 -0.935695 0.218978 -0.934903 0.271652 -0.988126 0.218978 -0.934903 0.2123399 -0.992266 0.332303 -0.933625 0.301307 -0.904091 0.271225 -0.935695 0.182076 -0.917914 0.2123399 -0.992266 0.166486 -0.929362 0.218978 -0.934903 0.182076 -0.917914 0.2123399 -0.992266 0.271225 -0.935695 0.2387689 -0.910606 0.218978 -0.934903 0.301307 -0.904091 0.2387689 -0.910606 0.271225 -0.935695 0.166486 -0.929362 0.2123399 -0.992266 0.184207 -0.99458 0.182076 -0.917914 0.166486 -0.929362 0.2123399 -0.992266 0.2123399 -0.992266 0.166486 -0.929362 0.184207 -0.99458 1.33226 -0.933625 1.30126 -0.904091 1.27124 -0.935695 1.33226 -0.933625 1.27124 -0.935695 1.34815 -0.991536 1.30126 -0.904091 1.23872 -0.910606 1.27124 -0.935695 1.34815 -0.991536 1.27124 -0.935695 1.27161 -0.988126 1.23872 -0.910606 1.21893 -0.934903 1.27124 -0.935695 1.27124 -0.935695 1.21893 -0.934903 1.27161 -0.988126 1.34815 -0.991536 1.27161 -0.988126 1.27124 -0.935695 1.21893 -0.934903 1.21236 -0.992266 1.27161 -0.988126 1.34815 -0.991536 1.27124 -0.935695 1.33226 -0.933625 1.21893 -0.934903 1.18203 -0.917914 1.21236 -0.992266 1.27161 -0.988126 1.21236 -0.992266 1.21893 -0.934903 1.27161 -0.988126 1.21893 -0.934903 1.27124 -0.935695 1.33226 -0.933625 1.27124 -0.935695 1.30126 -0.904091 1.18203 -0.917914 1.1665 -0.929362 1.21236 -0.992266 1.21893 -0.934903 1.21236 -0.992266 1.18203 -0.917914 1.27124 -0.935695 1.23872 -0.910606 1.30126 -0.904091 1.23872 -0.910606 1.27124 -0.935695 1.21893 -0.934903 1.1665 -0.929362 1.18422 -0.99458 1.21236 -0.992266 1.1665 -0.929362 1.21236 -0.992266 1.18422 -0.99458 1.18203 -0.917914 1.21236 -0.992266 1.1665 -0.929362 0.52808 -0.480811 0.458721 -0.40658 0.600301 -0.441899 0.458721 -0.40658 0.521929 -0.393366 0.600301 -0.441899 0.458721 -0.40658 0.421575 -0.381552 0.521929 -0.393366 0.66966 -0.378569 0.60158 -0.343493 0.710703 -0.316334 0.66966 -0.378569 0.710703 -0.316334 0.739141 -0.309088 0.739141 -0.309088 0.710703 -0.316334 0.728302 -0.293559 0.739141 -0.309088 0.728302 -0.293559 0.770685 -0.279615 0.668625 -0.284973 0.55944 -0.297213 0.657968 -0.244295 0.381201 -0.335394 0.369814 -0.318892 0.400749 -0.32425 0.770685 -0.279615 0.728302 -0.293559 0.758688 -0.234248 0.710703 -0.316334 0.668625 -0.284973 0.683605 -0.278823 0.668625 -0.284973 0.657968 -0.244295 0.683605 -0.278823 0.369814 -0.318892 0.358427 -0.287165 0.392102 -0.298309 0.710703 -0.316334 0.683605 -0.278823 0.706197 -0.265 0.728302 -0.293559 0.706197 -0.265 0.758688 -0.234248 0.710703 -0.316334 0.706197 -0.265 0.728302 -0.293559 0.657968 -0.244295 0.55944 -0.297213 0.681717 -0.2179279 0.418956 -0.237902 0.441974 -0.261894 0.414572 -0.281807 0.358427 -0.287165 0.379496 -0.262929 0.392102 -0.298309 0.758688 -0.234248 0.706197 -0.265 0.7336 -0.191439 0.683605 -0.278823 0.686102 -0.227793 0.706197 -0.265 0.686102 -0.227793 0.683605 -0.278823 0.657968 -0.244295 0.686102 -0.227793 0.657968 -0.244295 0.681717 -0.2179279 0.686102 -0.227793 0.7336 -0.191439 0.706197 -0.265 0.686102 -0.227793 0.681717 -0.2179279 0.7336 -0.191439 0.379496 -0.262929 0.38723 -0.234126 0.418956 -0.237902 0.358427 -0.287165 0.38723 -0.234126 0.379496 -0.262929 0.681717 -0.2179279 0.666737 -0.180721 0.7336 -0.191439 0.681717 -0.2179279 0.529602 -0.250141 0.666737 -0.180721 0.358427 -0.287165 0.347466 -0.241738 0.38723 -0.234126 0.418956 -0.237902 0.38723 -0.234126 0.428699 -0.186141 0.38723 -0.234126 0.347466 -0.241738 0.428699 -0.186141 0.418956 -0.237902 0.428699 -0.186141 0.51992 -0.181513 0.666737 -0.180721 0.51992 -0.181513 0.648773 -0.1303009 0.666737 -0.180721 0.648773 -0.1303009 0.707719 -0.148569 0.7336 -0.191439 0.666737 -0.180721 0.707719 -0.148569 0.347466 -0.241738 0.355686 -0.17311 0.428699 -0.186141 0.51992 -0.181513 0.525644 -0.1197659 0.648773 -0.1303009 0.707719 -0.148569 0.648773 -0.1303009 0.681778 -0.118304 0.355686 -0.17311 0.44033 -0.138887 0.428699 -0.186141 0.51992 -0.181513 0.44033 -0.138887 0.525644 -0.1197659 0.51992 -0.181513 0.428699 -0.186141 0.44033 -0.138887 0.648773 -0.1303009 0.618935 -0.08755195 0.681778 -0.118304 0.648773 -0.1303009 0.525644 -0.1197659 0.618935 -0.08755195 0.355686 -0.17311 0.381993 -0.126403 0.44033 -0.138887 0.525644 -0.1197659 0.536361 -0.06812596 0.618935 -0.08755195 0.525644 -0.1197659 0.456528 -0.07251095 0.536361 -0.06812596 0.681778 -0.118304 0.618935 -0.08755195 0.664667 -0.07592099 0.536361 -0.06812596 0.456528 -0.07251095 0.445263 -0.01039797 0.536361 -0.06812596 0.52674 -0.02495199 0.618935 -0.08755195 0.536361 -0.06812596 0.445263 -0.01039797 0.52674 -0.02495199 0.381993 -0.126403 0.389788 -0.08006197 0.456528 -0.07251095 0.618021 -0.04151499 0.618935 -0.08755195 0.52674 -0.02495199 0.618935 -0.08755195 0.618021 -0.04151499 0.664667 -0.07592099 0.664667 -0.07592099 0.618021 -0.04151499 0.66491 -0.01825398 0.372128 -0.006743967 0.456528 -0.07251095 0.389788 -0.08006197 0.381201 -0.335394 0.397521 -0.356646 0.36476 -0.352201 0.458721 -0.40658 0.422549 -0.451825 0.386621 -0.384902 0.48862 -0.515643 0.422549 -0.451825 0.458721 -0.40658 0.458721 -0.40658 0.52808 -0.480811 0.48862 -0.515643 0.333399 -0.290332 0.358427 -0.287165 0.369814 -0.318892 0.333399 -0.290332 0.332242 -0.243017 0.358427 -0.287165 0.332242 -0.243017 0.347466 -0.241738 0.358427 -0.287165 0.332242 -0.243017 0.351424 -0.1858969 0.347466 -0.241738 0.351424 -0.1858969 0.355686 -0.17311 0.347466 -0.241738 0.372128 -0.006743967 0.389788 -0.08006197 0.343081 -0.03950595 0.389788 -0.08006197 0.364942 -0.094433 0.343081 -0.03950595 0.389788 -0.08006197 0.381993 -0.126403 0.364942 -0.094433 0.381993 -0.126403 0.355686 -0.17311 0.357087 -0.161296 0.357087 -0.161296 0.364942 -0.094433 0.381993 -0.126403 0.283831 -0.219268 0.216603 -0.2028869 0.340097 -0.1711609 0.216603 -0.2028869 0.209356 -0.153623 0.244006 -0.1507 0.244006 -0.1507 0.340097 -0.1711609 0.216603 -0.2028869 0.209356 -0.153623 0.216603 -0.2028869 0.177691 -0.148873 0.283831 -0.219268 0.250399 -0.308722 0.216603 -0.2028869 0.216603 -0.2028869 0.173002 -0.320231 0.166669 -0.278153 0.216603 -0.2028869 0.166669 -0.278153 0.150532 -0.1991119 0.216603 -0.2028869 0.150532 -0.1991119 0.177691 -0.148873 0.299359 -0.41541 0.249608 -0.466074 0.253749 -0.403718 0.249608 -0.466074 0.206799 -0.467231 0.253749 -0.403718 0.253749 -0.403718 0.206799 -0.467231 0.1911489 -0.407067 0.299359 -0.41541 0.339671 -0.438367 0.294792 -0.477401 0.299359 -0.41541 0.294792 -0.477401 0.249608 -0.466074 0.007062971 -0.257266 0.03994697 -0.173231 0.08050197 -0.183401 0.183598 -0.107587 0.141398 -0.113433 0.163381 -0.07859998 0.339671 -0.438367 0.381932 -0.47734 0.359645 -0.498288 0.294792 -0.477401 0.339671 -0.438367 0.359645 -0.498288 0.007062971 -0.257266 0.00523597 -0.184253 0.03994697 -0.173231 0.183598 -0.107587 0.163381 -0.07859998 0.193463 -0.06946599 0.183598 -0.107587 0.244006 -0.1507 0.209356 -0.153623 0.183598 -0.107587 0.193463 -0.06946599 0.244006 -0.1507 0.359645 -0.498288 0.381932 -0.47734 0.412075 -0.53245 0.160701 -0.424361 0.1202059 -0.451703 0.102608 -0.396472 0.160701 -0.424361 0.165817 -0.473564 0.1202059 -0.451703 0.03994697 -0.173231 0.05949395 -0.158129 0.07532596 -0.16294 0.186338 -0.05789595 0.163381 -0.07859998 0.164842 -0.067761 0.244006 -0.1507 0.193463 -0.06946599 0.316653 -0.07433795 0.244006 -0.1507 0.316653 -0.07433795 0.340097 -0.1711609 0.381932 -0.47734 0.416581 -0.513146 0.412075 -0.53245 0.03994697 -0.173231 0.04548799 -0.129144 0.05949395 -0.158129 0.193463 -0.06946599 0.196386 -0.03286796 0.316653 -0.07433795 0.193463 -0.06946599 0.186338 -0.05789595 0.196386 -0.03286796 0.186338 -0.05789595 0.171784 -0.03432995 0.196386 -0.03286796 0.09170699 -0.480324 0.067532 -0.508214 0.06759297 -0.473443 0.09170699 -0.480324 0.06759297 -0.473443 0.08817499 -0.441047 0.186338 -0.05789595 0.113203 -0.05180698 0.109672 -0.008875966 0.186338 -0.05789595 0.109672 -0.008875966 0.171784 -0.03432995 0.08123296 -0.554433 0.04414796 -0.556747 0.067532 -0.508214 0.08123296 -0.554433 0.04615795 -0.59371 0.04414796 -0.556747 0.067532 -0.508214 0.04682797 -0.505413 0.06759297 -0.473443 0.06759297 -0.473443 0.04682797 -0.505413 0.01016896 -0.462421 0.04615795 -0.59371 0.03257799 -0.581653 0.04414796 -0.556747 0.067532 -0.508214 0.04414796 -0.556747 0.03282195 -0.557477 0.067532 -0.508214 0.03282195 -0.557477 0.04682797 -0.505413 0.04414796 -0.556747 0.03257799 -0.581653 0.03282195 -0.557477 0.04615795 -0.59371 0.040555 -0.623548 0.03257799 -0.581653 0.04682797 -0.505413 0.01717197 -0.556686 0.012483 -0.504682 0.03282195 -0.557477 0.01717197 -0.556686 0.04682797 -0.505413 0.03282195 -0.557477 0.03257799 -0.581653 0.01717197 -0.556686 0.040555 -0.623548 0.02143496 -0.618129 0.03257799 -0.581653 0.02143496 -0.618129 0.007367968 -0.613501 0.03257799 -0.581653 0.03257799 -0.581653 0.007367968 -0.613501 0.01814597 -0.579461 0.001277983 -0.148021 0.02935099 -0.145098 0.00523597 -0.184253 0.02935099 -0.145098 0.03994697 -0.173231 0.00523597 -0.184253 0.02935099 -0.145098 0.04548799 -0.129144 0.03994697 -0.173231 1.34011 -0.1711609 1.21656 -0.2028869 1.28384 -0.219268 1.34011 -0.1711609 1.24396 -0.1507 1.21656 -0.2028869 1.24396 -0.1507 1.20937 -0.153623 1.21656 -0.2028869 1.20937 -0.153623 1.17771 -0.148873 1.21656 -0.2028869 1.28384 -0.219268 1.21656 -0.2028869 1.25041 -0.308722 1.28384 -0.219268 1.25041 -0.308722 1.31959 -0.285643 1.21656 -0.2028869 1.17771 -0.148873 1.15055 -0.1991119 1.21656 -0.2028869 1.15055 -0.1991119 1.16668 -0.278153 1.21656 -0.2028869 1.16668 -0.278153 1.17302 -0.320231 1.18361 -0.107587 1.1634 -0.07859998 1.14135 -0.113433 1.20937 -0.153623 1.24396 -0.1507 1.18361 -0.107587 1.03996 -0.173231 1.00525 -0.184253 1.00702 -0.257266 1.18361 -0.107587 1.19342 -0.06946599 1.1634 -0.07859998 1.18361 -0.107587 1.24396 -0.1507 1.19342 -0.06946599 1.19342 -0.06946599 1.31667 -0.07433795 1.1964 -0.03286796 1.24396 -0.1507 1.34011 -0.1711609 1.31667 -0.07433795 1.03996 -0.173231 1.07528 -0.16294 1.05951 -0.158129 1.16072 -0.424361 1.10256 -0.396472 1.12022 -0.451703 1.03996 -0.173231 1.05951 -0.158129 1.04544 -0.129144 1.16072 -0.424361 1.16583 -0.473564 1.19116 -0.407067 1.16072 -0.424361 1.12022 -0.451703 1.16583 -0.473564 1.24956 -0.466074 1.29481 -0.477401 1.29931 -0.41541 1.02937 -0.145098 1.03832 -0.09741699 1.00172 -0.103202 1.02937 -0.145098 1.00172 -0.103202 1.00129 -0.148021 1.09172 -0.480324 1.06755 -0.508214 1.1173 -0.504803 1.09172 -0.480324 1.06755 -0.473443 1.06755 -0.508214 1.38195 -0.47734 1.4166 -0.513146 1.43328 -0.509188 1.06755 -0.473443 1.04684 -0.505413 1.06755 -0.508214 1.06755 -0.508214 1.04684 -0.505413 1.03284 -0.557477 1.08125 -0.554433 1.06755 -0.508214 1.0441 -0.556747 1.06755 -0.508214 1.03284 -0.557477 1.0441 -0.556747 1.04684 -0.505413 1.01719 -0.556686 1.03284 -0.557477 1.08125 -0.554433 1.0441 -0.556747 1.04617 -0.59371 1.0441 -0.556747 1.03253 -0.581653 1.04617 -0.59371 1.03284 -0.557477 1.01719 -0.556686 1.03253 -0.581653 1.0441 -0.556747 1.03284 -0.557477 1.03253 -0.581653 1.04617 -0.59371 1.03253 -0.581653 1.04057 -0.623548 1.03253 -0.581653 1.02145 -0.618129 1.04057 -0.623548 1.00129 -0.148021 1.00525 -0.184253 1.02937 -0.145098 1.00525 -0.184253 1.03996 -0.173231 1.02937 -0.145098 1.03996 -0.173231 1.04544 -0.129144 1.02937 -0.145098 1.52809 -0.480811 1.60031 -0.441899 1.45873 -0.40658 1.45873 -0.40658 1.52194 -0.393366 1.42159 -0.381552 1.66961 -0.378569 1.60159 -0.343493 1.52194 -0.393366 1.52194 -0.393366 1.48577 -0.360605 1.42159 -0.381552 1.52194 -0.393366 1.60159 -0.343493 1.48577 -0.360605 1.42159 -0.381552 1.48577 -0.360605 1.42159 -0.346416 1.66961 -0.378569 1.71072 -0.316334 1.60159 -0.343493 1.42159 -0.346416 1.48577 -0.360605 1.44576 -0.337038 1.42159 -0.381552 1.42159 -0.346416 1.39748 -0.356646 1.66961 -0.378569 1.73916 -0.309088 1.71072 -0.316334 1.44576 -0.337038 1.48577 -0.360605 1.47719 -0.321023 1.48577 -0.360605 1.55946 -0.297213 1.47719 -0.321023 1.42159 -0.346416 1.44576 -0.337038 1.40076 -0.32425 1.42159 -0.346416 1.40076 -0.32425 1.38122 -0.335394 1.73916 -0.309088 1.72826 -0.293559 1.71072 -0.316334 1.73916 -0.309088 1.7707 -0.279615 1.72826 -0.293559 1.47719 -0.321023 1.55946 -0.297213 1.4739 -0.278823 1.47719 -0.321023 1.4739 -0.278823 1.45843 -0.289236 1.44576 -0.337038 1.4169 -0.316456 1.40076 -0.32425 1.38122 -0.335394 1.40076 -0.32425 1.36977 -0.318892 1.7707 -0.279615 1.7587 -0.234248 1.72826 -0.293559 1.71072 -0.316334 1.68362 -0.278823 1.66864 -0.284973 1.47719 -0.321023 1.45843 -0.289236 1.45989 -0.305678 1.47719 -0.321023 1.45989 -0.305678 1.44576 -0.337038 1.7587 -0.234248 1.70621 -0.265 1.72826 -0.293559 1.71072 -0.316334 1.72826 -0.293559 1.70621 -0.265 1.71072 -0.316334 1.70621 -0.265 1.68362 -0.278823 1.66864 -0.284973 1.65792 -0.244295 1.55946 -0.297213 1.66864 -0.284973 1.68362 -0.278823 1.65792 -0.244295 1.44576 -0.337038 1.44534 -0.314873 1.4169 -0.316456 1.39206 -0.298309 1.35844 -0.287165 1.36977 -0.318892 1.7587 -0.234248 1.73361 -0.191439 1.70621 -0.265 1.68362 -0.278823 1.68612 -0.227793 1.65792 -0.244295 1.68612 -0.227793 1.73361 -0.191439 1.68173 -0.2179279 1.68612 -0.227793 1.68362 -0.278823 1.70621 -0.265 1.68612 -0.227793 1.68173 -0.2179279 1.65792 -0.244295 1.68612 -0.227793 1.70621 -0.265 1.73361 -0.191439 1.35844 -0.287165 1.39206 -0.298309 1.37951 -0.262929 1.39206 -0.298309 1.41897 -0.237902 1.37951 -0.262929 1.68173 -0.2179279 1.73361 -0.191439 1.66675 -0.180721 1.37951 -0.262929 1.41897 -0.237902 1.38724 -0.234126 1.37951 -0.262929 1.38724 -0.234126 1.35844 -0.287165 1.35844 -0.287165 1.38724 -0.234126 1.34748 -0.241738 1.73361 -0.191439 1.70773 -0.148569 1.66675 -0.180721 1.38724 -0.234126 1.42871 -0.186141 1.34748 -0.241738 1.38724 -0.234126 1.41897 -0.237902 1.42871 -0.186141 1.51993 -0.181513 1.42871 -0.186141 1.41897 -0.237902 1.70773 -0.148569 1.64879 -0.1303009 1.66675 -0.180721 1.66675 -0.180721 1.64879 -0.1303009 1.51993 -0.181513 1.34748 -0.241738 1.42871 -0.186141 1.3557 -0.17311 1.70773 -0.148569 1.68173 -0.118304 1.64879 -0.1303009 1.51993 -0.181513 1.64879 -0.1303009 1.52566 -0.1197659 1.51993 -0.181513 1.52566 -0.1197659 1.44028 -0.138887 1.42871 -0.186141 1.44028 -0.138887 1.3557 -0.17311 1.42871 -0.186141 1.51993 -0.181513 1.44028 -0.138887 1.64879 -0.1303009 1.61895 -0.08755195 1.52566 -0.1197659 1.68173 -0.118304 1.61895 -0.08755195 1.64879 -0.1303009 1.3557 -0.17311 1.44028 -0.138887 1.38201 -0.126403 1.68173 -0.118304 1.66468 -0.07592099 1.61895 -0.08755195 1.52566 -0.1197659 1.53631 -0.06812596 1.45654 -0.07251095 1.52566 -0.1197659 1.61895 -0.08755195 1.53631 -0.06812596 1.38201 -0.126403 1.45654 -0.07251095 1.38974 -0.08006197 1.66468 -0.07592099 1.61804 -0.04151499 1.61895 -0.08755195 1.53631 -0.06812596 1.44528 -0.01039797 1.45654 -0.07251095 1.37214 -0.006743967 1.45654 -0.07251095 1.44528 -0.01039797 1.38974 -0.08006197 1.45654 -0.07251095 1.37214 -0.006743967 1.66468 -0.07592099 1.66486 -0.01825398 1.61804 -0.04151499 1.52675 -0.02495199 1.44528 -0.01039797 1.53631 -0.06812596 1.61895 -0.08755195 1.52675 -0.02495199 1.53631 -0.06812596 1.52675 -0.02495199 1.61895 -0.08755195 1.61804 -0.04151499 1.38122 -0.335394 1.36477 -0.352201 1.39748 -0.356646 1.38122 -0.335394 1.36977 -0.318892 1.34425 -0.327112 1.36977 -0.318892 1.33335 -0.290332 1.34425 -0.327112 1.36977 -0.318892 1.35844 -0.287165 1.33335 -0.290332 1.42256 -0.451825 1.48857 -0.515643 1.45873 -0.40658 1.35844 -0.287165 1.33226 -0.243017 1.33335 -0.290332 1.48857 -0.515643 1.52809 -0.480811 1.45873 -0.40658 1.35844 -0.287165 1.34748 -0.241738 1.33226 -0.243017 1.36496 -0.094433 1.38974 -0.08006197 1.3431 -0.03950595 1.38974 -0.08006197 1.37214 -0.006743967 1.3431 -0.03950595 0.416581 -0.513146 0.381932 -0.47734 0.412075 -0.53245 0.381932 -0.47734 0.359645 -0.498288 0.412075 -0.53245 0.381932 -0.47734 0.339671 -0.438367 0.359645 -0.498288 0.339671 -0.438367 0.294792 -0.477401 0.359645 -0.498288 0.332242 -0.243017 0.347466 -0.241738 0.351424 -0.1858969 0.347466 -0.241738 0.355686 -0.17311 0.351424 -0.1858969 0.355686 -0.17311 0.381993 -0.126403 0.357087 -0.161296 0.381993 -0.126403 0.364942 -0.094433 0.357087 -0.161296 0.381993 -0.126403 0.389788 -0.08006197 0.364942 -0.094433 0.593724 -0.566125 0.545191 -0.556625 0.588974 -0.532876 0.545191 -0.556625 0.503965 -0.56856 0.498789 -0.527943 0.542329 -0.512415 0.545191 -0.556625 0.498789 -0.527943 0.588974 -0.532876 0.545191 -0.556625 0.542329 -0.512415 0.503965 -0.56856 0.473031 -0.566064 0.473335 -0.52971 0.503965 -0.56856 0.473335 -0.52971 0.498789 -0.527943 0.428638 -0.565211 0.425837 -0.53178 0.473031 -0.566064 0.473031 -0.566064 0.425837 -0.53178 0.473335 -0.52971 0.991854 -0.921446 0.967618 -0.946291 0.964391 -0.845205 0.964391 -0.845205 0.938145 -0.894713 0.928219 -0.861586 0.964391 -0.845205 0.928219 -0.861586 0.955805 -0.809704 0.964391 -0.845205 0.955805 -0.809704 0.967557 -0.807816 0.967557 -0.807816 0.955805 -0.809704 0.936745 -0.755934 0.967557 -0.807816 0.936745 -0.755934 0.966096 -0.741441 0.955805 -0.809704 0.90922 -0.812809 0.903557 -0.78425 0.955805 -0.809704 0.903557 -0.78425 0.936745 -0.755934 1.96434 -0.674274 1.91721 -0.674152 1.9367 -0.755934 1.95582 -0.809704 1.92817 -0.861586 1.9644 -0.845205 1.96757 -0.807816 1.95582 -0.809704 1.9644 -0.845205 1.9644 -0.845205 1.92817 -0.861586 1.93816 -0.894713 1.9644 -0.845205 1.93816 -0.894713 1.96757 -0.946291 1.9644 -0.845205 1.96757 -0.946291 1.99187 -0.921446 1.95582 -0.809704 1.90357 -0.78425 1.90924 -0.812809 1.95582 -0.809704 1.90924 -0.812809 1.92817 -0.861586 1.09245 -0.892216 1.10707 -0.783945 1.05561 -0.79515 1.96611 -0.741441 1.9951 -0.673787 1.96434 -0.674274 1.9951 -0.673787 1.9666 -0.602601 1.96434 -0.674274 1.9951 -0.673787 1.9775 -0.59645 1.9666 -0.602601 1.59374 -0.566125 1.54521 -0.556625 1.55239 -0.596207 1.59374 -0.566125 1.58899 -0.532876 1.54521 -0.556625 1.58899 -0.532876 1.54234 -0.512415 1.54521 -0.556625 1.54521 -0.556625 1.4988 -0.527943 1.50398 -0.56856 1.54234 -0.512415 1.4988 -0.527943 1.54521 -0.556625 1.50398 -0.56856 1.47335 -0.52971 1.47298 -0.566064 1.4988 -0.527943 1.47335 -0.52971 1.50398 -0.56856 1.47335 -0.52971 1.42585 -0.53178 1.47298 -0.566064 1.47298 -0.566064 1.42585 -0.53178 1.42865 -0.565211 0.981502 -0.461568 0.941616 -0.528613 0.941495 -0.465039 0.941495 -0.465039 0.941616 -0.528613 0.911412 -0.490067 0.941616 -0.528613 0.889186 -0.514729 0.911412 -0.490067 0.941495 -0.465039 0.911412 -0.490067 0.923896 -0.473869 0.941616 -0.528613 0.911412 -0.490067 0.889186 -0.514729 0.911412 -0.490067 0.941616 -0.528613 0.941495 -0.465039 0.911412 -0.490067 0.941495 -0.465039 0.923896 -0.473869 0.941495 -0.465039 0.941616 -0.528613 0.981502 -0.461568 0.886994 -0.457732 0.883645 -0.41748 0.905993 -0.439463 0.8711 -0.174571 0.876276 -0.155633 0.915919 -0.196371 0.886994 -0.457732 0.920973 -0.443422 0.924383 -0.45761 0.8711 -0.174571 0.911595 -0.339291 0.882305 -0.359509 0.8711 -0.174571 0.915919 -0.196371 0.911595 -0.339291 0.876276 -0.155633 0.816721 -0.118731 0.880173 -0.108135 0.924383 -0.45761 0.920973 -0.443422 0.956414 -0.43922 0.886994 -0.457732 0.924383 -0.45761 0.923896 -0.473869 0.915919 -0.196371 0.944174 -0.325956 0.911595 -0.339291 0.876276 -0.155633 0.880173 -0.108135 0.917806 -0.13231 0.876276 -0.155633 0.917806 -0.13231 0.915919 -0.196371 0.816721 -0.118731 0.813555 -0.201852 0.793764 -0.132736 0.886994 -0.457732 0.923896 -0.473869 0.911412 -0.490067 0.924383 -0.45761 0.941495 -0.465039 0.923896 -0.473869 0.924383 -0.45761 0.956414 -0.43922 0.941495 -0.465039 0.953856 -0.153684 0.915919 -0.196371 0.917806 -0.13231 0.915919 -0.196371 0.953856 -0.153684 0.953613 -0.222982 0.833406 -0.184132 0.813555 -0.201852 0.816721 -0.118731 0.876276 -0.155633 0.833406 -0.184132 0.816721 -0.118731 0.880173 -0.108135 0.907515 -0.09266698 0.917806 -0.13231 0.793764 -0.132736 0.783412 -0.04553395 0.816721 -0.118731 0.793764 -0.132736 0.763925 -0.09321498 0.783412 -0.04553395 0.941495 -0.465039 0.956414 -0.43922 0.981502 -0.461568 0.989967 -0.435932 0.981502 -0.461568 0.956414 -0.43922 0.944174 -0.325956 0.987105 -0.334237 0.966644 -0.379299 0.953856 -0.153684 0.917806 -0.13231 0.97998 -0.105212 0.974439 -0.278031 0.987105 -0.334237 0.944174 -0.325956 0.944174 -0.325956 0.915919 -0.196371 0.974439 -0.278031 0.953613 -0.222982 0.974439 -0.278031 0.915919 -0.196371 0.880173 -0.108135 0.816721 -0.118731 0.863427 -0.07488596 0.816721 -0.118731 0.783412 -0.04553395 0.863427 -0.07488596 0.907515 -0.09266698 0.94253 -0.08809995 0.917806 -0.13231 0.917806 -0.13231 0.94253 -0.08809995 0.97998 -0.105212 0.907515 -0.09266698 0.880173 -0.108135 0.888699 -0.06148898 0.880173 -0.108135 0.863427 -0.07488596 0.888699 -0.06148898 0.907515 -0.09266698 0.888699 -0.06148898 0.94253 -0.08809995 0.94253 -0.08809995 0.888699 -0.06148898 0.933152 -0.04200297 0.97998 -0.105212 0.94253 -0.08809995 0.933152 -0.04200297 0.863427 -0.07488596 0.854171 -0.04321998 0.888699 -0.06148898 0.97998 -0.105212 0.933152 -0.04200297 0.984243 -0.04827499 0.854171 -0.04321998 0.857155 -0.02336895 0.88541 -0.04090595 0.888699 -0.06148898 0.88541 -0.04090595 0.933152 -0.04200297 0.888699 -0.06148898 0.854171 -0.04321998 0.88541 -0.04090595 0.793764 -0.132736 0.816721 -0.118731 0.783412 -0.04553395 0.793764 -0.132736 0.813555 -0.201852 0.816721 -0.118731 0.88541 -0.04090595 0.886263 -0.006195962 0.933152 -0.04200297 0.813555 -0.201852 0.833406 -0.184132 0.816721 -0.118731 0.833406 -0.184132 0.876276 -0.155633 0.816721 -0.118731 0.863427 -0.07488596 0.888699 -0.06148898 0.854171 -0.04321998 0.876276 -0.155633 0.8711 -0.174571 0.915919 -0.196371 0.888699 -0.06148898 0.88541 -0.04090595 0.854171 -0.04321998 0.816721 -0.118731 0.880173 -0.108135 0.863427 -0.07488596 0.863427 -0.07488596 0.880173 -0.108135 0.888699 -0.06148898 0.816721 -0.118731 0.876276 -0.155633 0.880173 -0.108135 0.8711 -0.174571 0.841992 -0.2051399 0.882305 -0.359509 0.8711 -0.174571 0.882305 -0.359509 0.911595 -0.339291 0.8711 -0.174571 0.911595 -0.339291 0.915919 -0.196371 0.915919 -0.196371 0.911595 -0.339291 0.944174 -0.325956 0.88541 -0.04090595 0.888699 -0.06148898 0.933152 -0.04200297 0.88541 -0.04090595 0.933152 -0.04200297 0.886263 -0.006195962 0.876276 -0.155633 0.917806 -0.13231 0.880173 -0.108135 0.876276 -0.155633 0.915919 -0.196371 0.917806 -0.13231 0.944174 -0.325956 0.93985 -0.380761 0.966644 -0.379299 0.888699 -0.06148898 0.94253 -0.08809995 0.933152 -0.04200297 0.907515 -0.09266698 0.888699 -0.06148898 0.880173 -0.108135 0.907515 -0.09266698 0.94253 -0.08809995 0.888699 -0.06148898 0.907515 -0.09266698 0.917806 -0.13231 0.94253 -0.08809995 0.880173 -0.108135 0.917806 -0.13231 0.907515 -0.09266698 0.915919 -0.196371 0.953856 -0.153684 0.917806 -0.13231 0.944174 -0.325956 0.966644 -0.379299 0.987105 -0.334237 0.917806 -0.13231 0.953856 -0.153684 0.97998 -0.105212 0.94253 -0.08809995 0.917806 -0.13231 0.97998 -0.105212 0.94253 -0.08809995 0.97998 -0.105212 0.933152 -0.04200297 0.915919 -0.196371 0.953613 -0.222982 0.953856 -0.153684 0.915919 -0.196371 0.944174 -0.325956 0.974439 -0.278031 0.944174 -0.325956 0.987105 -0.334237 0.974439 -0.278031 0.974439 -0.278031 0.953613 -0.222982 0.915919 -0.196371 0.989967 -0.435932 0.956414 -0.43922 0.981502 -0.461568 0.886994 -0.457732 0.889186 -0.514729 0.911412 -0.490067 0.981502 -0.461568 0.956414 -0.43922 0.941495 -0.465039 0.920973 -0.443422 0.886994 -0.457732 0.924383 -0.45761 0.923896 -0.473869 0.941495 -0.465039 0.924383 -0.45761 0.886994 -0.457732 0.911412 -0.490067 0.923896 -0.473869 0.876276 -0.155633 0.8711 -0.174571 0.833406 -0.184132 0.8711 -0.174571 0.841992 -0.2051399 0.833406 -0.184132 0.8711 -0.174571 0.876276 -0.155633 0.833406 -0.184132 0.785847 -0.380517 0.831214 -0.380639 0.784508 -0.353602 1.98152 -0.461568 1.94151 -0.465039 1.94163 -0.528613 1.94151 -0.465039 1.92391 -0.473869 1.91143 -0.490067 1.94151 -0.465039 1.91143 -0.490067 1.94163 -0.528613 1.91143 -0.490067 1.8892 -0.514729 1.94163 -0.528613 1.91143 -0.490067 1.94151 -0.465039 1.94163 -0.528613 1.91143 -0.490067 1.92391 -0.473869 1.94151 -0.465039 1.94151 -0.465039 1.98152 -0.461568 1.94163 -0.528613 1.91143 -0.490067 1.92391 -0.473869 1.88701 -0.457732 1.92391 -0.473869 1.9244 -0.45761 1.88701 -0.457732 1.92391 -0.473869 1.94151 -0.465039 1.9244 -0.45761 1.94151 -0.465039 1.98152 -0.461568 1.95637 -0.43922 1.94151 -0.465039 1.95637 -0.43922 1.9244 -0.45761 1.88701 -0.457732 1.90601 -0.439463 1.88366 -0.41748 1.98152 -0.461568 1.98998 -0.435932 1.95637 -0.43922 1.88701 -0.457732 1.9244 -0.45761 1.92099 -0.443422 1.88701 -0.457732 1.92099 -0.443422 1.90601 -0.439463 1.87111 -0.174571 1.91587 -0.196371 1.87623 -0.155633 1.98998 -0.435932 1.95028 -0.412426 1.95637 -0.43922 1.98998 -0.435932 1.99534 -0.392514 1.95028 -0.412426 1.87111 -0.174571 1.91155 -0.339291 1.91587 -0.196371 1.87623 -0.155633 1.88019 -0.108135 1.81674 -0.118731 1.91587 -0.196371 1.91155 -0.339291 1.94419 -0.325956 1.87623 -0.155633 1.91776 -0.13231 1.88019 -0.108135 1.87623 -0.155633 1.91587 -0.196371 1.91776 -0.13231 1.87623 -0.155633 1.81674 -0.118731 1.83342 -0.184132 1.81674 -0.118731 1.81351 -0.201852 1.83342 -0.184132 1.88019 -0.108135 1.91776 -0.13231 1.90753 -0.09266698 1.81351 -0.201852 1.81674 -0.118731 1.79378 -0.132736 1.91587 -0.196371 1.95381 -0.153684 1.91776 -0.13231 1.98712 -0.334237 1.97445 -0.278031 1.94419 -0.325956 1.94419 -0.325956 1.97445 -0.278031 1.91587 -0.196371 1.88019 -0.108135 1.86344 -0.07488596 1.81674 -0.118731 1.90753 -0.09266698 1.91776 -0.13231 1.94254 -0.08809995 1.81674 -0.118731 1.86344 -0.07488596 1.78337 -0.04553395 1.79378 -0.132736 1.81674 -0.118731 1.78337 -0.04553395 1.91776 -0.13231 1.97999 -0.105212 1.94254 -0.08809995 1.95381 -0.153684 1.97999 -0.105212 1.91776 -0.13231 1.91587 -0.196371 1.95363 -0.222982 1.95381 -0.153684 1.97445 -0.278031 1.95363 -0.222982 1.91587 -0.196371 1.88019 -0.108135 1.88871 -0.06148898 1.86344 -0.07488596 1.90753 -0.09266698 1.94254 -0.08809995 1.88871 -0.06148898 1.88019 -0.108135 1.90753 -0.09266698 1.88871 -0.06148898 1.79378 -0.132736 1.78337 -0.04553395 1.76388 -0.09321498 1.97999 -0.105212 1.98426 -0.04827499 1.9331 -0.04200297 1.94254 -0.08809995 1.97999 -0.105212 1.9331 -0.04200297 1.94254 -0.08809995 1.9331 -0.04200297 1.88871 -0.06148898 1.86344 -0.07488596 1.85419 -0.04321998 1.78337 -0.04553395 1.86344 -0.07488596 1.88871 -0.06148898 1.85419 -0.04321998 1.88871 -0.06148898 1.9331 -0.04200297 1.88542 -0.04090595 1.88871 -0.06148898 1.88542 -0.04090595 1.85419 -0.04321998 1.88542 -0.04090595 1.9331 -0.04200297 1.88628 -0.006195962 1.79378 -0.132736 1.78337 -0.04553395 1.81674 -0.118731 1.79378 -0.132736 1.81674 -0.118731 1.81351 -0.201852 1.85419 -0.04321998 1.88542 -0.04090595 1.88871 -0.06148898 1.86344 -0.07488596 1.85419 -0.04321998 1.88871 -0.06148898 1.81351 -0.201852 1.81674 -0.118731 1.83342 -0.184132 1.85419 -0.04321998 1.85711 -0.02336895 1.88542 -0.04090595 1.88871 -0.06148898 1.94254 -0.08809995 1.90753 -0.09266698 1.83342 -0.184132 1.81674 -0.118731 1.87623 -0.155633 1.81674 -0.118731 1.88019 -0.108135 1.87623 -0.155633 1.86344 -0.07488596 1.88019 -0.108135 1.81674 -0.118731 1.86344 -0.07488596 1.88871 -0.06148898 1.88019 -0.108135 1.88871 -0.06148898 1.90753 -0.09266698 1.88019 -0.108135 1.88542 -0.04090595 1.88628 -0.006195962 1.9331 -0.04200297 1.88871 -0.06148898 1.9331 -0.04200297 1.94254 -0.08809995 1.88871 -0.06148898 1.88542 -0.04090595 1.9331 -0.04200297 1.87623 -0.155633 1.91587 -0.196371 1.87111 -0.174571 1.94254 -0.08809995 1.9331 -0.04200297 1.97999 -0.105212 1.87623 -0.155633 1.88019 -0.108135 1.91776 -0.13231 1.94254 -0.08809995 1.91776 -0.13231 1.90753 -0.09266698 1.87623 -0.155633 1.91776 -0.13231 1.91587 -0.196371 1.88019 -0.108135 1.90753 -0.09266698 1.91776 -0.13231 1.94254 -0.08809995 1.97999 -0.105212 1.91776 -0.13231 1.87111 -0.174571 1.88232 -0.359509 1.84195 -0.2051399 1.91776 -0.13231 1.97999 -0.105212 1.95381 -0.153684 1.91776 -0.13231 1.95381 -0.153684 1.91587 -0.196371 1.87111 -0.174571 1.91155 -0.339291 1.88232 -0.359509 1.87111 -0.174571 1.91587 -0.196371 1.91155 -0.339291 1.95381 -0.153684 1.95363 -0.222982 1.91587 -0.196371 1.95363 -0.222982 1.97445 -0.278031 1.91587 -0.196371 1.91587 -0.196371 1.97445 -0.278031 1.94419 -0.325956 1.97445 -0.278031 1.98712 -0.334237 1.94419 -0.325956 1.98712 -0.334237 1.96666 -0.379299 1.94419 -0.325956 1.94419 -0.325956 1.96666 -0.379299 1.93986 -0.380761 1.98712 -0.334237 1.99534 -0.392514 1.96666 -0.379299 1.88701 -0.457732 1.91143 -0.490067 1.8892 -0.514729 1.98998 -0.435932 1.98152 -0.461568 1.95637 -0.43922 1.92099 -0.443422 1.93396 -0.434714 1.95637 -0.43922 1.88701 -0.457732 1.92099 -0.443422 1.9244 -0.45761 1.92099 -0.443422 1.95637 -0.43922 1.9244 -0.45761 1.98152 -0.461568 1.94151 -0.465039 1.95637 -0.43922 1.88701 -0.457732 1.9244 -0.45761 1.92391 -0.473869 1.88701 -0.457732 1.92391 -0.473869 1.91143 -0.490067 1.87623 -0.155633 1.83342 -0.184132 1.87111 -0.174571 1.83342 -0.184132 1.81351 -0.201852 1.84195 -0.2051399 1.87111 -0.174571 1.83342 -0.184132 1.84195 -0.2051399 1.87111 -0.174571 1.83342 -0.184132 1.87623 -0.155633 1.78586 -0.380517 1.83123 -0.380639 1.78446 -0.353602 0.49678 -0.805259 0.480521 -0.821578 0.480095 -0.801605 0.41853 -0.779987 0.420418 -0.769331 0.428821 -0.787477 0.420418 -0.769331 0.413719 -0.737665 0.440574 -0.773898 0.420418 -0.769331 0.440574 -0.773898 0.428821 -0.787477 0.428821 -0.787477 0.440574 -0.773898 0.451961 -0.800874 0.428821 -0.787477 0.451961 -0.800874 0.434728 -0.802884 0.440574 -0.773898 0.454032 -0.774933 0.451961 -0.800874 0.440574 -0.773898 0.452448 -0.757761 0.454032 -0.774933 0.434728 -0.802884 0.448125 -0.819447 0.444958 -0.841917 0.451961 -0.800874 0.454032 -0.774933 0.476502 -0.773532 0.454032 -0.774933 0.464566 -0.748992 0.476502 -0.773532 0.454032 -0.774933 0.452448 -0.757761 0.464566 -0.748992 0.452448 -0.757761 0.464323 -0.728592 0.464566 -0.748992 0.434728 -0.802884 0.444958 -0.841917 0.410614 -0.8217 0.451961 -0.800874 0.476502 -0.773532 0.480095 -0.801605 0.410614 -0.8217 0.444958 -0.841917 0.442279 -0.863717 0.480095 -0.801605 0.501042 -0.78906 0.49678 -0.805259 0.480095 -0.801605 0.476502 -0.773532 0.501042 -0.78906 0.410614 -0.8217 0.442279 -0.863717 0.395207 -0.876018 0.49678 -0.805259 0.522112 -0.796551 0.522051 -0.827972 0.49678 -0.805259 0.501042 -0.78906 0.522112 -0.796551 0.476502 -0.773532 0.487037 -0.772497 0.501042 -0.78906 0.48046 -0.762145 0.487037 -0.772497 0.476502 -0.773532 0.48046 -0.762145 0.483078 -0.730845 0.487037 -0.772497 0.522051 -0.827972 0.522112 -0.796551 0.550184 -0.838324 0.522112 -0.796551 0.549332 -0.796185 0.550184 -0.838324 0.501042 -0.78906 0.487037 -0.772497 0.518032 -0.775724 0.501042 -0.78906 0.518032 -0.775724 0.522112 -0.796551 0.522112 -0.796551 0.518032 -0.775724 0.547566 -0.786381 0.522112 -0.796551 0.547566 -0.786381 0.549332 -0.796185 0.549332 -0.796185 0.547566 -0.786381 0.575699 -0.795515 0.517301 -0.766834 0.547566 -0.786381 0.518032 -0.775724 0.487037 -0.772497 0.506158 -0.728044 0.517301 -0.766834 0.517301 -0.766834 0.518032 -0.775724 0.487037 -0.772497 0.517301 -0.766834 0.506158 -0.728044 0.547566 -0.786381 0.522051 -0.827972 0.550184 -0.838324 0.562729 -0.881255 0.575699 -0.795515 0.60298 -0.778221 0.603589 -0.787234 0.549332 -0.796185 0.583555 -0.824258 0.550184 -0.838324 0.550184 -0.838324 0.583555 -0.824258 0.562729 -0.881255 0.575699 -0.795515 0.603589 -0.787234 0.583555 -0.824258 0.575699 -0.795515 0.583555 -0.824258 0.549332 -0.796185 0.603589 -0.787234 0.60298 -0.778221 0.631601 -0.779865 0.60298 -0.778221 0.628495 -0.759344 0.631601 -0.779865 0.603589 -0.787234 0.631601 -0.779865 0.616012 -0.832113 0.603589 -0.787234 0.616012 -0.832113 0.583555 -0.824258 0.583555 -0.824258 0.616012 -0.832113 0.585747 -0.880524 0.547566 -0.786381 0.556335 -0.755507 0.572594 -0.770183 0.547566 -0.786381 0.572594 -0.770183 0.574603 -0.782058 0.556335 -0.755507 0.568514 -0.743694 0.572594 -0.770183 0.628495 -0.759344 0.641648 -0.766407 0.631601 -0.779865 0.616012 -0.832113 0.631601 -0.779865 0.63769 -0.809825 0.60298 -0.778221 0.628373 -0.749418 0.628495 -0.759344 0.568514 -0.743694 0.578866 -0.732611 0.585504 -0.751427 0.631601 -0.779865 0.65876 -0.781936 0.63769 -0.809825 0.641648 -0.766407 0.65876 -0.781936 0.631601 -0.779865 0.616012 -0.832113 0.63769 -0.809825 0.65602 -0.867858 0.616012 -0.832113 0.65602 -0.867858 0.618265 -0.872973 0.60298 -0.778221 0.585504 -0.751427 0.59884 -0.742537 0.628373 -0.749418 0.60298 -0.778221 0.59884 -0.742537 0.628373 -0.749418 0.59884 -0.742537 0.621371 -0.715134 0.547566 -0.786381 0.574603 -0.782058 0.575699 -0.795515 0.630687 -0.572153 0.648651 -0.573797 0.64378 -0.587925 0.630687 -0.572153 0.636107 -0.552728 0.648651 -0.573797 0.64378 -0.587925 0.653949 -0.620017 0.630566 -0.602113 0.648651 -0.573797 0.662414 -0.548161 0.68397 -0.570692 0.648651 -0.573797 0.68397 -0.570692 0.665641 -0.600286 0.648651 -0.573797 0.665641 -0.600286 0.64378 -0.587925 0.64378 -0.587925 0.665641 -0.600286 0.653949 -0.620017 0.662414 -0.548161 0.681474 -0.520758 0.680134 -0.538113 0.680134 -0.538113 0.705223 -0.546943 0.68397 -0.570692 0.680134 -0.538113 0.68397 -0.570692 0.662414 -0.548161 0.680134 -0.538113 0.681474 -0.520758 0.705223 -0.546943 0.665641 -0.600286 0.683849 -0.615023 0.674775 -0.633352 0.615707 -0.611674 0.653949 -0.620017 0.631845 -0.625436 0.68397 -0.570692 0.705223 -0.546943 0.710947 -0.586402 0.719168 -0.574041 0.732564 -0.57124 0.710947 -0.586402 0.719168 -0.574041 0.710947 -0.586402 0.705223 -0.546943 0.68397 -0.570692 0.710947 -0.586402 0.665641 -0.600286 0.694505 -0.606132 0.665641 -0.600286 0.710947 -0.586402 0.665641 -0.600286 0.694505 -0.606132 0.683849 -0.615023 0.694505 -0.606132 0.710947 -0.586402 0.706197 -0.61819 0.683849 -0.615023 0.694505 -0.606132 0.706197 -0.61819 0.710947 -0.586402 0.729641 -0.591457 0.706197 -0.61819 0.683849 -0.615023 0.706197 -0.61819 0.698098 -0.630978 1.48011 -0.801605 1.44814 -0.819447 1.48054 -0.821578 1.48011 -0.801605 1.45198 -0.800874 1.44814 -0.819447 1.45198 -0.800874 1.43474 -0.802884 1.44814 -0.819447 1.42884 -0.787477 1.43474 -0.802884 1.45198 -0.800874 1.43474 -0.802884 1.41063 -0.8217 1.44497 -0.841917 1.45198 -0.800874 1.48011 -0.801605 1.47652 -0.773289 1.43474 -0.802884 1.44497 -0.841917 1.44814 -0.819447 1.45198 -0.800874 1.47652 -0.773289 1.45398 -0.77475 1.48011 -0.801605 1.49679 -0.805259 1.50106 -0.78906 1.45198 -0.800874 1.45398 -0.77475 1.44254 -0.774019 1.45398 -0.77475 1.46452 -0.748809 1.44254 -0.774019 1.47652 -0.773289 1.48705 -0.772497 1.46452 -0.748809 1.48011 -0.801605 1.4943 -0.790522 1.47652 -0.773289 1.47652 -0.773289 1.4943 -0.790522 1.48705 -0.772497 1.45198 -0.800874 1.44254 -0.774019 1.43608 -0.787477 1.50106 -0.78906 1.52213 -0.796551 1.51799 -0.775724 1.51799 -0.775724 1.52213 -0.796551 1.54752 -0.786381 1.52213 -0.796551 1.54935 -0.796185 1.54752 -0.786381 1.54935 -0.796185 1.57565 -0.795515 1.54752 -0.786381 1.54935 -0.796185 1.58351 -0.824258 1.57565 -0.795515 1.54752 -0.786381 1.57462 -0.782058 1.57261 -0.770183 1.57565 -0.795515 1.58351 -0.824258 1.6036 -0.787234 1.57565 -0.795515 1.6036 -0.787234 1.603 -0.778221 1.57462 -0.782058 1.603 -0.778221 1.57261 -0.770183 1.54752 -0.786381 1.57261 -0.770183 1.55635 -0.755507 1.6036 -0.787234 1.63162 -0.779865 1.603 -0.778221 1.6036 -0.787234 1.61597 -0.832113 1.63162 -0.779865 1.57261 -0.770183 1.56847 -0.743694 1.55635 -0.755507 1.603 -0.778221 1.63162 -0.779865 1.62851 -0.759344 1.57261 -0.770183 1.58546 -0.751427 1.56847 -0.743694 1.58546 -0.751427 1.57261 -0.770183 1.603 -0.778221 1.6416 -0.766407 1.63162 -0.779865 1.65871 -0.781936 1.65871 -0.781936 1.63162 -0.779865 1.6377 -0.809825 1.48248 -0.786198 1.48005 -0.779865 1.48108 -0.794967 1.48005 -0.779865 1.46787 -0.790156 1.48108 -0.794967 1.46787 -0.790156 1.44972 -0.805502 1.48108 -0.794967 1.47974 -0.779926 1.48236 -0.786259 1.46805 -0.789974 1.48236 -0.786259 1.48102 -0.794724 1.46805 -0.789974 1.48102 -0.794724 1.47512 -0.811104 1.46805 -0.789974 1.54752 -0.786381 1.57565 -0.795515 1.57462 -0.782058 1.57565 -0.795515 1.603 -0.778221 1.57462 -0.782058 1.44235 -0.794236 1.45825 -0.805319 1.44193 -0.786016 1.45825 -0.805319 1.47146 -0.784737 1.44193 -0.786016 1.47146 -0.784737 1.48315 -0.777734 1.48346 -0.770244 1.47146 -0.784737 1.48346 -0.770244 1.47231 -0.768904 1.44193 -0.786016 1.47146 -0.784737 1.47231 -0.768904 1.44193 -0.786016 1.47231 -0.768904 1.44278 -0.770305 1.44229 -0.793993 1.44235 -0.78632 1.45861 -0.80471 1.44235 -0.78632 1.47177 -0.784615 1.45861 -0.80471 1.44235 -0.78632 1.44333 -0.770609 1.47177 -0.784615 0.920973 -0.443422 0.920425 -0.426127 0.905993 -0.439463 1.92099 -0.443422 1.90601 -0.439463 1.92044 -0.426127 0.315435 -0.241677 0.283831 -0.219268 0.340097 -0.1711609 0.315435 -0.241677 0.319576 -0.285643 0.283831 -0.219268 0.319576 -0.285643 0.250399 -0.308722 0.283831 -0.219268 0.319576 -0.285643 0.33413 -0.340022 0.250399 -0.308722 0.33413 -0.340022 0.351119 -0.379482 0.250948 -0.372844 0.250399 -0.308722 0.173002 -0.320231 0.216603 -0.2028869 0.33413 -0.340022 0.249791 -0.351531 0.250399 -0.308722 0.33413 -0.340022 0.250948 -0.372844 0.249791 -0.351531 0.351119 -0.379482 0.299359 -0.41541 0.253749 -0.403718 0.250948 -0.372844 0.351119 -0.379482 0.253749 -0.403718 0.173002 -0.320231 0.09134197 -0.316882 0.166669 -0.278153 0.249791 -0.351531 0.250948 -0.372844 0.180249 -0.369678 0.249791 -0.351531 0.176169 -0.346538 0.250399 -0.308722 0.249791 -0.351531 0.180249 -0.369678 0.176169 -0.346538 0.250399 -0.308722 0.176169 -0.346538 0.173002 -0.320231 0.166669 -0.278153 0.09134197 -0.316882 0.08817499 -0.259824 0.166669 -0.278153 0.08817499 -0.259824 0.150532 -0.1991119 0.09134197 -0.316882 0.01400494 -0.330157 0.08817499 -0.259824 0.351119 -0.379482 0.339671 -0.438367 0.299359 -0.41541 0.173002 -0.320231 0.176169 -0.346538 0.09621298 -0.363649 0.173002 -0.320231 0.09621298 -0.363649 0.09134197 -0.316882 0.176169 -0.346538 0.180249 -0.369678 0.09621298 -0.363649 0.250948 -0.372844 0.253749 -0.403718 0.1911489 -0.407067 0.250948 -0.372844 0.1911489 -0.407067 0.180249 -0.369678 0.01400494 -0.330157 0.007062971 -0.257266 0.08817499 -0.259824 0.08817499 -0.259824 0.007062971 -0.257266 0.08050197 -0.183401 0.08817499 -0.259824 0.08050197 -0.183401 0.150532 -0.1991119 0.351119 -0.379482 0.37365 -0.421987 0.339671 -0.438367 0.09134197 -0.316882 0.09621298 -0.363649 0.013336 -0.371688 0.09134197 -0.316882 0.013336 -0.371688 0.01400494 -0.330157 0.09621298 -0.363649 0.102608 -0.396472 0.013336 -0.371688 0.180249 -0.369678 0.102608 -0.396472 0.09621298 -0.363649 0.37365 -0.421987 0.381932 -0.47734 0.339671 -0.438367 0.37365 -0.421987 0.39947 -0.462847 0.381932 -0.47734 0.1911489 -0.407067 0.160701 -0.424361 0.180249 -0.369678 0.1911489 -0.407067 0.165817 -0.473564 0.160701 -0.424361 0.180249 -0.369678 0.160701 -0.424361 0.102608 -0.396472 0.013336 -0.371688 0.102608 -0.396472 0.01242196 -0.401282 0.39947 -0.462847 0.433327 -0.509188 0.381932 -0.47734 0.01242196 -0.401282 0.102608 -0.396472 0.01053398 -0.429111 0.433327 -0.509188 0.416581 -0.513146 0.381932 -0.47734 0.1202059 -0.451703 0.08817499 -0.441047 0.102608 -0.396472 0.102608 -0.396472 0.08817499 -0.441047 0.01053398 -0.429111 0.1202059 -0.451703 0.09170699 -0.480324 0.08817499 -0.441047 0.01053398 -0.429111 0.08817499 -0.441047 0.06759297 -0.473443 0.01053398 -0.429111 0.06759297 -0.473443 0.01016896 -0.462421 0.01016896 -0.462421 0.04682797 -0.505413 0.012483 -0.504682 0.01717197 -0.556686 0.03257799 -0.581653 0.01814597 -0.579461 1.31545 -0.241677 1.34011 -0.1711609 1.28384 -0.219268 1.31545 -0.241677 1.28384 -0.219268 1.31959 -0.285643 1.25041 -0.308722 1.21656 -0.2028869 1.17302 -0.320231 1.31959 -0.285643 1.25041 -0.308722 1.33414 -0.340022 1.25041 -0.308722 1.17302 -0.320231 1.17618 -0.346538 1.25041 -0.308722 1.2498 -0.351531 1.33414 -0.340022 1.25041 -0.308722 1.17618 -0.346538 1.2498 -0.351531 1.16668 -0.278153 1.09136 -0.316882 1.17302 -0.320231 1.16668 -0.278153 1.08819 -0.259824 1.09136 -0.316882 1.2498 -0.351531 1.25096 -0.372844 1.33414 -0.340022 1.2498 -0.351531 1.18026 -0.369678 1.25096 -0.372844 1.17618 -0.346538 1.18026 -0.369678 1.2498 -0.351531 1.09136 -0.316882 1.08819 -0.259824 1.01402 -0.330157 1.17302 -0.320231 1.09617 -0.363649 1.17618 -0.346538 1.17618 -0.346538 1.09617 -0.363649 1.18026 -0.369678 1.17302 -0.320231 1.09136 -0.316882 1.09617 -0.363649 1.08819 -0.259824 1.08052 -0.183401 1.00702 -0.257266 1.08819 -0.259824 1.00702 -0.257266 1.01402 -0.330157 1.33414 -0.340022 1.25096 -0.372844 1.35113 -0.379482 1.18026 -0.369678 1.19116 -0.407067 1.25096 -0.372844 1.09136 -0.316882 1.01402 -0.330157 1.01329 -0.371688 1.09136 -0.316882 1.01329 -0.371688 1.09617 -0.363649 1.25096 -0.372844 1.19116 -0.407067 1.25376 -0.403718 1.35113 -0.379482 1.25096 -0.372844 1.25376 -0.403718 1.09617 -0.363649 1.01329 -0.371688 1.10256 -0.396472 1.18026 -0.369678 1.09617 -0.363649 1.10256 -0.396472 1.18026 -0.369678 1.16072 -0.424361 1.19116 -0.407067 1.18026 -0.369678 1.10256 -0.396472 1.16072 -0.424361 1.35113 -0.379482 1.25376 -0.403718 1.29931 -0.41541 1.01329 -0.371688 1.01238 -0.401282 1.10256 -0.396472 1.19116 -0.407067 1.20675 -0.467231 1.25376 -0.403718 1.35113 -0.379482 1.29931 -0.41541 1.33963 -0.438367 1.01238 -0.401282 1.01055 -0.429111 1.10256 -0.396472 1.19116 -0.407067 1.16583 -0.473564 1.20675 -0.467231 1.25376 -0.403718 1.20675 -0.467231 1.24956 -0.466074 1.25376 -0.403718 1.24956 -0.466074 1.29931 -0.41541 1.35113 -0.379482 1.33963 -0.438367 1.37366 -0.421987 1.01055 -0.429111 1.08819 -0.441047 1.10256 -0.396472 1.10256 -0.396472 1.08819 -0.441047 1.12022 -0.451703 1.29931 -0.41541 1.29481 -0.477401 1.33963 -0.438367 1.37366 -0.421987 1.33963 -0.438367 1.38195 -0.47734 1.01055 -0.429111 1.06755 -0.473443 1.08819 -0.441047 1.08819 -0.441047 1.06755 -0.473443 1.09172 -0.480324 1.12022 -0.451703 1.09172 -0.480324 1.1173 -0.504803 1.12022 -0.451703 1.08819 -0.441047 1.09172 -0.480324 1.37366 -0.421987 1.38195 -0.47734 1.39948 -0.462847 1.01055 -0.429111 1.01018 -0.462421 1.06755 -0.473443 1.43328 -0.509188 1.39948 -0.462847 1.38195 -0.47734 1.01018 -0.462421 1.04684 -0.505413 1.06755 -0.473443 1.01018 -0.462421 1.0125 -0.504682 1.04684 -0.505413 1.0125 -0.504682 1.01719 -0.556686 1.04684 -0.505413 1.01719 -0.556686 1.01816 -0.579461 1.03253 -0.581653 1.01816 -0.579461 1.00738 -0.613501 1.03253 -0.581653 1.00738 -0.613501 1.02145 -0.618129 1.03253 -0.581653 1.44028 -0.138887 1.52566 -0.1197659 1.45654 -0.07251095 1.44028 -0.138887 1.45654 -0.07251095 1.38201 -0.126403</float_array>
          <technique_common>
            <accessor source="#C01_Body_Ch-mesh-map-0-array" count="6204" stride="2">
              <param name="S" type="float"/>
              <param name="T" type="float"/>
            </accessor>
          </technique_common>
        </source>
        <vertices id="C01_Body_Ch-mesh-vertices">
          <input semantic="POSITION" source="#C01_Body_Ch-mesh-positions"/>
        </vertices>
        <polylist material="mesh_0_material-material" count="2068">
          <input semantic="VERTEX" source="#C01_Body_Ch-mesh-vertices" offset="0"/>
          <input semantic="NORMAL" source="#C01_Body_Ch-mesh-normals" offset="1"/>
          <input semantic="TEXCOORD" source="#C01_Body_Ch-mesh-map-0" offset="2" set="0"/>
          <vcount>3 3 3 3 3 3 3 3 3 3 3 3 3 3 3 3 3 3 3 3 3 3 3 3 3 3 3 3 3 3 3 3 3 3 3 3 3 3 3 3 3 3 3 3 3 3 3 3 3 3 3 3 3 3 3 3 3 3 3 3 3 3 3 3 3 3 3 3 3 3 3 3 3 3 3 3 3 3 3 3 3 3 3 3 3 3 3 3 3 3 3 3 3 3 3 3 3 3 3 3 3 3 3 3 3 3 3 3 3 3 3 3 3 3 3 3 3 3 3 3 3 3 3 3 3 3 3 3 3 3 3 3 3 3 3 3 3 3 3 3 3 3 3 3 3 3 3 3 3 3 3 3 3 3 3 3 3 3 3 3 3 3 3 3 3 3 3 3 3 3 3 3 3 3 3 3 3 3 3 3 3 3 3 3 3 3 3 3 3 3 3 3 3 3 3 3 3 3 3 3 3 3 3 3 3 3 3 3 3 3 3 3 3 3 3 3 3 3 3 3 3 3 3 3 3 3 3 3 3 3 3 3 3 3 3 3 3 3 3 3 3 3 3 3 3 3 3 3 3 3 3 3 3 3 3 3 3 3 3 3 3 3 3 3 3 3 3 3 3 3 3 3 3 3 3 3 3 3 3 3 3 3 3 3 3 3 3 3 3 3 3 3 3 3 3 3 3 3 3 3 3 3 3 3 3 3 3 3 3 3 3 3 3 3 3 3 3 3 3 3 3 3 3 3 3 3 3 3 3 3 3 3 3 3 3 3 3 3 3 3 3 3 3 3 3 3 3 3 3 3 3 3 3 3 3 3 3 3 3 3 3 3 3 3 3 3 3 3 3 3 3 3 3 3 3 3 3 3 3 3 3 3 3 3 3 3 3 3 3 3 3 3 3 3 3 3 3 3 3 3 3 3 3 3 3 3 3 3 3 3 3 3 3 3 3 3 3 3 3 3 3 3 3 3 3 3 3 3 3 3 3 3 3 3 3 3 3 3 3 3 3 3 3 3 3 3 3 3 3 3 3 3 3 3 3 3 3 3 3 3 3 3 3 3 3 3 3 3 3 3 3 3 3 3 3 3 3 3 3 3 3 3 3 3 3 3 3 3 3 3 3 3 3 3 3 3 3 3 3 3 3 3 3 3 3 3 3 3 3 3 3 3 3 3 3 3 3 3 3 3 3 3 3 3 3 3 3 3 3 3 3 3 3 3 3 3 3 3 3 3 3 3 3 3 3 3 3 3 3 3 3 3 3 3 3 3 3 3 3 3 3 3 3 3 3 3 3 3 3 3 3 3 3 3 3 3 3 3 3 3 3 3 3 3 3 3 3 3 3 3 3 3 3 3 3 3 3 3 3 3 3 3 3 3 3 3 3 3 3 3 3 3 3 3 3 3 3 3 3 3 3 3 3 3 3 3 3 3 3 3 3 3 3 3 3 3 3 3 3 3 3 3 3 3 3 3 3 3 3 3 3 3 3 3 3 3 3 3 3 3 3 3 3 3 3 3 3 3 3 3 3 3 3 3 3 3 3 3 3 3 3 3 3 3 3 3 3 3 3 3 3 3 3 3 3 3 3 3 3 3 3 3 3 3 3 3 3 3 3 3 3 3 3 3 3 3 3 3 3 3 3 3 3 3 3 3 3 3 3 3 3 3 3 3 3 3 3 3 3 3 3 3 3 3 3 3 3 3 3 3 3 3 3 3 3 3 3 3 3 3 3 3 3 3 3 3 3 3 3 3 3 3 3 3 3 3 3 3 3 3 3 3 3 3 3 3 3 3 3 3 3 3 3 3 3 3 3 3 3 3 3 3 3 3 3 3 3 3 3 3 3 3 3 3 3 3 3 3 3 3 3 3 3 3 3 3 3 3 3 3 3 3 3 3 3 3 3 3 3 3 3 3 3 3 3 3 3 3 3 3 3 3 3 3 3 3 3 3 3 3 3 3 3 3 3 3 3 3 3 3 3 3 3 3 3 3 3 3 3 3 3 3 3 3 3 3 3 3 3 3 3 3 3 3 3 3 3 3 3 3 3 3 3 3 3 3 3 3 3 3 3 3 3 3 3 3 3 3 3 3 3 3 3 3 3 3 3 3 3 3 3 3 3 3 3 3 3 3 3 3 3 3 3 3 3 3 3 3 3 3 3 3 3 3 3 3 3 3 3 3 3 3 3 3 3 3 3 3 3 3 3 3 3 3 3 3 3 3 3 3 3 3 3 3 3 3 3 3 3 3 3 3 3 3 3 3 3 3 3 3 3 3 3 3 3 3 3 3 3 3 3 3 3 3 3 3 3 3 3 3 3 3 3 3 3 3 3 3 3 3 3 3 3 3 3 3 3 3 3 3 3 3 3 3 3 3 3 3 3 3 3 3 3 3 3 3 3 3 3 3 3 3 3 3 3 3 3 3 3 3 3 3 3 3 3 3 3 3 3 3 3 3 3 3 3 3 3 3 3 3 3 3 3 3 3 3 3 3 3 3 3 3 3 3 3 3 3 3 3 3 3 3 3 3 3 3 3 3 3 3 3 3 3 3 3 3 3 3 3 3 3 3 3 3 3 3 3 3 3 3 3 3 3 3 3 3 3 3 3 3 3 3 3 3 3 3 3 3 3 3 3 3 3 3 3 3 3 3 3 3 3 3 3 3 3 3 3 3 3 3 3 3 3 3 3 3 3 3 3 3 3 3 3 3 3 3 3 3 3 3 3 3 3 3 3 3 3 3 3 3 3 3 3 3 3 3 3 3 3 3 3 3 3 3 3 3 3 3 3 3 3 3 3 3 3 3 3 3 3 3 3 3 3 3 3 3 3 3 3 3 3 3 3 3 3 3 3 3 3 3 3 3 3 3 3 3 3 3 3 3 3 3 3 3 3 3 3 3 3 3 3 3 3 3 3 3 3 3 3 3 3 3 3 3 3 3 3 3 3 3 3 3 3 3 3 3 3 3 3 3 3 3 3 3 3 3 3 3 3 3 3 3 3 3 3 3 3 3 3 3 3 3 3 3 3 3 3 3 3 3 3 3 3 3 3 3 3 3 3 3 3 3 3 3 3 3 3 3 3 3 3 3 3 3 3 3 3 3 3 3 3 3 3 3 3 3 3 3 3 3 3 3 3 3 3 3 3 3 3 3 3 3 3 3 3 3 3 3 3 3 3 3 3 3 3 3 3 3 3 3 3 3 3 3 3 3 3 3 3 3 3 3 3 3 3 3 3 3 3 3 3 3 3 3 3 3 3 3 3 3 3 3 3 3 3 3 3 3 3 3 3 3 3 3 3 3 3 3 3 3 3 3 3 3 3 3 3 3 3 3 3 3 3 3 3 3 3 3 3 3 3 3 3 3 3 3 3 3 3 3 3 3 3 3 3 3 3 3 3 3 3 3 3 3 3 3 3 3 3 3 3 3 3 3 3 3 3 3 3 3 3 3 3 3 3 3 3 3 3 3 3 3 3 3 3 3 3 3 3 3 3 3 3 3 3 3 3 3 3 3 3 3 3 3 3 3 3 3 3 3 3 3 3 3 3 3 3 3 3 3 3 3 3 3 3 3 3 3 3 3 3 3 3 3 3 3 3 3 3 3 3 3 3 3 3 3 3 3 3 3 3 3 3 3 3 3 3 3 3 3 3 3 3 3 3 3 3 3 3 3 3 3 3 3 3 3 3 3 3 3 3 3 3 3 3 3 3 3 3 3 3 3 3 3 3 3 3 3 3 3 3 3 3 3 3 3 3 3 3 3 3 3 3 3 3 3 3 3 3 3 3 3 3 3 3 3 3 3 3 3 3 3 3 3 3 3 3 3 3 3 3 3 3 3 3 3 3 3 3 3 3 3 3 3 3 3 3 3 3 3 3 3 3 3 3 3 3 3 3 3 3 3 3 3 3 3 3 3 3 3 3 3 3 3 3 3 3 3 3 3 3 3 3 3 3 3 3 3 3 3 3 3 3 3 3 3 3 3 3 3 3 3 3 3 3 3 3 3 3 3 3 3 3 3 3 3 3 3 3 3 3 3 3 3 3 3 3 3 3 3 3 3 3 3 3 3 3 3 3 3 3 3 3 3 3 3 3 3 3 3 3 3 3 3 3 3 3 3 3 3 3 3 3 3 3 3 3 3 3 3 3 3 3 3 3 3 3 3 3 3 3 3 3 3 3 3 3 3 3 3 3 3 3 3 3 3 3 3 3 3 3 3 3 3 3 3 3 3 3 3 3 3 3 3 3 3 3 3 3 3 3 3 3 3 3 3 3 3 3 3 3 3 3 3 3 3 3 3 3 3 3 3 3 3 3 3 3 3 3 3 3 3 3 3 3 3 3 3 3 3 3 3 3 3 3 3 3 3 3 3 3 3 3 3 3 3 3 3 3 3 3 3 3 3 3 3 3 3 3 3 3 3 3 3 3 3 3 3 3 3 3 3 3 3 3 3 3 3 3 3 3 3 3 3 3 3 3 3 3 3 3 3 3 3 3 3 3 3 3 3 3 3 3 3 3 3 3 3 3 3 3 3 3 3 3 3 3 3 3 3 3 3 3 3 3 3 3 3 3 3 3 3 3 3 3 3 3 3 3 3 3 3 3 3 3 3 3 3 3 3 3 3 3 3 3 3 3 3 3 3 3 3 3 3 3 3 3 3 3 3 3 3 3 3 3 3 3 3 </vcount>
          <p>0 0 0 1 1 1 2 2 2 1 1 3 3 3 4 4 4 5 3 3 6 5 5 7 4 4 8 1 1 9 4 4 10 6 6 11 1 1 12 6 6 13 2 2 14 5 5 15 7 7 16 4 4 17 6 6 18 4 4 19 8 8 20 3 3 21 9 9 22 5 5 23 7 7 24 10 10 25 4 4 26 4 4 27 10 10 28 8 8 29 6 6 30 11 11 31 12 12 32 6 6 33 8 8 34 11 11 35 9 9 36 13 13 37 5 5 38 5 5 39 13 13 40 14 14 41 5 5 42 14 14 43 7 7 44 7 7 45 14 14 46 15 15 47 10 10 48 7 7 49 16 16 50 10 10 51 16 16 52 17 17 53 8 8 54 10 10 55 18 18 56 10 10 57 17 17 58 18 18 59 14 14 60 19 19 61 15 15 62 15 15 63 19 19 64 20 20 65 14 14 66 21 21 67 19 19 68 7 7 69 22 22 70 16 16 71 7 7 72 15 15 73 22 22 74 17 17 75 23 23 76 18 18 77 8 8 78 18 18 79 24 24 80 20 20 81 19 19 82 25 25 83 8 8 84 24 24 85 26 26 86 15 15 87 20 20 88 27 27 89 15 15 90 27 27 91 22 22 92 23 23 93 28 28 94 18 18 95 18 18 96 28 28 97 24 24 98 19 19 99 29 29 100 25 25 101 30 30 102 28 28 103 23 23 104 30 30 105 20 20 106 28 28 107 27 27 108 20 20 109 30 30 110 28 28 111 25 25 112 31 31 113 24 24 114 28 28 115 31 31 116 24 24 117 31 31 118 32 32 119 33 33 120 34 34 121 35 35 122 33 33 123 35 35 124 36 36 125 37 37 126 35 35 127 38 38 128 39 39 129 40 40 130 41 41 131 39 39 132 42 42 133 40 40 134 41 41 135 43 43 136 44 44 137 42 42 138 45 45 139 40 40 140 43 43 141 46 46 142 44 44 143 43 43 144 47 47 145 46 46 146 48 48 147 49 49 148 50 50 149 49 49 150 51 51 151 50 50 152 51 51 153 52 52 154 50 50 155 53 53 156 54 54 157 55 55 158 55 55 159 54 54 160 56 56 161 53 53 162 57 57 163 54 54 164 56 56 165 58 58 166 55 55 167 59 59 168 60 60 169 61 61 170 54 54 171 57 57 172 62 62 173 54 54 174 62 62 175 56 56 176 55 55 177 58 58 178 63 63 179 62 62 180 64 64 181 56 56 182 57 57 183 65 65 184 66 66 185 67 67 186 68 68 187 69 69 188 60 60 189 70 70 190 71 71 191 62 62 192 57 57 193 72 72 194 57 57 195 66 66 196 72 72 197 64 64 198 73 73 199 56 56 200 70 70 201 74 74 202 71 71 203 62 62 204 75 75 205 64 64 206 62 62 207 72 72 208 75 75 209 64 64 210 75 75 211 73 73 212 56 56 213 76 76 214 67 67 215 67 67 216 76 76 217 77 77 218 70 70 219 78 78 220 74 74 221 70 70 222 79 79 223 78 78 224 75 75 225 80 80 226 73 73 227 73 73 228 80 80 229 81 81 230 75 75 231 82 82 232 80 80 233 73 73 234 83 83 235 56 56 236 56 56 237 83 83 238 76 76 239 73 73 240 81 81 241 83 83 242 77 77 243 76 76 244 84 84 245 77 77 246 84 84 247 68 68 248 85 85 249 86 86 250 80 80 251 80 80 252 86 86 253 81 81 254 80 80 255 87 87 256 85 85 257 88 88 258 85 85 259 87 87 260 80 80 261 82 82 262 87 87 263 89 89 264 90 90 265 91 91 266 83 83 267 81 81 268 92 92 269 84 84 270 93 93 271 90 90 272 84 84 273 76 76 274 93 93 275 76 76 276 94 94 277 93 93 278 85 85 279 95 95 280 86 86 281 86 86 282 95 95 283 96 96 284 81 81 285 97 97 286 92 92 287 81 81 288 86 86 289 97 97 290 94 94 291 98 98 292 93 93 293 90 90 294 93 93 295 99 99 296 96 96 297 95 95 298 100 100 299 86 86 300 96 96 301 101 101 302 86 86 303 101 101 304 102 102 305 86 86 306 102 102 307 97 97 308 93 93 309 103 103 310 99 99 311 98 98 312 103 103 313 93 93 314 98 98 315 104 104 316 103 103 317 99 99 318 103 103 319 105 105 320 103 103 321 104 104 322 105 105 323 99 99 324 105 105 325 106 106 326 104 104 327 107 107 328 105 105 329 108 108 330 105 105 331 107 107 332 106 106 333 105 105 334 108 108 335 109 109 336 110 110 337 111 111 338 110 110 339 112 112 340 111 111 341 110 110 342 113 113 343 112 112 344 113 113 345 114 114 346 112 112 347 113 113 348 115 115 349 114 114 350 115 115 351 116 116 352 114 114 353 115 115 354 117 117 355 116 116 356 117 117 357 118 118 358 116 116 359 119 119 360 120 120 361 121 121 362 120 120 363 122 122 364 121 121 365 120 120 366 123 123 367 122 122 368 124 124 369 125 125 370 126 126 371 126 126 372 127 127 373 124 124 374 125 125 375 124 124 376 128 128 377 126 126 378 129 129 379 127 127 380 124 124 381 130 130 382 128 128 383 124 124 384 127 127 385 130 130 386 125 125 387 131 131 388 132 132 389 125 125 390 128 128 391 131 131 392 126 126 393 133 133 394 129 129 395 130 130 396 127 127 397 134 134 398 128 128 399 135 135 400 136 136 401 137 137 402 138 138 403 139 139 404 130 130 405 140 140 406 128 128 407 137 137 408 139 139 409 141 141 410 127 127 411 137 137 412 141 141 413 134 134 414 127 127 415 142 142 416 138 138 417 137 137 418 143 143 419 130 130 420 144 144 421 140 140 422 134 134 423 144 144 424 130 130 425 134 134 426 142 142 427 144 144 428 128 128 429 145 145 430 135 135 431 128 128 432 140 140 433 145 145 434 127 127 435 146 146 436 142 142 437 127 127 438 141 141 439 146 146 440 138 138 441 143 143 442 147 147 443 139 139 444 138 138 445 148 148 446 139 139 447 148 148 448 141 141 449 149 149 450 143 143 451 150 150 452 144 144 453 142 142 454 151 151 455 142 142 456 152 152 457 151 151 458 146 146 459 152 152 460 142 142 461 141 141 462 148 148 463 153 153 464 138 138 465 147 147 466 154 154 467 144 144 468 151 151 469 155 155 470 146 146 471 156 156 472 152 152 473 141 141 474 153 153 475 157 157 476 154 154 477 147 147 478 158 158 479 148 148 480 158 158 481 153 153 482 138 138 483 158 158 484 148 148 485 154 154 486 158 158 487 138 138 488 151 151 489 159 159 490 160 160 491 151 151 492 152 152 493 159 159 494 151 151 495 160 160 496 161 161 497 161 161 498 160 160 499 162 162 500 155 155 501 151 151 502 161 161 503 152 152 504 163 163 505 159 159 506 156 156 507 163 163 508 152 152 509 164 164 510 165 165 511 166 166 512 157 157 513 153 153 514 167 167 515 158 158 516 168 168 517 153 153 518 160 160 519 159 159 520 169 169 521 163 163 522 170 170 523 159 159 524 153 153 525 168 168 526 171 171 527 167 167 528 153 153 529 171 171 530 170 170 531 172 172 532 159 159 533 159 159 534 172 172 535 173 173 536 167 167 537 171 171 538 174 174 539 171 171 540 175 175 541 174 174 542 168 168 543 175 175 544 171 171 545 166 166 546 176 176 547 177 177 548 168 168 549 178 178 550 175 175 551 174 174 552 175 175 553 179 179 554 178 178 555 180 180 556 175 175 557 175 175 558 180 180 559 179 179 560 181 181 561 182 182 562 183 183 563 182 182 564 184 184 565 183 183 566 184 184 567 185 185 568 183 183 569 184 184 570 186 186 571 185 185 572 186 186 573 187 187 574 185 185 575 186 186 576 188 188 577 187 187 578 188 188 579 189 189 580 187 187 581 188 188 582 190 190 583 189 189 584 191 191 585 192 192 586 193 193 587 191 191 588 194 194 589 192 192 590 195 195 591 196 196 592 197 197 593 198 198 594 199 199 595 200 200 596 195 195 597 201 201 598 196 196 599 195 195 600 202 202 601 201 201 602 196 196 603 203 203 604 204 204 605 205 205 606 206 206 607 207 207 608 208 208 609 206 206 610 205 205 611 203 203 612 209 209 613 204 204 614 204 204 615 209 209 616 210 210 617 211 211 618 204 204 619 210 210 620 212 212 621 213 213 622 214 214 623 196 196 624 215 215 625 203 203 626 196 196 627 216 216 628 215 215 629 209 209 630 217 217 631 218 218 632 218 218 633 217 217 634 206 206 635 218 218 636 206 206 637 208 208 638 210 210 639 209 209 640 219 219 641 218 218 642 219 219 643 209 209 644 218 218 645 220 220 646 219 219 647 213 213 648 220 220 649 208 208 650 218 218 651 208 208 652 220 220 653 203 203 654 215 215 655 221 221 656 209 209 657 203 203 658 222 222 659 203 203 660 221 221 661 222 222 662 209 209 663 222 222 664 217 217 665 223 223 666 224 224 667 225 225 668 226 226 669 223 223 670 227 227 671 226 226 672 227 227 673 228 228 674 227 227 675 229 229 676 230 230 677 227 227 678 230 230 679 228 228 680 231 231 681 232 232 682 233 233 683 232 232 684 234 234 685 233 233 686 234 234 687 235 235 688 233 233 689 235 235 690 236 236 691 233 233 692 237 237 693 238 238 694 239 239 695 238 238 696 240 240 697 239 239 698 238 238 699 241 241 700 240 240 701 241 241 702 242 242 703 240 240 704 243 243 705 244 244 706 245 245 707 244 244 708 246 246 709 245 245 710 244 244 711 247 247 712 246 246 713 244 244 714 248 248 715 247 247 716 248 248 717 249 249 718 250 250 719 248 248 720 250 250 721 247 247 722 249 249 723 251 251 724 252 252 725 249 249 726 252 252 727 250 250 728 253 253 729 254 254 730 255 255 731 253 253 732 256 256 733 254 254 734 256 256 735 257 257 736 258 258 737 256 256 738 258 258 739 259 259 740 254 254 741 256 256 742 259 259 743 254 254 744 259 259 745 260 260 746 254 254 747 260 260 748 261 261 749 257 257 750 262 262 751 263 263 752 257 257 753 263 263 754 258 258 755 259 259 756 264 264 757 260 260 758 259 259 759 258 258 760 264 264 761 261 261 762 260 260 763 265 265 764 260 260 765 264 264 766 265 265 767 262 262 768 266 266 769 263 263 770 261 261 771 265 265 772 267 267 773 261 261 774 267 267 775 268 268 776 258 258 777 263 263 778 269 269 779 258 258 780 269 269 781 264 264 782 263 263 783 266 266 784 269 269 785 262 262 786 270 270 787 266 266 788 267 267 789 265 265 790 271 271 791 272 272 792 267 267 793 271 271 794 273 273 795 274 274 796 275 275 797 269 269 798 276 276 799 277 277 800 264 264 801 269 269 802 277 277 803 270 270 804 278 278 805 266 266 806 266 266 807 278 278 808 269 269 809 272 272 810 271 271 811 279 279 812 273 273 813 272 272 814 280 280 815 272 272 816 279 279 817 280 280 818 273 273 819 280 280 820 274 274 821 265 265 822 281 281 823 271 271 824 264 264 825 277 277 826 281 281 827 265 265 828 264 264 829 281 281 830 275 275 831 274 274 832 282 282 833 275 275 834 282 282 835 283 283 836 276 276 837 269 269 838 284 284 839 269 269 840 278 278 841 284 284 842 270 270 843 285 285 844 278 278 845 279 279 846 286 286 847 280 280 848 281 281 849 287 287 850 271 271 851 277 277 852 287 287 853 281 281 854 277 277 855 276 276 856 287 287 857 283 283 858 282 282 859 288 288 860 274 274 861 280 280 862 289 289 863 280 280 864 286 286 865 289 289 866 274 274 867 289 289 868 290 290 869 274 274 870 290 290 871 282 282 872 284 284 873 278 278 874 291 291 875 278 278 876 285 285 877 291 291 878 279 279 879 292 292 880 286 286 881 279 279 882 271 271 883 292 292 884 276 276 885 284 284 886 293 293 887 276 276 888 293 293 889 294 294 890 295 295 891 276 276 892 294 294 893 287 287 894 295 295 895 271 271 896 295 295 897 292 292 898 271 271 899 295 295 900 287 287 901 276 276 902 295 295 903 294 294 904 292 292 905 282 282 906 290 290 907 296 296 908 288 288 909 282 282 910 296 296 911 289 289 912 297 297 913 290 290 914 285 285 915 298 298 916 291 291 917 286 286 918 292 292 919 299 299 920 299 299 921 292 292 922 294 294 923 299 299 924 294 294 925 293 293 926 286 286 927 299 299 928 300 300 929 299 299 930 293 293 931 300 300 932 286 286 933 300 300 934 289 289 935 289 289 936 300 300 937 297 297 938 284 284 939 291 291 940 301 301 941 284 284 942 301 301 943 293 293 944 290 290 945 297 297 946 302 302 947 290 290 948 302 302 949 296 296 950 296 296 951 302 302 952 303 303 953 301 301 954 291 291 955 304 304 956 298 298 957 304 304 958 291 291 959 301 301 960 304 304 961 293 293 962 300 300 963 293 293 964 305 305 965 300 300 966 305 305 967 297 297 968 303 303 969 302 302 970 306 306 971 298 298 972 307 307 973 304 304 974 297 297 975 305 305 976 308 308 977 297 297 978 308 308 979 302 302 980 293 293 981 304 304 982 309 309 983 310 310 984 302 302 985 308 308 986 306 306 987 302 302 988 310 310 989 307 307 990 311 311 991 312 312 992 304 304 993 307 307 994 312 312 995 312 312 996 309 309 997 304 304 998 313 313 999 314 314 1000 315 315 1001 314 314 1002 316 316 1003 315 315 1004 315 315 1005 316 316 1006 317 317 1007 316 316 1008 318 318 1009 317 317 1010 315 315 1011 317 317 1012 319 319 1013 318 318 1014 316 316 1015 320 320 1016 319 319 1017 317 317 1018 321 321 1019 317 317 1020 322 322 1021 321 321 1022 318 318 1023 323 323 1024 322 322 1025 317 317 1026 318 318 1027 322 322 1028 320 320 1029 324 324 1030 318 318 1031 319 319 1032 321 321 1033 325 325 1034 323 323 1035 326 326 1036 322 322 1037 324 324 1038 327 327 1039 318 318 1040 318 318 1041 327 327 1042 323 323 1043 321 321 1044 322 322 1045 328 328 1046 322 322 1047 326 326 1048 328 328 1049 325 325 1050 321 321 1051 329 329 1052 321 321 1053 328 328 1054 329 329 1055 327 327 1056 330 330 1057 323 323 1058 326 326 1059 331 331 1060 328 328 1061 328 328 1062 331 331 1063 332 332 1064 330 330 1065 333 333 1066 334 334 1067 323 323 1068 330 330 1069 334 334 1070 323 323 1071 334 334 1072 326 326 1073 331 331 1074 326 326 1075 335 335 1076 326 326 1077 334 334 1078 335 335 1079 332 332 1080 336 336 1081 337 337 1082 334 334 1083 333 333 1084 338 338 1085 334 334 1086 338 338 1087 335 335 1088 333 333 1089 339 339 1090 338 338 1091 331 331 1092 335 335 1093 340 340 1094 332 332 1095 337 337 1096 341 341 1097 339 339 1098 333 333 1099 342 342 1100 335 335 1101 343 343 1102 340 340 1103 338 338 1104 339 339 1105 343 343 1106 335 335 1107 338 338 1108 343 343 1109 331 331 1110 340 340 1111 344 344 1112 332 332 1113 344 344 1114 336 336 1115 332 332 1116 331 331 1117 344 344 1118 345 345 1119 346 346 1120 347 347 1121 333 333 1122 348 348 1123 349 349 1124 333 333 1125 349 349 1126 350 350 1127 333 333 1128 350 350 1129 342 342 1130 342 342 1131 350 350 1132 351 351 1133 339 339 1134 352 352 1135 343 343 1136 339 339 1137 342 342 1138 352 352 1139 343 343 1140 352 352 1141 353 353 1142 340 340 1143 353 353 1144 344 344 1145 343 343 1146 353 353 1147 340 340 1148 344 344 1149 353 353 1150 354 354 1151 346 346 1152 355 355 1153 347 347 1154 347 347 1155 355 355 1156 356 356 1157 357 357 1158 347 347 1159 356 356 1160 333 333 1161 358 358 1162 348 348 1163 351 351 1164 359 359 1165 342 342 1166 342 342 1167 359 359 1168 360 360 1169 342 342 1170 360 360 1171 352 352 1172 352 352 1173 360 360 1174 353 353 1175 345 345 1176 354 354 1177 361 361 1178 345 345 1179 361 361 1180 346 346 1181 354 354 1182 353 353 1183 361 361 1184 355 355 1185 362 362 1186 356 356 1187 358 358 1188 363 363 1189 348 348 1190 349 349 1191 348 348 1192 364 364 1193 349 349 1194 364 364 1195 350 350 1196 350 350 1197 364 364 1198 365 365 1199 351 351 1200 350 350 1201 365 365 1202 359 359 1203 351 351 1204 366 366 1205 355 355 1206 346 346 1207 366 366 1208 346 346 1209 361 361 1210 366 366 1211 355 355 1212 366 366 1213 362 362 1214 366 366 1215 351 351 1216 362 362 1217 367 367 1218 366 366 1219 361 361 1220 367 367 1221 360 360 1222 359 359 1223 367 367 1224 361 361 1225 353 353 1226 360 360 1227 367 367 1228 353 353 1229 367 367 1230 359 359 1231 366 366 1232 356 356 1233 362 362 1234 368 368 1235 363 363 1236 369 369 1237 370 370 1238 363 363 1239 370 370 1240 348 348 1241 371 371 1242 348 348 1243 370 370 1244 364 364 1245 348 348 1246 371 371 1247 364 364 1248 372 372 1249 365 365 1250 364 364 1251 371 371 1252 372 372 1253 351 351 1254 365 365 1255 373 373 1256 351 351 1257 373 373 1258 374 374 1259 351 351 1260 374 374 1261 362 362 1262 362 362 1263 374 374 1264 368 368 1265 372 372 1266 375 375 1267 365 365 1268 365 365 1269 375 375 1270 373 373 1271 376 376 1272 373 373 1273 375 375 1274 373 373 1275 376 376 1276 374 374 1277 368 368 1278 374 374 1279 376 376 1280 377 377 1281 378 378 1282 379 379 1283 378 378 1284 380 380 1285 379 379 1286 381 381 1287 382 382 1288 383 383 1289 382 382 1290 384 384 1291 383 383 1292 384 384 1293 385 385 1294 383 383 1295 385 385 1296 386 386 1297 383 383 1298 385 385 1299 387 387 1300 386 386 1301 388 388 1302 389 389 1303 390 390 1304 391 391 1305 389 389 1306 392 392 1307 390 390 1308 389 389 1309 391 391 1310 393 393 1311 394 394 1312 395 395 1313 396 396 1314 397 397 1315 398 398 1316 396 396 1317 399 399 1318 397 397 1319 400 400 1320 401 401 1321 402 402 1322 402 402 1323 403 403 1324 404 404 1325 402 402 1326 404 404 1327 405 405 1328 405 405 1329 404 404 1330 406 406 1331 405 405 1332 406 406 1333 407 407 1334 407 407 1335 406 406 1336 408 408 1337 407 407 1338 408 408 1339 409 409 1340 410 410 1341 411 411 1342 412 412 1343 411 411 1344 413 413 1345 414 414 1346 415 415 1347 411 411 1348 414 414 1349 412 412 1350 411 411 1351 415 415 1352 413 413 1353 416 416 1354 414 414 1355 417 417 1356 418 418 1357 419 419 1358 417 417 1359 419 419 1360 420 420 1361 421 421 1362 419 419 1363 418 418 1364 419 419 1365 421 421 1366 422 422 1367 423 423 1368 424 424 1369 425 425 1370 424 424 1371 426 426 1372 425 425 1373 424 424 1374 427 427 1375 426 426 1376 425 425 1377 426 426 1378 428 428 1379 427 427 1380 429 429 1381 426 426 1382 427 427 1383 430 430 1384 429 429 1385 430 430 1386 431 431 1387 429 429 1388 430 430 1389 432 432 1390 431 431 1391 429 429 1392 433 433 1393 426 426 1394 432 432 1395 434 434 1396 431 431 1397 429 429 1398 435 435 1399 433 433 1400 429 429 1401 431 431 1402 435 435 1403 436 436 1404 433 433 1405 437 437 1406 436 436 1407 438 438 1408 426 426 1409 431 431 1410 439 439 1411 435 435 1412 433 433 1413 435 435 1414 440 440 1415 433 433 1416 440 440 1417 437 437 1418 435 435 1419 439 439 1420 440 440 1421 431 431 1422 441 441 1423 439 439 1424 439 439 1425 441 441 1426 442 442 1427 439 439 1428 442 442 1429 440 440 1430 440 440 1431 442 442 1432 443 443 1433 441 441 1434 444 444 1435 442 442 1436 438 438 1437 445 445 1438 446 446 1439 442 442 1440 444 444 1441 447 447 1442 442 442 1443 447 447 1444 443 443 1445 443 443 1446 447 447 1447 448 448 1448 449 449 1449 446 446 1450 445 445 1451 440 440 1452 443 443 1453 449 449 1454 449 449 1455 443 443 1456 446 446 1457 448 448 1458 450 450 1459 443 443 1460 446 446 1461 443 443 1462 450 450 1463 447 447 1464 451 451 1465 448 448 1466 452 452 1467 453 453 1468 454 454 1469 452 452 1470 455 455 1471 453 453 1472 454 454 1473 456 456 1474 457 457 1475 452 452 1476 458 458 1477 455 455 1478 453 453 1479 459 459 1480 454 454 1481 453 453 1482 460 460 1483 459 459 1484 454 454 1485 461 461 1486 456 456 1487 462 462 1488 463 463 1489 464 464 1490 460 460 1491 465 465 1492 459 459 1493 461 461 1494 466 466 1495 467 467 1496 462 462 1497 464 464 1498 468 468 1499 455 455 1500 469 469 1501 470 470 1502 455 455 1503 470 470 1504 471 471 1505 453 453 1506 455 455 1507 472 472 1508 454 454 1509 473 473 1510 461 461 1511 461 461 1512 473 473 1513 466 466 1514 454 454 1515 459 459 1516 473 473 1517 474 474 1518 466 466 1519 473 473 1520 473 473 1521 459 459 1522 474 474 1523 465 465 1524 474 474 1525 459 459 1526 463 463 1527 475 475 1528 464 464 1529 476 476 1530 475 475 1531 463 463 1532 455 455 1533 471 471 1534 477 477 1535 455 455 1536 478 478 1537 472 472 1538 455 455 1539 477 477 1540 478 478 1541 471 471 1542 479 479 1543 477 477 1544 478 478 1545 480 480 1546 472 472 1547 477 477 1548 481 481 1549 478 478 1550 478 478 1551 481 481 1552 480 480 1553 472 472 1554 480 480 1555 482 482 1556 483 483 1557 484 484 1558 485 485 1559 486 486 1560 487 487 1561 488 488 1562 483 483 1563 486 486 1564 489 489 1565 483 483 1566 489 489 1567 484 484 1568 490 490 1569 491 491 1570 492 492 1571 477 477 1572 493 493 1573 481 481 1574 472 472 1575 482 482 1576 494 494 1577 484 484 1578 495 495 1579 496 496 1580 496 496 1581 495 495 1582 497 497 1583 488 488 1584 498 498 1585 486 486 1586 488 488 1587 499 499 1588 498 498 1589 484 484 1590 500 500 1591 495 495 1592 484 484 1593 489 489 1594 500 500 1595 496 496 1596 497 497 1597 501 501 1598 492 492 1599 491 491 1600 502 502 1601 472 472 1602 494 494 1603 503 503 1604 499 499 1605 504 504 1606 505 505 1607 499 499 1608 505 505 1609 498 498 1610 486 486 1611 498 498 1612 506 506 1613 489 489 1614 486 486 1615 506 506 1616 489 489 1617 506 506 1618 500 500 1619 495 495 1620 500 500 1621 507 507 1622 495 495 1623 507 507 1624 508 508 1625 497 497 1626 495 495 1627 509 509 1628 495 495 1629 508 508 1630 509 509 1631 491 491 1632 510 510 1633 502 502 1634 510 510 1635 491 491 1636 511 511 1637 502 502 1638 510 510 1639 512 512 1640 504 504 1641 513 513 1642 505 505 1643 498 498 1644 514 514 1645 506 506 1646 506 506 1647 514 514 1648 500 500 1649 498 498 1650 505 505 1651 514 514 1652 507 507 1653 515 515 1654 508 508 1655 504 504 1656 516 516 1657 513 513 1658 500 500 1659 514 514 1660 517 517 1661 515 515 1662 518 518 1663 508 508 1664 519 519 1665 505 505 1666 518 518 1667 514 514 1668 519 519 1669 517 517 1670 519 519 1671 514 514 1672 505 505 1673 508 508 1674 520 520 1675 521 521 1676 508 508 1677 518 518 1678 520 520 1679 520 520 1680 505 505 1681 522 522 1682 523 523 1683 524 524 1684 525 525 1685 524 524 1686 526 526 1687 525 525 1688 527 527 1689 528 527 1690 529 527 1691 528 527 1692 530 527 1693 529 527 1694 530 528 1695 531 528 1696 529 528 1697 532 527 1698 533 527 1699 534 527 1700 533 527 1701 535 527 1702 534 527 1703 535 529 1704 536 529 1705 534 529 1706 537 530 1707 538 531 1708 539 532 1709 538 531 1710 540 533 1711 539 532 1712 541 534 1713 542 535 1714 543 536 1715 541 534 1716 544 537 1717 542 535 1718 541 534 1719 545 538 1720 544 537 1721 546 539 1722 547 540 1723 548 541 1724 547 540 1725 549 542 1726 548 541 1727 550 543 1728 551 544 1729 552 545 1730 551 544 1731 553 546 1732 552 545 1733 554 547 1734 555 547 1735 556 547 1736 555 527 1737 557 527 1738 556 527 1739 555 548 1740 558 548 1741 557 548 1742 559 549 1743 560 549 1744 561 549 1745 560 527 1746 562 527 1747 561 527 1748 562 550 1749 563 550 1750 561 550 1751 564 551 1752 565 552 1753 566 553 1754 565 552 1755 567 554 1756 566 553 1757 568 555 1758 569 556 1759 570 557 1760 571 558 1761 572 559 1762 573 560 1763 571 558 1764 574 561 1765 572 559 1766 572 559 1767 575 562 1768 573 560 1769 572 559 1770 576 563 1771 575 562 1772 575 562 1773 577 564 1774 573 560 1775 578 565 1776 579 566 1777 580 567 1778 579 566 1779 581 568 1780 580 567 1781 579 566 1782 582 569 1783 581 568 1784 580 567 1785 581 568 1786 583 499 1787 583 499 1788 581 568 1789 584 570 1790 583 499 1791 584 570 1792 585 571 1793 585 571 1794 584 570 1795 586 572 1796 585 571 1797 586 572 1798 587 573 1799 584 570 1800 581 568 1801 588 574 1802 587 573 1803 586 572 1804 589 575 1805 584 570 1806 590 576 1807 586 572 1808 584 570 1809 588 574 1810 590 576 1811 591 577 1812 592 578 1813 593 579 1814 588 574 1815 594 580 1816 595 581 1817 588 574 1818 595 581 1819 596 582 1820 588 574 1821 596 582 1822 590 576 1823 590 576 1824 596 582 1825 597 583 1826 590 576 1827 597 583 1828 586 572 1829 593 579 1830 592 578 1831 598 584 1832 586 572 1833 599 585 1834 589 575 1835 586 572 1836 597 583 1837 599 585 1838 596 582 1839 600 586 1840 601 587 1841 597 583 1842 596 582 1843 601 587 1844 597 583 1845 601 587 1846 599 585 1847 600 586 1848 602 588 1849 601 587 1850 603 589 1851 602 588 1852 600 586 1853 600 586 1854 596 582 1855 604 590 1856 604 590 1857 598 584 1858 592 578 1859 592 578 1860 600 586 1861 604 590 1862 601 587 1863 605 591 1864 599 585 1865 601 587 1866 602 588 1867 605 591 1868 602 588 1869 606 592 1870 605 591 1871 603 589 1872 606 592 1873 602 588 1874 607 452 1875 608 593 1876 609 594 1877 610 510 1878 611 512 1879 612 502 1880 610 510 1881 612 502 1882 613 595 1883 607 452 1884 609 594 1885 614 596 1886 615 597 1887 616 598 1888 608 593 1889 615 597 1890 617 599 1891 616 598 1892 608 593 1893 616 598 1894 618 600 1895 612 502 1896 619 601 1897 613 595 1898 607 452 1899 614 596 1900 620 602 1901 608 593 1902 618 600 1903 621 603 1904 608 593 1905 621 603 1906 609 594 1907 609 594 1908 621 603 1909 622 494 1910 623 604 1911 613 595 1912 619 601 1913 616 598 1914 624 605 1915 618 600 1916 614 596 1917 625 606 1918 626 607 1919 614 596 1920 626 607 1921 627 608 1922 622 494 1923 621 603 1924 628 609 1925 609 594 1926 629 610 1927 614 596 1928 616 598 1929 630 611 1930 624 605 1931 631 612 1932 618 600 1933 624 605 1934 631 612 1935 628 609 1936 621 603 1937 618 600 1938 631 612 1939 621 603 1940 629 610 1941 632 613 1942 633 614 1943 614 596 1944 629 610 1945 633 614 1946 614 596 1947 633 614 1948 634 615 1949 614 596 1950 634 615 1951 625 606 1952 633 614 1953 635 616 1954 634 615 1955 632 613 1956 635 616 1957 633 614 1958 629 610 1959 636 460 1960 637 617 1961 637 617 1962 632 613 1963 629 610 1964 635 616 1965 638 618 1966 634 615 1967 636 460 1968 629 610 1969 639 619 1970 640 620 1971 641 621 1972 642 622 1973 641 621 1974 643 464 1975 642 622 1976 642 622 1977 644 462 1978 645 623 1979 643 464 1980 644 462 1981 642 622 1982 646 624 1983 647 625 1984 648 626 1985 649 627 1986 650 628 1987 651 629 1988 643 464 1989 652 468 1990 644 462 1991 646 624 1992 653 630 1993 654 631 1994 647 625 1995 646 624 1996 654 631 1997 647 625 1998 654 631 1999 655 632 2000 649 627 2001 651 629 2002 656 633 2003 657 634 2004 646 624 2005 649 627 2006 657 634 2007 649 627 2008 656 633 2009 657 634 2010 653 630 2011 646 624 2012 657 634 2013 656 633 2014 658 635 2015 653 630 2016 657 634 2017 658 635 2018 655 632 2019 654 631 2020 659 636 2021 655 632 2022 659 636 2023 660 637 2024 654 631 2025 661 638 2026 659 636 2027 653 630 2028 658 635 2029 661 638 2030 654 631 2031 653 630 2032 661 638 2033 660 637 2034 659 636 2035 662 639 2036 656 633 2037 663 640 2038 658 635 2039 664 641 2040 665 448 2041 663 640 2042 664 641 2043 663 640 2044 656 633 2045 661 638 2046 666 642 2047 659 636 2048 660 637 2049 662 639 2050 667 643 2051 658 635 2052 668 644 2053 661 638 2054 661 638 2055 668 644 2056 666 642 2057 665 448 2058 669 645 2059 663 640 2060 658 635 2061 663 640 2062 670 646 2063 666 642 2064 671 647 2065 659 636 2066 663 640 2067 672 648 2068 670 646 2069 663 640 2070 669 645 2071 672 648 2072 673 445 2073 670 646 2074 672 648 2075 672 648 2076 674 649 2077 675 650 2078 675 650 2079 674 649 2080 676 651 2081 677 652 2082 678 653 2083 679 654 2084 678 653 2085 680 655 2086 679 654 2087 681 527 2088 682 527 2089 683 527 2090 682 527 2091 684 527 2092 683 527 2093 682 656 2094 685 656 2095 684 656 2096 686 529 2097 687 529 2098 688 529 2099 687 527 2100 689 527 2101 688 527 2102 689 527 2103 690 527 2104 688 527 2105 691 657 2106 692 658 2107 693 659 2108 692 658 2109 694 660 2110 693 659 2111 695 661 2112 696 662 2113 697 663 2114 698 664 2115 699 665 2116 696 662 2117 700 666 2118 701 667 2119 702 668 2120 703 669 2121 704 670 2122 705 671 2123 704 670 2124 706 672 2125 705 671 2126 707 527 2127 708 527 2128 709 527 2129 708 527 2130 710 527 2131 709 527 2132 710 673 2133 711 673 2134 709 673 2135 712 527 2136 713 527 2137 714 527 2138 713 527 2139 715 527 2140 714 527 2141 715 674 2142 716 674 2143 714 674 2144 717 675 2145 718 676 2146 719 677 2147 718 676 2148 720 678 2149 719 677 2150 721 679 2151 722 680 2152 723 681 2153 722 680 2154 724 682 2155 723 681 2156 725 683 2157 726 684 2158 727 685 2159 726 684 2160 728 686 2161 727 685 2162 726 684 2163 729 687 2164 728 686 2165 730 688 2166 731 689 2167 732 690 2168 730 688 2169 733 691 2170 734 692 2171 730 688 2172 734 692 2173 731 689 2174 733 691 2175 735 693 2176 734 692 2177 733 691 2178 736 694 2179 735 693 2180 731 689 2181 734 692 2182 737 695 2183 731 689 2184 737 695 2185 738 696 2186 731 689 2187 738 696 2188 732 690 2189 735 693 2190 739 697 2191 734 692 2192 740 698 2193 741 699 2194 742 700 2195 739 697 2196 743 701 2197 734 692 2198 744 702 2199 745 703 2200 746 704 2201 737 695 2202 745 703 2203 744 702 2204 741 699 2205 747 705 2206 748 706 2207 739 697 2208 749 707 2209 743 701 2210 734 692 2211 743 701 2212 750 708 2213 734 692 2214 750 708 2215 751 709 2216 734 692 2217 751 709 2218 737 695 2219 737 695 2220 751 709 2221 745 703 2222 742 700 2223 752 710 2224 753 711 2225 742 700 2226 741 699 2227 752 710 2228 741 699 2229 748 706 2230 752 710 2231 751 709 2232 750 708 2233 754 712 2234 749 707 2235 755 713 2236 743 701 2237 756 714 2238 753 711 2239 757 715 2240 756 714 2241 757 715 2242 758 716 2243 752 710 2244 748 706 2245 759 717 2246 743 701 2247 755 713 2248 760 718 2249 750 708 2250 743 701 2251 760 718 2252 749 707 2253 761 719 2254 755 713 2255 758 716 2256 762 720 2257 763 721 2258 753 711 2259 752 710 2260 764 722 2261 752 710 2262 759 717 2263 764 722 2264 753 711 2265 764 722 2266 757 715 2267 750 708 2268 760 718 2269 765 723 2270 761 719 2271 766 724 2272 755 713 2273 758 716 2274 757 715 2275 767 725 2276 758 716 2277 767 725 2278 762 720 2279 759 717 2280 748 706 2281 768 726 2282 757 715 2283 769 727 2284 767 725 2285 764 722 2286 769 727 2287 757 715 2288 760 718 2289 770 728 2290 765 723 2291 761 719 2292 771 729 2293 766 724 2294 755 713 2295 766 724 2296 772 730 2297 760 718 2298 773 731 2299 770 728 2300 755 713 2301 772 730 2302 773 731 2303 755 713 2304 773 731 2305 760 718 2306 762 720 2307 767 725 2308 774 732 2309 768 726 2310 775 733 2311 759 717 2312 759 717 2313 775 733 2314 776 734 2315 764 722 2316 777 735 2317 769 727 2318 777 735 2319 764 722 2320 759 717 2321 768 726 2322 778 736 2323 779 737 2324 768 726 2325 779 737 2326 775 733 2327 780 738 2328 781 739 2329 782 740 2330 766 724 2331 771 729 2332 783 741 2333 771 729 2334 784 742 2335 783 741 2336 766 724 2337 783 741 2338 772 730 2339 773 731 2340 772 730 2341 785 743 2342 773 731 2343 785 743 2344 770 728 2345 767 725 2346 769 727 2347 786 744 2348 767 725 2349 786 744 2350 774 732 2351 776 734 2352 775 733 2353 787 745 2354 759 717 2355 776 734 2356 788 746 2357 789 747 2358 788 746 2359 786 744 2360 789 747 2361 786 744 2362 769 727 2363 759 717 2364 788 746 2365 789 747 2366 779 737 2367 790 748 2368 791 749 2369 784 742 2370 792 750 2371 783 741 2372 781 739 2373 793 751 2374 782 740 2375 781 739 2376 785 743 2377 793 751 2378 772 730 2379 794 752 2380 785 743 2381 772 730 2382 783 741 2383 794 752 2384 774 732 2385 786 744 2386 795 753 2387 788 746 2388 776 734 2389 795 753 2390 788 746 2391 795 753 2392 786 744 2393 779 737 2394 796 754 2395 775 733 2396 779 737 2397 791 749 2398 796 754 2399 775 733 2400 797 755 2401 787 745 2402 775 733 2403 796 754 2404 797 755 2405 793 751 2406 794 752 2407 798 756 2408 794 752 2409 783 741 2410 798 756 2411 792 750 2412 798 756 2413 783 741 2414 793 751 2415 798 756 2416 799 757 2417 776 734 2418 787 745 2419 800 758 2420 776 734 2421 800 758 2422 795 753 2423 801 759 2424 787 745 2425 797 755 2426 787 745 2427 801 759 2428 800 758 2429 797 755 2430 802 760 2431 801 759 2432 803 761 2433 796 754 2434 791 749 2435 803 761 2436 791 749 2437 804 762 2438 797 755 2439 805 763 2440 802 760 2441 797 755 2442 796 754 2443 805 763 2444 796 754 2445 803 761 2446 805 763 2447 803 761 2448 804 762 2449 805 763 2450 806 764 2451 798 756 2452 792 750 2453 798 756 2454 806 764 2455 799 757 2456 802 760 2457 805 763 2458 807 765 2459 805 763 2460 808 766 2461 807 765 2462 804 762 2463 808 766 2464 805 763 2465 809 767 2466 810 768 2467 811 769 2468 812 770 2469 813 771 2470 814 772 2471 815 773 2472 816 774 2473 817 775 2474 815 773 2475 817 775 2476 818 776 2477 816 774 2478 819 777 2479 817 775 2480 820 778 2481 821 779 2482 822 780 2483 819 777 2484 823 781 2485 824 782 2486 821 779 2487 825 783 2488 826 784 2489 821 779 2490 826 784 2491 827 785 2492 821 779 2493 827 785 2494 828 786 2495 823 781 2496 829 787 2497 830 788 2498 823 781 2499 830 788 2500 824 782 2501 826 784 2502 831 789 2503 827 785 2504 829 787 2505 832 790 2506 833 791 2507 834 792 2508 835 793 2509 836 794 2510 837 795 2511 838 796 2512 839 797 2513 837 795 2514 840 798 2515 838 796 2516 841 799 2517 839 797 2518 842 800 2519 840 798 2520 843 801 2521 838 796 2522 840 798 2523 844 802 2524 843 801 2525 845 803 2526 846 804 2527 847 805 2528 848 806 2529 849 807 2530 850 808 2531 839 797 2532 851 809 2533 842 800 2534 839 797 2535 838 796 2536 851 809 2537 844 802 2538 852 810 2539 853 811 2540 843 801 2541 844 802 2542 853 811 2543 842 800 2544 851 809 2545 854 812 2546 848 806 2547 854 812 2548 849 807 2549 842 800 2550 854 812 2551 848 806 2552 838 796 2553 855 813 2554 851 809 2555 838 796 2556 843 801 2557 855 813 2558 852 810 2559 844 802 2560 856 814 2561 852 810 2562 857 815 2563 853 811 2564 853 811 2565 857 815 2566 858 816 2567 854 812 2568 859 817 2569 849 807 2570 851 809 2571 860 818 2572 854 812 2573 851 809 2574 855 813 2575 860 818 2576 843 801 2577 861 819 2578 855 813 2579 853 811 2580 858 816 2581 861 819 2582 853 811 2583 861 819 2584 843 801 2585 857 815 2586 862 820 2587 858 816 2588 859 817 2589 863 821 2590 849 807 2591 854 812 2592 860 818 2593 864 822 2594 854 812 2595 864 822 2596 859 817 2597 865 823 2598 860 818 2599 855 813 2600 855 813 2601 861 819 2602 865 823 2603 866 824 2604 867 825 2605 860 818 2606 866 824 2607 858 816 2608 862 820 2609 862 820 2610 867 825 2611 866 824 2612 868 826 2613 861 819 2614 858 816 2615 868 826 2616 866 824 2617 860 818 2618 858 816 2619 866 824 2620 868 826 2621 864 822 2622 860 818 2623 869 827 2624 860 818 2625 867 825 2626 869 827 2627 859 817 2628 864 822 2629 870 828 2630 859 817 2631 870 828 2632 863 821 2633 862 820 2634 871 829 2635 867 825 2636 869 827 2637 867 825 2638 872 830 2639 867 825 2640 871 829 2641 872 830 2642 864 822 2643 873 831 2644 870 828 2645 864 822 2646 869 827 2647 873 831 2648 871 829 2649 874 832 2650 872 830 2651 869 827 2652 872 830 2653 875 833 2654 872 830 2655 874 832 2656 875 833 2657 873 831 2658 869 827 2659 876 834 2660 869 827 2661 875 833 2662 876 834 2663 870 828 2664 877 835 2665 878 836 2666 870 828 2667 873 831 2668 877 835 2669 874 832 2670 879 837 2671 875 833 2672 875 833 2673 879 837 2674 880 838 2675 875 833 2676 880 838 2677 876 834 2678 876 834 2679 880 838 2680 881 839 2681 876 834 2682 881 839 2683 882 840 2684 876 834 2685 882 840 2686 873 831 2687 873 831 2688 882 840 2689 877 835 2690 883 841 2691 884 842 2692 885 843 2693 879 837 2694 886 844 2695 880 838 2696 877 835 2697 887 845 2698 883 841 2699 877 835 2700 888 846 2701 887 845 2702 881 839 2703 880 838 2704 888 846 2705 877 835 2706 882 840 2707 888 846 2708 882 840 2709 881 839 2710 888 846 2711 886 844 2712 889 847 2713 880 838 2714 880 838 2715 889 847 2716 888 846 2717 890 848 2718 891 849 2719 892 850 2720 893 851 2721 894 852 2722 895 853 2723 896 854 2724 897 855 2725 898 856 2726 897 855 2727 899 857 2728 898 856 2729 897 855 2730 900 857 2731 899 857 2732 901 858 2733 902 859 2734 903 860 2735 902 859 2736 904 861 2737 903 860 2738 902 859 2739 905 862 2740 904 861 2741 903 860 2742 904 861 2743 906 863 2744 903 860 2745 906 863 2746 907 864 2747 905 862 2748 908 865 2749 904 861 2750 907 864 2751 906 863 2752 909 866 2753 907 864 2754 910 867 2755 903 860 2756 907 864 2757 909 866 2758 910 867 2759 908 865 2760 911 868 2761 912 869 2762 904 861 2763 913 870 2764 906 863 2765 904 861 2766 908 865 2767 913 870 2768 909 866 2769 914 871 2770 915 872 2771 911 868 2772 916 873 2773 912 869 2774 908 865 2775 912 869 2776 917 874 2777 913 870 2778 918 875 2779 919 876 2780 909 866 2781 915 872 2782 920 877 2783 914 871 2784 921 878 2785 915 872 2786 921 878 2787 919 876 2788 918 875 2789 916 873 2790 922 879 2791 912 869 2792 908 865 2793 917 874 2794 923 880 2795 918 875 2796 913 870 2797 923 880 2798 908 865 2799 923 880 2800 913 870 2801 919 876 2802 924 881 2803 913 870 2804 915 872 2805 925 882 2806 920 877 2807 915 872 2808 921 878 2809 925 882 2810 921 878 2811 918 875 2812 925 882 2813 920 877 2814 925 882 2815 926 883 2816 919 876 2817 921 878 2818 927 884 2819 919 876 2820 927 884 2821 924 881 2822 914 871 2823 927 884 2824 921 878 2825 912 869 2826 928 885 2827 929 886 2828 912 869 2829 929 886 2830 917 874 2831 923 880 2832 930 887 2833 931 888 2834 923 880 2835 931 888 2836 918 875 2837 917 874 2838 929 886 2839 931 888 2840 926 883 2841 925 882 2842 932 889 2843 926 883 2844 932 889 2845 933 890 2846 928 885 2847 934 891 2848 929 886 2849 918 875 2850 931 888 2851 935 892 2852 933 890 2853 932 889 2854 936 893 2855 925 882 2856 918 875 2857 937 894 2858 925 882 2859 937 894 2860 932 889 2861 934 891 2862 938 895 2863 939 896 2864 934 891 2865 939 896 2866 929 886 2867 931 888 2868 929 886 2869 940 897 2870 929 886 2871 939 896 2872 940 897 2873 931 888 2874 940 897 2875 935 892 2876 936 893 2877 932 889 2878 941 898 2879 932 889 2880 937 894 2881 941 898 2882 937 894 2883 935 892 2884 941 898 2885 918 875 2886 942 899 2887 943 899 2888 939 896 2889 944 900 2890 940 897 2891 935 892 2892 937 894 2893 945 901 2894 936 893 2895 941 898 2896 946 902 2897 939 896 2898 947 903 2899 948 904 2900 944 900 2901 939 896 2902 948 904 2903 944 900 2904 948 904 2905 949 905 2906 944 900 2907 949 905 2908 940 897 2909 940 897 2910 949 905 2911 950 906 2912 935 892 2913 950 906 2914 941 898 2915 935 892 2916 940 897 2917 950 906 2918 936 893 2919 946 902 2920 951 907 2921 947 903 2922 952 908 2923 953 909 2924 939 896 2925 954 910 2926 955 911 2927 955 911 2928 947 903 2929 939 896 2930 955 911 2931 952 908 2932 947 903 2933 948 904 2934 947 903 2935 956 912 2936 949 905 2937 957 913 2938 958 914 2939 958 914 2940 950 906 2941 949 905 2942 950 906 2943 958 914 2944 941 898 2945 936 893 2946 951 907 2947 959 915 2948 953 909 2949 960 916 2950 961 917 2951 948 904 2952 962 918 2953 949 905 2954 947 903 2955 963 919 2956 956 912 2957 947 903 2958 953 909 2959 963 919 2960 957 913 2961 949 905 2962 964 920 2963 951 907 2964 965 921 2965 959 915 2966 961 917 2967 966 922 2968 953 909 2969 951 907 2970 962 918 2971 967 923 2972 948 904 2973 956 912 2974 967 923 2975 948 904 2976 967 923 2977 962 918 2978 951 907 2979 967 923 2980 965 921 2981 963 919 2982 953 909 2983 968 924 2984 953 909 2985 966 922 2986 968 924 2987 951 907 2988 969 925 2989 962 918 2990 949 905 2991 962 918 2992 969 925 2993 964 920 2994 949 905 2995 970 926 2996 970 926 2997 949 905 2998 969 925 2999 959 915 3000 971 927 3001 972 928 3002 956 912 3003 973 929 3004 974 930 3005 963 919 3006 968 924 3007 974 930 3008 965 921 3009 967 923 3010 975 931 3011 959 915 3012 976 932 3013 971 927 3014 956 912 3015 977 933 3016 967 923 3017 956 912 3018 974 930 3019 977 933 3020 974 930 3021 978 934 3022 977 933 3023 968 924 3024 979 935 3025 978 934 3026 974 930 3027 968 924 3028 978 934 3029 959 915 3030 965 921 3031 980 936 3032 959 915 3033 980 936 3034 976 932 3035 965 921 3036 977 933 3037 980 936 3038 979 935 3039 981 937 3040 982 938 3041 968 924 3042 983 939 3043 979 935 3044 983 939 3045 981 937 3046 979 935 3047 978 934 3048 984 940 3049 977 933 3050 980 936 3051 985 941 3052 976 932 3053 982 938 3054 981 937 3055 986 942 3056 979 935 3057 982 938 3058 987 943 3059 979 935 3060 987 943 3061 978 934 3062 984 940 3063 978 934 3064 988 944 3065 977 933 3066 989 945 3067 990 945 3068 977 933 3069 991 946 3070 980 936 3071 977 933 3072 984 940 3073 991 946 3074 980 936 3075 992 947 3076 985 941 3077 980 936 3078 991 946 3079 992 947 3080 982 938 3081 993 948 3082 987 943 3083 984 940 3084 994 949 3085 991 946 3086 988 944 3087 994 949 3088 984 940 3089 995 950 3090 991 946 3091 994 949 3092 992 947 3093 991 946 3094 995 950 3095 992 947 3096 996 951 3097 985 941 3098 987 943 3099 993 948 3100 996 951 3101 992 947 3102 995 950 3103 996 951 3104 982 938 3105 997 952 3106 993 948 3107 993 948 3108 997 952 3109 996 951 3110 998 953 3111 999 954 3112 1000 955 3113 999 954 3114 1001 956 3115 1000 955 3116 1001 956 3117 1002 957 3118 1000 955 3119 1002 957 3120 1003 958 3121 1000 955 3122 1003 958 3123 1004 959 3124 1000 955 3125 1004 959 3126 1005 960 3127 1006 960 3128 1007 961 3129 1008 962 3130 1009 963 3131 1008 962 3132 1010 964 3133 1009 963 3134 1010 964 3135 1011 965 3136 1009 963 3137 1012 966 3138 1013 967 3139 1014 968 3140 1013 967 3141 1015 969 3142 1014 968 3143 1013 967 3144 1016 970 3145 1015 969 3146 1014 968 3147 1015 969 3148 1017 971 3149 1016 970 3150 1018 972 3151 1015 969 3152 1017 971 3153 1015 969 3154 1019 973 3155 1018 972 3156 1020 974 3157 1015 969 3158 1021 975 3159 1015 969 3160 1020 974 3161 1015 969 3162 1021 975 3163 1019 973 3164 1019 973 3165 1021 975 3166 1022 976 3167 1023 977 3168 1024 978 3169 1025 979 3170 1024 978 3171 1026 980 3172 1025 979 3173 1024 978 3174 1027 981 3175 1026 980 3176 1027 981 3177 1028 982 3178 1026 980 3179 1029 983 3180 1030 983 3181 1031 983 3182 1032 984 3183 1033 984 3184 1034 984 3185 1035 985 3186 1036 985 3187 1037 985 3188 1038 986 3189 1039 987 3190 1040 988 3191 1039 987 3192 1041 989 3193 1040 988 3194 1041 989 3195 1042 990 3196 1040 988 3197 1042 990 3198 1043 991 3199 1040 988 3200 1044 992 3201 1045 993 3202 1046 994 3203 1045 993 3204 1047 995 3205 1046 994 3206 1045 993 3207 1048 996 3208 1047 995 3209 1049 997 3210 1050 998 3211 1051 999 3212 1050 998 3213 1052 1000 3214 1051 999 3215 1052 1000 3216 1053 1001 3217 1051 999 3218 1052 1000 3219 1054 1002 3220 1053 1001 3221 1055 1003 3222 1056 1003 3223 1057 1003 3224 1058 1004 3225 1059 1004 3226 1060 1004 3227 1061 1005 3228 1062 1005 3229 1063 1005 3230 1064 1006 3231 1065 1007 3232 1066 1008 3233 1065 1007 3234 1067 1009 3235 1066 1008 3236 1065 1007 3237 1068 1010 3238 1067 1009 3239 1065 1007 3240 1069 1011 3241 1068 1010 3242 1070 1012 3243 1071 1013 3244 1072 1014 3245 1071 1013 3246 1073 1015 3247 1072 1014 3248 1071 1013 3249 1074 1016 3250 1073 1015 3251 1071 1013 3252 1075 1017 3253 1074 1016 3254 1073 1015 3255 1076 1018 3256 1072 1014 3257 1075 1017 3258 1071 1013 3259 1077 1019 3260 1075 1017 3261 1077 1019 3262 1078 1020 3263 1075 1017 3264 1078 1020 3265 1074 1016 3266 1076 1018 3267 1073 1015 3268 1079 1021 3269 1078 1020 3270 1080 1022 3271 1081 1023 3272 1073 1015 3273 1082 1024 3274 1079 1021 3275 1074 1016 3276 1082 1024 3277 1073 1015 3278 1078 1020 3279 1083 1025 3280 1080 1022 3281 1081 1023 3282 1080 1022 3283 1084 1026 3284 1081 1023 3285 1084 1026 3286 1085 1027 3287 1086 1028 3288 1079 1021 3289 1082 1024 3290 1082 1024 3291 1087 1029 3292 1086 1028 3293 1086 1028 3294 1088 1030 3295 1079 1021 3296 1079 1021 3297 1088 1030 3298 1089 1031 3299 1080 1022 3300 1083 1025 3301 1090 1032 3302 1080 1022 3303 1090 1032 3304 1084 1026 3305 1083 1025 3306 1091 1033 3307 1090 1032 3308 1084 1026 3309 1090 1032 3310 1087 1029 3311 1082 1024 3312 1092 1034 3313 1087 1029 3314 1085 1027 3315 1084 1026 3316 1092 1034 3317 1084 1026 3318 1087 1029 3319 1092 1034 3320 1086 1028 3321 1087 1029 3322 1093 1035 3323 1086 1028 3324 1093 1035 3325 1094 1036 3326 1089 1031 3327 1095 1037 3328 1096 1038 3329 1091 1033 3330 1097 1039 3331 1098 1040 3332 1091 1033 3333 1098 1040 3334 1090 1032 3335 1085 1027 3336 1092 1034 3337 1099 1041 3338 1099 1041 3339 1092 1034 3340 1082 1024 3341 1088 1030 3342 1093 1035 3343 1100 1042 3344 1088 1030 3345 1100 1042 3346 1089 1031 3347 1079 1021 3348 1089 1031 3349 1101 1043 3350 1101 1043 3351 1089 1031 3352 1096 1038 3353 1087 1029 3354 1102 1044 3355 1093 1035 3356 1097 1039 3357 1103 1045 3358 1098 1040 3359 1090 1032 3360 1104 1046 3361 1087 1029 3362 1090 1032 3363 1098 1040 3364 1104 1046 3365 1093 1035 3366 1102 1044 3367 1105 1047 3368 1093 1035 3369 1105 1047 3370 1100 1042 3371 1100 1042 3372 1105 1047 3373 1106 1048 3374 1089 1031 3375 1100 1042 3376 1107 1049 3377 1103 1045 3378 1108 1050 3379 1109 1051 3380 1098 1040 3381 1103 1045 3382 1109 1051 3383 1098 1040 3384 1109 1051 3385 1104 1046 3386 1104 1046 3387 1109 1051 3388 1102 1044 3389 1087 1029 3390 1110 1052 3391 1111 1052 3392 1106 1048 3393 1105 1047 3394 1112 1053 3395 1102 1044 3396 1113 1054 3397 1104 1046 3398 1100 1042 3399 1106 1048 3400 1114 1055 3401 1100 1042 3402 1114 1055 3403 1107 1049 3404 1108 1050 3405 1103 1045 3406 1115 1056 3407 1105 1047 3408 1116 1057 3409 1112 1053 3410 1109 1051 3411 1117 1058 3412 1118 1059 3413 1118 1059 3414 1117 1058 3415 1116 1057 3416 1118 1059 3417 1105 1047 3418 1102 1044 3419 1118 1059 3420 1116 1057 3421 1105 1047 3422 1118 1059 3423 1102 1044 3424 1109 1051 3425 1106 1048 3426 1119 1060 3427 1114 1055 3428 1103 1045 3429 1120 1061 3430 1115 1056 3431 1112 1053 3432 1121 1062 3433 1106 1048 3434 1112 1053 3435 1116 1057 3436 1121 1062 3437 1117 1058 3438 1122 1063 3439 1116 1057 3440 1120 1061 3441 1123 1064 3442 1124 1065 3443 1115 1056 3444 1120 1061 3445 1125 1066 3446 1106 1048 3447 1121 1062 3448 1126 1067 3449 1122 1063 3450 1127 1068 3451 1116 1057 3452 1123 1064 3453 1120 1061 3454 1128 1069 3455 1120 1061 3456 1129 1070 3457 1125 1066 3458 1124 1065 3459 1130 1071 3460 1129 1070 3461 1120 1061 3462 1124 1065 3463 1129 1070 3464 1116 1057 3465 1131 1072 3466 1121 1062 3467 1132 1073 3468 1131 1072 3469 1116 1057 3470 1115 1056 3471 1131 1072 3472 1132 1073 3473 1106 1048 3474 1126 1067 3475 1133 1074 3476 1106 1048 3477 1133 1074 3478 1134 1075 3479 1121 1062 3480 1135 1076 3481 1126 1067 3482 1116 1057 3483 1136 1077 3484 1132 1073 3485 1127 1068 3486 1136 1077 3487 1116 1057 3488 1130 1071 3489 1137 1078 3490 1129 1070 3491 1115 1056 3492 1125 1066 3493 1138 1079 3494 1125 1066 3495 1139 1080 3496 1138 1079 3497 1131 1072 3498 1115 1056 3499 1138 1079 3500 1121 1062 3501 1138 1079 3502 1135 1076 3503 1121 1062 3504 1131 1072 3505 1138 1079 3506 1133 1074 3507 1126 1067 3508 1140 1081 3509 1130 1071 3510 1141 1082 3511 1137 1078 3512 1129 1070 3513 1142 1083 3514 1125 1066 3515 1138 1079 3516 1142 1083 3517 1135 1076 3518 1126 1067 3519 1143 1084 3520 1140 1081 3521 1141 1082 3522 1144 1085 3523 1145 1086 3524 1137 1078 3525 1141 1082 3526 1146 1087 3527 1129 1070 3528 1137 1078 3529 1147 1088 3530 1129 1070 3531 1147 1088 3532 1142 1083 3533 1137 1078 3534 1146 1087 3535 1147 1088 3536 1135 1076 3537 1142 1083 3538 1148 1089 3539 1135 1076 3540 1148 1089 3541 1149 1090 3542 1135 1076 3543 1150 1091 3544 1126 1067 3545 1126 1067 3546 1150 1091 3547 1143 1084 3548 1144 1085 3549 1151 1092 3550 1145 1086 3551 1141 1082 3552 1145 1086 3553 1152 1093 3554 1145 1086 3555 1151 1092 3556 1152 1093 3557 1146 1087 3558 1153 1094 3559 1147 1088 3560 1143 1084 3561 1154 1095 3562 1155 1096 3563 1147 1088 3564 1153 1094 3565 1156 1097 3566 1147 1088 3567 1156 1097 3568 1142 1083 3569 1142 1083 3570 1156 1097 3571 1157 1098 3572 1148 1089 3573 1142 1083 3574 1157 1098 3575 1148 1089 3576 1157 1098 3577 1158 1099 3578 1154 1095 3579 1143 1084 3580 1158 1099 3581 1148 1089 3582 1158 1099 3583 1150 1091 3584 1150 1091 3585 1158 1099 3586 1143 1084 3587 1151 1092 3588 1159 1100 3589 1160 1101 3590 1152 1093 3591 1151 1092 3592 1161 1102 3593 1157 1098 3594 1161 1102 3595 1158 1099 3596 1152 1093 3597 1161 1102 3598 1157 1098 3599 1151 1092 3600 1160 1101 3601 1161 1102 3602 1155 1096 3603 1162 1103 3604 1143 1084 3605 1157 1098 3606 1156 1097 3607 1163 1104 3608 1153 1094 3609 1163 1104 3610 1156 1097 3611 1142 1083 3612 1164 1105 3613 1165 1105 3614 1160 1101 3615 1166 1106 3616 1161 1102 3617 1161 1102 3618 1166 1106 3619 1158 1099 3620 1167 1107 3621 1168 1108 3622 1169 1109 3623 1168 1108 3624 1170 1110 3625 1169 1109 3626 1168 1108 3627 1171 1111 3628 1170 1110 3629 1168 1108 3630 1172 1112 3631 1173 1113 3632 1173 1113 3633 1171 1111 3634 1168 1108 3635 1172 1112 3636 1174 1114 3637 1175 1114 3638 1176 1115 3639 1177 1116 3640 1178 1117 3641 1177 1116 3642 1179 1118 3643 1178 1117 3644 1177 1116 3645 1180 1119 3646 1179 1118 3647 1181 1120 3648 1182 1121 3649 1183 1122 3650 1182 1121 3651 1184 1123 3652 1183 1122 3653 1182 1121 3654 1185 1124 3655 1184 1123 3656 1183 1122 3657 1184 1123 3658 1186 1125 3659 1185 1124 3660 1187 1126 3661 1184 1123 3662 1186 1125 3663 1184 1123 3664 1188 1127 3665 1187 1126 3666 1189 1128 3667 1184 1123 3668 1187 1126 3669 1190 1129 3670 1189 1128 3671 1188 1127 3672 1184 1123 3673 1191 1130 3674 1191 1130 3675 1184 1123 3676 1189 1128 3677 1192 1131 3678 1193 1132 3679 1194 1133 3680 1193 1132 3681 1195 1134 3682 1194 1133 3683 1195 1134 3684 1196 1135 3685 1194 1133 3686 1195 1134 3687 1197 1136 3688 1196 1135 3689 1198 1137 3690 1199 1137 3691 1200 1137 3692 1201 1138 3693 1202 1138 3694 1203 1138 3695 1204 1139 3696 1205 1139 3697 1206 1139 3698 1207 1140 3699 1208 1141 3700 1209 1142 3701 1208 1141 3702 1210 1143 3703 1209 1142 3704 1208 1141 3705 1211 1144 3706 1210 1143 3707 1208 1141 3708 1212 1145 3709 1211 1144 3710 1213 1146 3711 1214 1147 3712 1215 1148 3713 1214 1147 3714 1216 1149 3715 1215 1148 3716 1216 1149 3717 1217 1150 3718 1215 1148 3719 1218 1151 3720 1219 1152 3721 1220 1153 3722 1219 1152 3723 1221 1154 3724 1220 1153 3725 1219 1152 3726 1222 1155 3727 1221 1154 3728 1222 1155 3729 1223 1156 3730 1221 1154 3731 1224 1157 3732 1225 1157 3733 1226 1157 3734 1227 1158 3735 1228 1158 3736 1229 1158 3737 1230 1159 3738 1231 1159 3739 1232 1159 3740 1233 1160 3741 1234 1161 3742 1235 1162 3743 1234 1161 3744 1236 1163 3745 1235 1162 3746 1236 1163 3747 1237 1164 3748 1235 1162 3749 1237 1164 3750 1238 1165 3751 1235 1162 3752 1239 1166 3753 1240 1167 3754 1241 1168 3755 1239 1166 3756 1241 1168 3757 1242 1169 3758 1240 1167 3759 1243 1170 3760 1241 1168 3761 1242 1169 3762 1241 1168 3763 1244 1171 3764 1241 1168 3765 1245 1172 3766 1244 1171 3767 1243 1170 3768 1245 1172 3769 1241 1168 3770 1246 1173 3771 1247 1174 3772 1248 1175 3773 1246 1173 3774 1248 1175 3775 1249 1176 3776 1247 1174 3777 1250 1177 3778 1248 1175 3779 1249 1176 3780 1248 1175 3781 1251 1178 3782 1248 1175 3783 1252 1179 3784 1251 1178 3785 1250 1177 3786 1252 1179 3787 1248 1175 3788 1253 1180 3789 1254 1181 3790 1255 1182 3791 1253 1180 3792 1255 1182 3793 1256 1183 3794 1254 1181 3795 1257 1184 3796 1255 1182 3797 1256 1183 3798 1255 1182 3799 1258 1185 3800 1255 1182 3801 1259 1186 3802 1258 1185 3803 1257 1184 3804 1259 1186 3805 1255 1182 3806 1260 1187 3807 1261 1188 3808 1262 1189 3809 1260 1187 3810 1262 1189 3811 1263 1190 3812 1261 1188 3813 1264 1191 3814 1262 1189 3815 1263 1190 3816 1262 1189 3817 1265 1192 3818 1264 1191 3819 1266 1193 3820 1262 1189 3821 1262 1189 3822 1266 1193 3823 1265 1192 3824 1267 1194 3825 1268 1195 3826 1269 1196 3827 1267 1194 3828 1269 1196 3829 1270 1197 3830 1268 1195 3831 1271 1198 3832 1269 1196 3833 1270 1197 3834 1269 1196 3835 1272 1199 3836 1269 1196 3837 1273 1200 3838 1272 1199 3839 1271 1198 3840 1273 1200 3841 1269 1196 3842 1274 1201 3843 1275 1202 3844 1276 1203 3845 1274 1201 3846 1276 1203 3847 1277 1204 3848 1275 1202 3849 1278 1205 3850 1276 1203 3851 1276 1203 3852 1279 1206 3853 1280 1207 3854 1278 1205 3855 1279 1206 3856 1276 1203 3857 1281 1208 3858 1282 1209 3859 1283 1210 3860 1281 1208 3861 1283 1210 3862 1284 1204 3863 1282 1209 3864 1285 1205 3865 1283 1210 3866 1284 1204 3867 1283 1210 3868 1286 1211 3869 1283 1210 3870 1287 1212 3871 1286 1211 3872 1285 1205 3873 1287 1212 3874 1283 1210 3875 1288 1213 3876 1289 1214 3877 1290 1215 3878 1288 1213 3879 1290 1215 3880 1291 1216 3881 1289 1214 3882 1292 1217 3883 1290 1215 3884 1291 1216 3885 1290 1215 3886 1293 1199 3887 1290 1215 3888 1294 1218 3889 1293 1199 3890 1295 1219 3891 1296 1220 3892 1297 1221 3893 1295 1219 3894 1298 1222 3895 1296 1220 3896 1297 1221 3897 1296 1220 3898 1299 1223 3899 1298 1222 3900 1300 1224 3901 1296 1220 3902 1301 1225 3903 1296 1220 3904 1300 1224 3905 1299 1223 3906 1296 1220 3907 1301 1225 3908 1302 1226 3909 1303 1227 3910 1304 1228 3911 1302 1226 3912 1304 1228 3913 1305 1229 3914 1303 1227 3915 1306 1230 3916 1304 1228 3917 1305 1229 3918 1304 1228 3919 1307 1231 3920 1304 1228 3921 1308 1232 3922 1307 1231 3923 1306 1230 3924 1308 1232 3925 1304 1228 3926 1306 1230 3927 1309 1233 3928 1308 1232 3929 1307 1231 3930 1308 1232 3931 1310 1234 3932 1306 1230 3933 1311 1235 3934 1309 1233 3935 1307 1231 3936 1310 1234 3937 1312 1236 3938 1308 1232 3939 1309 1233 3940 1313 1237 3941 1308 1232 3942 1313 1237 3943 1310 1234 3944 1311 1235 3945 1314 1238 3946 1309 1233 3947 1312 1236 3948 1310 1234 3949 1315 1239 3950 1313 1237 3951 1316 1240 3952 1310 1234 3953 1309 1233 3954 1317 1241 3955 1313 1237 3956 1314 1238 3957 1317 1241 3958 1309 1233 3959 1315 1239 3960 1310 1234 3961 1318 1242 3962 1316 1240 3963 1319 1243 3964 1310 1234 3965 1310 1234 3966 1319 1243 3967 1318 1242 3968 1320 1244 3969 1321 1245 3970 1322 1246 3971 1320 1244 3972 1322 1246 3973 1323 1247 3974 1321 1245 3975 1324 1248 3976 1322 1246 3977 1323 1247 3978 1322 1246 3979 1325 1249 3980 1324 1248 3981 1326 1250 3982 1322 1246 3983 1322 1246 3984 1326 1250 3985 1325 1249 3986 1323 1247 3987 1325 1249 3988 1327 1251 3989 1326 1250 3990 1328 1252 3991 1325 1249 3992 1323 1247 3993 1327 1251 3994 1329 1253 3995 1326 1250 3996 1330 1254 3997 1328 1252 3998 1325 1249 3999 1328 1252 4000 1331 1255 4001 1325 1249 4002 1331 1255 4003 1327 1251 4004 1329 1253 4005 1327 1251 4006 1332 1256 4007 1330 1254 4008 1333 1257 4009 1328 1252 4010 1331 1255 4011 1328 1252 4012 1334 1258 4013 1327 1251 4014 1335 1259 4015 1332 1256 4016 1335 1259 4017 1327 1251 4018 1331 1255 4019 1333 1257 4020 1336 1260 4021 1328 1252 4022 1337 1261 4023 1328 1252 4024 1336 1260 4025 1334 1258 4026 1328 1252 4027 1337 1261 4028 1338 1262 4029 1339 1263 4030 0 0 4031 1339 1263 4032 1 1 4033 0 0 4034 1339 1263 4035 3 3 4036 1 1 4037 2 2 4038 6 6 4039 12 12 4040 2 2 4041 12 12 4042 1340 1264 4043 1340 1264 4044 12 12 4045 1341 1265 4046 1340 1264 4047 1341 1265 4048 1342 1266 4049 11 11 4050 8 8 4051 1343 1267 4052 13 13 4053 21 21 4054 14 14 4055 1342 1266 4056 1341 1265 4057 1344 1268 4058 12 12 4059 11 11 4060 1345 1269 4061 11 11 4062 1343 1267 4063 1345 1269 4064 21 21 4065 1346 1270 4066 19 19 4067 12 12 4068 1345 1269 4069 1347 1271 4070 1341 1265 4071 1347 1271 4072 1344 1268 4073 12 12 4074 1347 1271 4075 1341 1265 4076 1343 1267 4077 8 8 4078 26 26 4079 25 25 4080 28 28 4081 20 20 4082 1346 1270 4083 29 29 4084 19 19 4085 1344 1268 4086 1347 1271 4087 1348 1272 4088 1345 1269 4089 1349 1273 4090 1347 1271 4091 1349 1273 4092 1345 1269 4093 1343 1267 4094 1349 1273 4095 1343 1267 4096 26 26 4097 1349 1273 4098 1348 1272 4099 1347 1271 4100 1349 1273 4101 26 26 4102 1348 1272 4103 29 29 4104 1350 1274 4105 25 25 4106 1346 1270 4107 1350 1274 4108 29 29 4109 26 26 4110 32 32 4111 1348 1272 4112 26 26 4113 24 24 4114 32 32 4115 1346 1270 4116 1351 1275 4117 1350 1274 4118 25 25 4119 1350 1274 4120 1352 1276 4121 1350 1274 4122 1351 1275 4123 1352 1276 4124 25 25 4125 1352 1276 4126 31 31 4127 32 32 4128 31 31 4129 1353 1277 4130 32 32 4131 1353 1277 4132 1354 1278 4133 1348 1272 4134 32 32 4135 1354 1278 4136 1351 1275 4137 1355 1279 4138 1352 1276 4139 31 31 4140 36 36 4141 1353 1277 4142 1354 1278 4143 1353 1277 4144 1356 1280 4145 1355 1279 4146 33 33 4147 1352 1276 4148 31 31 4149 33 33 4150 36 36 4151 31 31 4152 1352 1276 4153 33 33 4154 1353 1277 4155 1357 1281 4156 1356 1280 4157 1353 1277 4158 36 36 4159 1357 1281 4160 1355 1279 4161 34 34 4162 33 33 4163 36 36 4164 1358 1282 4165 1357 1281 4166 36 36 4167 35 35 4168 1358 1282 4169 1356 1280 4170 1357 1281 4171 1359 1283 4172 1358 1282 4173 35 35 4174 37 37 4175 1358 1282 4176 1360 1284 4177 1357 1281 4178 1358 1282 4179 37 37 4180 1360 1284 4181 34 34 4182 1361 1285 4183 35 35 4184 1362 1286 4185 1357 1281 4186 1360 1284 4187 1357 1281 4188 1362 1286 4189 1359 1283 4190 1359 1283 4191 1362 1286 4192 1363 1287 4193 38 38 4194 35 35 4195 1361 1285 4196 1364 1288 4197 39 39 4198 41 41 4199 45 45 4200 1365 1289 4201 40 40 4202 1366 1290 4203 1365 1289 4204 45 45 4205 45 45 4206 1367 1291 4207 1366 1290 4208 47 47 4209 1368 1292 4210 46 46 4211 47 47 4212 1369 1293 4213 1368 1292 4214 1369 1293 4215 1370 1294 4216 1368 1292 4217 1369 1293 4218 1371 1295 4219 1370 1294 4220 1371 1295 4221 1372 1296 4222 1370 1294 4223 1373 1297 4224 1374 1298 4225 1375 1299 4226 1374 1298 4227 1376 1300 4228 1375 1299 4229 1374 1298 4230 1377 1301 4231 1376 1300 4232 1377 1301 4233 1378 1302 4234 1379 1303 4235 1379 1303 4236 1376 1300 4237 1377 1301 4238 1380 1304 4239 1381 1305 4240 1382 1306 4241 1381 1305 4242 1383 1307 4243 1384 1308 4244 1384 1308 4245 1382 1306 4246 1381 1305 4247 1383 1307 4248 1381 1305 4249 1385 1309 4250 1386 1310 4251 1387 1311 4252 1388 1312 4253 1388 1312 4254 1389 1313 4255 1390 1314 4256 1388 1312 4257 1390 1314 4258 53 53 4259 1388 1312 4260 53 53 4261 55 55 4262 1391 1315 4263 1392 1316 4264 1393 1317 4265 1392 1316 4266 59 59 4267 1393 1317 4268 1393 1317 4269 59 59 4270 61 61 4271 1391 1315 4272 1394 1318 4273 1395 1319 4274 1391 1315 4275 1395 1319 4276 1392 1316 4277 1396 1320 4278 65 65 4279 57 57 4280 58 58 4281 56 56 4282 67 67 4283 1394 1318 4284 1397 1321 4285 1398 1322 4286 1395 1319 4287 1394 1318 4288 1398 1322 4289 1396 1320 4290 1399 1323 4291 65 65 4292 58 58 4293 67 67 4294 69 69 4295 58 58 4296 1400 1324 4297 63 63 4298 58 58 4299 69 69 4300 1400 1324 4301 1398 1322 4302 1397 1321 4303 1401 1325 4304 1402 1326 4305 71 71 4306 1403 1327 4307 1402 1326 4308 60 60 4309 71 71 4310 65 65 4311 88 88 4312 66 66 4313 68 68 4314 67 67 4315 77 77 4316 1400 1324 4317 69 69 4318 1404 1328 4319 1400 1324 4320 1404 1328 4321 1405 1329 4322 1397 1321 4323 1406 1330 4324 1401 1325 4325 65 65 4326 85 85 4327 88 88 4328 69 69 4329 91 91 4330 1404 1328 4331 69 69 4332 68 68 4333 91 91 4334 68 68 4335 89 89 4336 91 91 4337 74 74 4338 78 78 4339 1407 1331 4340 74 74 4341 1407 1331 4342 1408 1332 4343 68 68 4344 84 84 4345 90 90 4346 68 68 4347 90 90 4348 89 89 4349 79 79 4350 1409 1333 4351 78 78 4352 79 79 4353 1410 1334 4354 1409 1333 4355 78 78 4356 1411 1335 4357 1407 1331 4358 1407 1331 4359 1411 1335 4360 1412 1336 4361 1410 1334 4362 1413 1337 4363 1409 1333 4364 78 78 4365 1409 1333 4366 1414 1338 4367 78 78 4368 1414 1338 4369 1411 1335 4370 1409 1333 4371 1413 1337 4372 1414 1338 4373 1410 1334 4374 1415 1339 4375 1413 1337 4376 1411 1335 4377 1416 1340 4378 1417 1341 4379 1414 1338 4380 1416 1340 4381 1411 1335 4382 1414 1338 4383 1413 1337 4384 1416 1340 4385 1415 1339 4386 1418 1342 4387 1413 1337 4388 1418 1342 4389 1419 1343 4390 1413 1337 4391 1413 1337 4392 1419 1343 4393 1420 1344 4394 1421 1345 4395 1422 1346 4396 1423 1347 4397 1422 1346 4398 1424 1348 4399 1423 1347 4400 1422 1346 4401 1425 1349 4402 1424 1348 4403 1426 1350 4404 1427 1351 4405 1428 1352 4406 1426 1350 4407 1429 1353 4408 1427 1351 4409 1429 1353 4410 1430 1354 4411 1427 1351 4412 1430 1354 4413 1431 1355 4414 1427 1351 4415 1432 1356 4416 1433 1357 4417 1434 1358 4418 1432 1356 4419 1434 1358 4420 1435 1359 4421 1433 1357 4422 126 126 4423 125 125 4424 1433 1357 4425 125 125 4426 132 132 4427 1433 1357 4428 132 132 4429 1436 1360 4430 129 129 4431 137 137 4432 127 127 4433 133 133 4434 150 150 4435 129 129 4436 135 135 4437 1437 1361 4438 136 136 4439 129 129 4440 143 143 4441 137 137 4442 129 129 4443 150 150 4444 143 143 4445 143 143 4446 149 149 4447 147 147 4448 150 150 4449 1438 1362 4450 149 149 4451 135 135 4452 145 145 4453 162 162 4454 1439 1363 4455 1440 1364 4456 165 165 4457 135 135 4458 162 162 4459 160 160 4460 1439 1363 4461 164 164 4462 1441 1365 4463 1439 1363 4464 165 165 4465 164 164 4466 1442 1366 4467 1443 1367 4468 1444 1368 4469 169 169 4470 159 159 4471 173 173 4472 169 169 4473 173 173 4474 1445 1369 4475 1446 1370 4476 176 176 4477 166 166 4478 1446 1370 4479 1447 1371 4480 176 176 4481 1448 1372 4482 1449 1373 4483 1450 1374 4484 1447 1371 4485 1451 1375 4486 176 176 4487 176 176 4488 1451 1375 4489 1452 1376 4490 177 177 4491 176 176 4492 1453 1377 4493 176 176 4494 1452 1376 4495 1453 1377 4496 1451 1375 4497 1454 1378 4498 1452 1376 4499 177 177 4500 1453 1377 4501 1455 1379 4502 1453 1377 4503 1456 1380 4504 1455 1379 4505 1452 1376 4506 1454 1378 4507 1456 1380 4508 1453 1377 4509 1452 1376 4510 1456 1380 4511 1455 1379 4512 1456 1380 4513 1457 1381 4514 1456 1380 4515 1458 1382 4516 1457 1381 4517 1459 1383 4518 1460 1384 4519 1461 1385 4520 1460 1384 4521 1462 1386 4522 1461 1385 4523 1462 1386 4524 1463 1387 4525 1461 1385 4526 1464 1388 4527 191 191 4528 193 193 4529 193 193 4530 192 192 4531 1465 1389 4532 194 194 4533 195 195 4534 192 192 4535 192 192 4536 197 197 4537 1465 1389 4538 192 192 4539 195 195 4540 197 197 4541 1465 1389 4542 197 197 4543 199 199 4544 194 194 4545 202 202 4546 195 195 4547 199 199 4548 197 197 4549 214 214 4550 1465 1389 4551 199 199 4552 198 198 4553 194 194 4554 1466 1390 4555 202 202 4556 214 214 4557 197 197 4558 1467 1391 4559 197 197 4560 196 196 4561 1467 1391 4562 199 199 4563 214 214 4564 205 205 4565 199 199 4566 205 205 4567 200 200 4568 1466 1390 4569 1468 1392 4570 202 202 4571 1466 1390 4572 1469 1393 4573 1468 1392 4574 1467 1391 4575 196 196 4576 204 204 4577 1467 1391 4578 204 204 4579 211 211 4580 214 214 4581 208 208 4582 205 205 4583 200 200 4584 205 205 4585 207 207 4586 1469 1393 4587 1470 1394 4588 1468 1392 4589 202 202 4590 1471 1395 4591 201 201 4592 1467 1391 4593 211 211 4594 212 212 4595 1467 1391 4596 212 212 4597 214 214 4598 1470 1394 4599 1472 1396 4600 1468 1392 4601 202 202 4602 1468 1392 4603 1472 1396 4604 202 202 4605 1472 1396 4606 1471 1395 4607 201 201 4608 216 216 4609 196 196 4610 201 201 4611 1471 1395 4612 216 216 4613 214 214 4614 213 213 4615 208 208 4616 206 206 4617 1473 1397 4618 207 207 4619 1470 1394 4620 1474 1398 4621 1472 1396 4622 1471 1395 4623 1475 1399 4624 216 216 4625 1475 1399 4626 1474 1398 4627 215 215 4628 1475 1399 4629 1471 1395 4630 1472 1396 4631 1475 1399 4632 215 215 4633 216 216 4634 1475 1399 4635 1472 1396 4636 1474 1398 4637 1473 1397 4638 206 206 4639 1476 1400 4640 206 206 4641 217 217 4642 1476 1400 4643 215 215 4644 1474 1398 4645 221 221 4646 1476 1400 4647 217 217 4648 1477 1401 4649 1476 1400 4650 1477 1401 4651 1473 1397 4652 1473 1397 4653 1477 1401 4654 1478 1402 4655 1474 1398 4656 1479 1403 4657 221 221 4658 1477 1401 4659 1480 1404 4660 1478 1402 4661 1477 1401 4662 217 217 4663 1480 1404 4664 222 222 4665 1480 1404 4666 217 217 4667 1479 1403 4668 1481 1405 4669 221 221 4670 221 221 4671 1481 1405 4672 222 222 4673 1478 1402 4674 1480 1404 4675 1482 1406 4676 1479 1403 4677 1483 1407 4678 1481 1405 4679 222 222 4680 1481 1405 4681 1484 1408 4682 222 222 4683 1484 1408 4684 1485 1409 4685 1480 1404 4686 1485 1409 4687 1482 1406 4688 1480 1404 4689 222 222 4690 1485 1409 4691 1481 1405 4692 1486 1410 4693 1484 1408 4694 1483 1407 4695 1486 1410 4696 1481 1405 4697 1482 1406 4698 1485 1409 4699 1487 1411 4700 1483 1407 4701 1488 1412 4702 1486 1410 4703 1484 1408 4704 1489 1413 4705 1490 1414 4706 1484 1408 4707 1486 1410 4708 1489 1413 4709 1487 1411 4710 1490 1414 4711 1491 1415 4712 1488 1412 4713 1492 1416 4714 1486 1410 4715 1489 1413 4716 1493 1417 4717 1490 1414 4718 1494 1418 4719 1490 1414 4720 1493 1417 4721 1491 1415 4722 1490 1414 4723 1494 1418 4724 1488 1412 4725 1495 1419 4726 1492 1416 4727 1496 1420 4728 1493 1417 4729 1489 1413 4730 1486 1410 4731 1496 1420 4732 1489 1413 4733 1496 1420 4734 1486 1410 4735 1492 1416 4736 1497 1421 4737 223 223 4738 226 226 4739 224 224 4740 1498 1422 4741 225 225 4742 1498 1422 4743 1499 1423 4744 225 225 4745 1498 1422 4746 1500 1424 4747 1499 1423 4748 229 229 4749 1501 1425 4750 230 230 4751 1500 1424 4752 1502 1426 4753 1499 1423 4754 1501 1425 4755 1503 1427 4756 230 230 4757 1500 1424 4758 1504 1428 4759 1502 1426 4760 1505 1429 4761 1506 1430 4762 1507 1431 4763 1506 1430 4764 1508 1432 4765 1507 1431 4766 1509 1433 4767 1510 1434 4768 1511 1435 4769 1510 1434 4770 1512 1436 4771 1511 1435 4772 1510 1434 4773 1513 1437 4774 1512 1436 4775 1513 1437 4776 1514 1438 4777 1512 1436 4778 1515 1439 4779 1516 1440 4780 1517 1441 4781 1516 1440 4782 1518 1442 4783 1517 1441 4784 1519 1443 4785 1520 1444 4786 1521 1445 4787 1520 1444 4788 1522 1446 4789 1521 1445 4790 1520 1444 4791 1523 1447 4792 1522 1446 4793 245 245 4794 246 246 4795 1524 1448 4796 246 246 4797 247 247 4798 1525 1449 4799 1526 1450 4800 246 246 4801 1525 1449 4802 1524 1448 4803 246 246 4804 1526 1450 4805 247 247 4806 250 250 4807 1527 1451 4808 247 247 4809 1527 1451 4810 1525 1449 4811 252 252 4812 1528 1452 4813 250 250 4814 250 250 4815 1528 1452 4816 1527 1451 4817 1529 1453 4818 253 253 4819 255 255 4820 255 255 4821 254 254 4822 261 261 4823 255 255 4824 261 261 4825 268 268 4826 255 255 4827 268 268 4828 1530 1454 4829 1530 1454 4830 268 268 4831 273 273 4832 1530 1454 4833 273 273 4834 1531 1455 4835 268 268 4836 267 267 4837 272 272 4838 268 268 4839 272 272 4840 273 273 4841 329 329 4842 328 328 4843 332 332 4844 336 336 4845 345 345 4846 1532 1456 4847 337 337 4848 336 336 4849 1532 1456 4850 1532 1456 4851 345 345 4852 347 347 4853 1532 1456 4854 347 347 4855 357 357 4856 1532 1456 4857 357 357 4858 1533 1457 4859 336 336 4860 344 344 4861 354 354 4862 336 336 4863 354 354 4864 345 345 4865 389 389 4866 1534 1458 4867 392 392 4868 394 394 4869 1535 1459 4870 395 395 4871 1535 1459 4872 398 398 4873 395 395 4874 1535 1459 4875 396 396 4876 398 398 4877 401 401 4878 403 403 4879 402 402 4880 401 401 4881 1536 1460 4882 403 403 4883 1536 1460 4884 1537 1461 4885 403 403 4886 403 403 4887 1538 1462 4888 404 404 4889 1537 1461 4890 1538 1462 4891 403 403 4892 404 404 4893 1539 1463 4894 406 406 4895 1538 1462 4896 1539 1463 4897 404 404 4898 1539 1463 4899 1540 1464 4900 406 406 4901 406 406 4902 1540 1464 4903 408 408 4904 1541 1465 4905 418 418 4906 1542 1466 4907 1542 1466 4908 418 418 4909 1543 1467 4910 418 418 4911 417 417 4912 1543 1467 4913 1542 1466 4914 1543 1467 4915 1544 1468 4916 418 418 4917 1545 1469 4918 421 421 4919 1545 1469 4920 418 418 4921 1546 1470 4922 1545 1469 4923 1546 1470 4924 1547 1471 4925 1546 1470 4926 1548 1472 4927 1549 1472 4928 426 426 4929 433 433 4930 436 436 4931 434 434 4932 1550 1473 4933 1551 1474 4934 426 426 4935 438 438 4936 1552 1475 4937 434 434 4938 441 441 4939 431 431 4940 434 434 4941 1551 1474 4942 441 441 4943 1550 1473 4944 1553 1476 4945 1554 1477 4946 1552 1475 4947 438 438 4948 446 446 4949 426 426 4950 1552 1475 4951 1555 1478 4952 1551 1474 4953 444 444 4954 441 441 4955 1550 1473 4956 1554 1477 4957 1556 1479 4958 1550 1473 4959 1556 1479 4960 1551 1474 4961 1553 1476 4962 1557 1480 4963 1558 1481 4964 426 426 4965 1555 1478 4966 1559 1482 4967 1552 1475 4968 1560 1483 4969 1555 1478 4970 1552 1475 4971 446 446 4972 1560 1483 4973 1561 1484 4974 1551 1474 4975 1556 1479 4976 1551 1474 4977 1561 1484 4978 1562 1485 4979 1563 1486 4980 1557 1480 4981 1553 1476 4982 1550 1473 4983 1563 1486 4984 1553 1476 4985 1554 1477 4986 1564 1487 4987 1556 1479 4988 1558 1481 4989 454 454 4990 1553 1476 4991 1558 1481 4992 452 452 4993 454 454 4994 1560 1483 4995 446 446 4996 1565 1488 4997 450 450 4998 1565 1488 4999 446 446 5000 444 444 5001 451 451 5002 447 447 5003 1561 1484 5004 1556 1479 5005 1566 1489 5006 1567 1490 5007 451 451 5008 444 444 5009 444 444 5010 1551 1474 5011 1567 1490 5012 1562 1485 5013 1567 1490 5014 1551 1474 5015 1554 1477 5016 1553 1476 5017 457 457 5018 1553 1476 5019 454 454 5020 457 457 5021 1564 1487 5022 1568 1491 5023 1556 1479 5024 1556 1479 5025 1568 1491 5026 1566 1489 5027 1564 1487 5028 1554 1477 5029 1569 1492 5030 1554 1477 5031 457 457 5032 1569 1492 5033 1564 1487 5034 1569 1492 5035 1568 1491 5036 1568 1491 5037 1569 1492 5038 463 463 5039 1566 1489 5040 1568 1491 5041 463 463 5042 457 457 5043 456 456 5044 1569 1492 5045 1566 1489 5046 463 463 5047 462 462 5048 456 456 5049 461 461 5050 1570 1493 5051 1569 1492 5052 1570 1493 5053 463 463 5054 1569 1492 5055 456 456 5056 1570 1493 5057 458 458 5058 469 469 5059 455 455 5060 458 458 5061 1571 1494 5062 469 469 5063 1570 1493 5064 476 476 5065 463 463 5066 1571 1494 5067 1572 1495 5068 469 469 5069 1572 1495 5070 1573 1496 5071 469 469 5072 470 470 5073 1574 1497 5074 471 471 5075 1573 1496 5076 1575 1498 5077 1576 1499 5078 1574 1497 5079 479 479 5080 471 471 5081 469 469 5082 1577 1500 5083 470 470 5084 470 470 5085 1577 1500 5086 1574 1497 5087 469 469 5088 1573 1496 5089 1577 1500 5090 1575 1498 5091 1578 1501 5092 486 486 5093 1575 1498 5094 486 486 5095 483 483 5096 1575 1498 5097 483 483 5098 1576 1499 5099 1576 1499 5100 483 483 5101 485 485 5102 479 479 5103 1574 1497 5104 491 491 5105 479 479 5106 491 491 5107 490 490 5108 1573 1496 5109 1579 1502 5110 1577 1500 5111 1573 1496 5112 1576 1499 5113 1579 1502 5114 485 485 5115 484 484 5116 496 496 5117 1574 1497 5118 1580 1503 5119 491 491 5120 1581 1504 5121 1574 1497 5122 1577 1500 5123 1581 1504 5124 1580 1503 5125 1574 1497 5126 1581 1504 5127 1579 1502 5128 1580 1503 5129 1577 1500 5130 1579 1502 5131 1581 1504 5132 1576 1499 5133 1582 1505 5134 1579 1502 5135 485 485 5136 496 496 5137 501 501 5138 1579 1502 5139 1582 1505 5140 511 511 5141 1580 1503 5142 1579 1502 5143 511 511 5144 1580 1503 5145 511 511 5146 491 491 5147 1576 1499 5148 1583 1506 5149 1582 1505 5150 1576 1499 5151 485 485 5152 1584 1507 5153 485 485 5154 501 501 5155 1584 1507 5156 1584 1507 5157 1583 1506 5158 1576 1499 5159 509 509 5160 508 508 5161 1585 1508 5162 505 505 5163 513 513 5164 1586 1509 5165 1585 1508 5166 508 508 5167 521 521 5168 518 518 5169 505 505 5170 520 520 5171 522 522 5172 521 521 5173 520 520 5174 505 505 5175 1587 1510 5176 522 522 5177 1588 1511 5178 1589 1512 5179 543 536 5180 1589 1512 5181 541 534 5182 543 536 5183 545 538 5184 1590 1513 5185 544 537 5186 1591 1514 5187 568 555 5188 570 557 5189 1592 1515 5190 1593 1516 5191 573 560 5192 1593 1516 5193 1594 1517 5194 1595 1518 5195 1593 1516 5196 1595 1518 5197 573 560 5198 1595 1518 5199 571 558 5200 573 560 5201 577 564 5202 1596 1519 5203 573 560 5204 577 564 5205 1597 1520 5206 1596 1519 5207 1596 1519 5208 1598 1521 5209 1599 1521 5210 582 569 5211 1600 1522 5212 581 568 5213 1600 1522 5214 591 577 5215 581 568 5216 1600 1522 5217 1601 1523 5218 591 577 5219 1601 1523 5220 1602 1508 5221 592 578 5222 1601 1523 5223 592 578 5224 591 577 5225 581 568 5226 594 580 5227 588 574 5228 1602 1508 5229 1603 1524 5230 592 578 5231 581 568 5232 591 577 5233 593 579 5234 581 568 5235 593 579 5236 594 580 5237 589 575 5238 1604 1525 5239 1605 1526 5240 1603 1524 5241 600 586 5242 592 578 5243 1603 1524 5244 603 589 5245 600 586 5246 589 575 5247 599 585 5248 1604 1525 5249 1605 1526 5250 1606 1527 5251 1607 1528 5252 1604 1525 5253 599 585 5254 605 591 5255 1605 1526 5256 1608 1529 5257 1606 1527 5258 1605 1526 5259 1604 1525 5260 1608 1529 5261 1605 1526 5262 1607 1528 5263 1609 1530 5264 1607 1528 5265 1610 1531 5266 1609 1530 5267 1606 1527 5268 1608 1529 5269 1611 1532 5270 1610 1531 5271 1607 1528 5272 1612 1533 5273 1604 1525 5274 1613 1534 5275 1608 1529 5276 606 592 5277 1614 1507 5278 605 591 5279 605 591 5280 1614 1507 5281 1604 1525 5282 1606 1527 5283 1615 1535 5284 1607 1528 5285 1611 1532 5286 1608 1529 5287 1616 1536 5288 1607 1528 5289 1615 1535 5290 608 593 5291 1612 1533 5292 1607 1528 5293 608 593 5294 1608 1529 5295 1617 1537 5296 1616 1536 5297 1613 1534 5298 1617 1537 5299 1608 1529 5300 1604 1525 5301 1618 1506 5302 1613 1534 5303 1614 1507 5304 1618 1506 5305 1604 1525 5306 1606 1527 5307 1619 1538 5308 1615 1535 5309 1611 1532 5310 1616 1536 5311 1619 1538 5312 1606 1527 5313 1611 1532 5314 1619 1538 5315 1612 1533 5316 608 593 5317 607 452 5318 1617 1537 5319 610 510 5320 613 595 5321 1616 1536 5322 1617 1537 5323 613 595 5324 1616 1536 5325 613 595 5326 1619 1538 5327 1615 1535 5328 615 597 5329 608 593 5330 1615 1535 5331 1619 1538 5332 615 597 5333 1619 1538 5334 613 595 5335 617 599 5336 1619 1538 5337 617 599 5338 615 597 5339 617 599 5340 613 595 5341 623 604 5342 620 602 5343 614 596 5344 627 608 5345 620 602 5346 627 608 5347 1620 1539 5348 625 606 5349 1621 1540 5350 1622 1541 5351 626 607 5352 625 606 5353 1622 1541 5354 1620 1539 5355 627 608 5356 1623 1542 5357 625 606 5358 634 615 5359 1621 1540 5360 1622 1541 5361 1624 1543 5362 1625 1544 5363 1623 1542 5364 627 608 5365 1626 1545 5366 627 608 5367 1627 1546 5368 1626 1545 5369 626 607 5370 1627 1546 5371 627 608 5372 626 607 5373 1622 1541 5374 1627 1546 5375 1622 1541 5376 1625 1544 5377 1627 1546 5378 1621 1540 5379 640 620 5380 642 622 5381 1622 1541 5382 642 622 5383 1624 1543 5384 1622 1541 5385 1621 1540 5386 642 622 5387 1626 1545 5388 650 628 5389 1628 1547 5390 1624 1543 5391 642 622 5392 645 623 5393 1626 1545 5394 1627 1546 5395 1629 1548 5396 1624 1543 5397 1629 1548 5398 1625 1544 5399 1626 1545 5400 1629 1548 5401 650 628 5402 1627 1546 5403 1625 1544 5404 1629 1548 5405 1624 1543 5406 645 623 5407 1629 1548 5408 1628 1547 5409 646 624 5410 1630 1549 5411 1629 1548 5412 645 623 5413 1631 1550 5414 1629 1548 5415 1631 1550 5416 650 628 5417 1628 1547 5418 649 627 5419 646 624 5420 1628 1547 5421 650 628 5422 649 627 5423 1631 1550 5424 1632 1485 5425 650 628 5426 1632 1485 5427 1633 1551 5428 650 628 5429 650 628 5430 1633 1551 5431 651 629 5432 1633 1551 5433 1634 1552 5434 651 629 5435 1634 1552 5436 664 641 5437 651 629 5438 651 629 5439 664 641 5440 656 633 5441 1634 1552 5442 665 448 5443 664 641 5444 659 636 5445 1635 1553 5446 662 639 5447 669 645 5448 1636 1554 5449 672 648 5450 671 647 5451 673 445 5452 672 648 5453 659 636 5454 671 647 5455 675 650 5456 671 647 5457 672 648 5458 675 650 5459 1636 1554 5460 674 649 5461 672 648 5462 659 636 5463 675 650 5464 676 651 5465 659 636 5466 676 651 5467 1637 1555 5468 1638 1556 5469 1639 1557 5470 1640 1558 5471 1639 1557 5472 1641 1559 5473 695 661 5474 1640 1558 5475 1639 1557 5476 698 664 5477 697 663 5478 696 662 5479 1642 1560 5480 1643 1561 5481 700 666 5482 702 668 5483 1644 1562 5484 725 683 5485 727 685 5486 1645 1563 5487 1646 1564 5488 1647 1565 5489 1646 1564 5490 730 688 5491 732 690 5492 1646 1564 5493 732 690 5494 1647 1565 5495 1647 1565 5496 732 690 5497 1648 1566 5498 1647 1565 5499 1648 1566 5500 1649 1567 5501 732 690 5502 1650 1568 5503 1648 1566 5504 732 690 5505 738 696 5506 1650 1568 5507 1649 1567 5508 740 698 5509 742 700 5510 1648 1566 5511 1650 1568 5512 746 704 5513 1650 1568 5514 744 702 5515 746 704 5516 1650 1568 5517 738 696 5518 744 702 5519 738 696 5520 737 695 5521 744 702 5522 1649 1567 5523 742 700 5524 1651 1569 5525 1648 1566 5526 746 704 5527 1652 1570 5528 1651 1569 5529 742 700 5530 753 711 5531 1652 1570 5532 1653 1571 5533 747 705 5534 1652 1570 5535 746 704 5536 1653 1571 5537 1651 1569 5538 753 711 5539 756 714 5540 747 705 5541 1654 1572 5542 748 706 5543 747 705 5544 1653 1571 5545 1654 1572 5546 746 704 5547 754 712 5548 1653 1571 5549 745 703 5550 754 712 5551 746 704 5552 745 703 5553 751 709 5554 754 712 5555 748 706 5556 1654 1572 5557 1655 1573 5558 1654 1572 5559 1656 1574 5560 1655 1573 5561 1653 1571 5562 754 712 5563 1657 1575 5564 1653 1571 5565 1657 1575 5566 1654 1572 5567 1654 1572 5568 1657 1575 5569 765 723 5570 1654 1572 5571 765 723 5572 1656 1574 5573 1656 1574 5574 765 723 5575 1658 1576 5576 1659 1577 5577 765 723 5578 1657 1575 5579 754 712 5580 750 708 5581 1659 1577 5582 1659 1577 5583 1657 1575 5584 754 712 5585 1659 1577 5586 750 708 5587 765 723 5588 748 706 5589 1655 1573 5590 768 726 5591 1658 1576 5592 782 740 5593 1660 1578 5594 1656 1574 5595 778 736 5596 1655 1573 5597 1655 1573 5598 778 736 5599 768 726 5600 1658 1576 5601 1660 1578 5602 778 736 5603 1658 1576 5604 778 736 5605 1656 1574 5606 1660 1578 5607 782 740 5608 1661 1579 5609 782 740 5610 1662 1580 5611 1661 1579 5612 1660 1578 5613 1661 1579 5614 790 748 5615 1660 1578 5616 790 748 5617 778 736 5618 778 736 5619 790 748 5620 779 737 5621 765 723 5622 770 728 5623 781 739 5624 765 723 5625 781 739 5626 780 738 5627 770 728 5628 785 743 5629 781 739 5630 1662 1580 5631 1663 1581 5632 1661 1579 5633 790 748 5634 1661 1579 5635 1664 1582 5636 782 740 5637 1665 1583 5638 1662 1580 5639 785 743 5640 794 752 5641 793 751 5642 1661 1579 5643 1666 1584 5644 1664 1582 5645 1663 1581 5646 1666 1584 5647 1661 1579 5648 790 748 5649 1664 1582 5650 804 762 5651 790 748 5652 804 762 5653 791 749 5654 782 740 5655 793 751 5656 799 757 5657 1665 1583 5658 782 740 5659 799 757 5660 1665 1583 5661 799 757 5662 806 764 5663 1667 1585 5664 809 767 5665 811 769 5666 813 771 5667 818 776 5668 814 772 5669 813 771 5670 815 773 5671 818 776 5672 814 772 5673 821 779 5674 820 778 5675 818 776 5676 817 775 5677 1668 1586 5678 818 776 5679 1668 1586 5680 825 783 5681 818 776 5682 825 783 5683 814 772 5684 814 772 5685 825 783 5686 821 779 5687 817 775 5688 819 777 5689 1669 1587 5690 1669 1587 5691 824 782 5692 1668 1586 5693 1669 1587 5694 1668 1586 5695 817 775 5696 1669 1587 5697 819 777 5698 824 782 5699 825 783 5700 1670 1588 5701 826 784 5702 822 780 5703 821 779 5704 828 786 5705 1668 1586 5706 824 782 5707 833 791 5708 830 788 5709 829 787 5710 833 791 5711 830 788 5712 833 791 5713 824 782 5714 1668 1586 5715 833 791 5716 825 783 5717 1671 1589 5718 825 783 5719 833 791 5720 825 783 5721 1671 1589 5722 1670 1588 5723 1671 1589 5724 833 791 5725 1672 1590 5726 1670 1588 5727 1671 1589 5728 1672 1590 5729 833 791 5730 832 790 5731 1672 1590 5732 1670 1588 5733 1672 1590 5734 1673 1591 5735 835 793 5736 1674 1592 5737 836 794 5738 835 793 5739 1675 1593 5740 1674 1592 5741 1675 1593 5742 1676 1594 5743 1674 1592 5744 1677 1595 5745 1678 1596 5746 1679 1597 5747 1678 1596 5748 837 795 5749 839 797 5750 1679 1597 5751 1680 1598 5752 847 805 5753 1678 1596 5754 839 797 5755 841 799 5756 1679 1597 5757 847 805 5758 846 804 5759 1680 1598 5760 848 806 5761 850 808 5762 1679 1597 5763 846 804 5764 1681 1599 5765 846 804 5766 845 803 5767 1681 1599 5768 847 805 5769 1682 1600 5770 845 803 5771 1680 1598 5772 1683 1601 5773 847 805 5774 847 805 5775 1683 1601 5776 1682 1600 5777 1679 1597 5778 1681 1599 5779 1684 1602 5780 850 808 5781 849 807 5782 1685 1603 5783 1685 1603 5784 849 807 5785 1686 1604 5786 849 807 5787 863 821 5788 1686 1604 5789 863 821 5790 1687 1605 5791 1686 1604 5792 863 821 5793 870 828 5794 1687 1605 5795 1686 1604 5796 1688 1606 5797 1689 1607 5798 1687 1605 5799 870 828 5800 878 836 5801 1687 1605 5802 878 836 5803 1690 1608 5804 1688 1606 5805 1690 1608 5806 1689 1607 5807 1686 1604 5808 1689 1607 5809 1691 1609 5810 878 836 5811 883 841 5812 1690 1608 5813 878 836 5814 877 835 5815 883 841 5816 1689 1607 5817 1692 1610 5818 1691 1609 5819 1690 1608 5820 883 841 5821 885 843 5822 1689 1607 5823 1693 1611 5824 1692 1610 5825 1693 1611 5826 1689 1607 5827 1690 1608 5828 884 842 5829 883 841 5830 1694 1612 5831 1694 1612 5832 883 841 5833 887 845 5834 1695 1613 5835 1696 1614 5836 892 850 5837 1696 1614 5838 1697 1615 5839 892 850 5840 1697 1615 5841 890 848 5842 892 850 5843 1698 1616 5844 1699 1617 5845 895 853 5846 1699 1617 5847 1700 1618 5848 895 853 5849 1700 1618 5850 893 851 5851 895 853 5852 1701 1619 5853 1702 1620 5854 1703 1621 5855 1702 1620 5856 1704 1622 5857 1703 1621 5858 1705 1623 5859 1706 1624 5860 1707 1625 5861 1706 1624 5862 1708 1626 5863 1707 1625 5864 1708 1626 5865 1709 1627 5866 1710 1627 5867 1708 1626 5868 1710 1627 5869 1711 1628 5870 1707 1625 5871 1708 1626 5872 1711 1628 5873 1707 1625 5874 1711 1628 5875 1712 1629 5876 1713 1630 5877 1714 1631 5878 1715 1632 5879 1714 1631 5880 898 856 5881 1715 1632 5882 1714 1631 5883 896 854 5884 898 856 5885 1277 1204 5886 1276 1203 5887 1280 1207 5888 1292 1217 5889 1294 1218 5890 1290 1215 5891 1716 1633 5892 1380 1304 5893 1382 1306 5894 1717 1634 5895 1718 1635 5896 1386 1310 5897 1718 1635 5898 1387 1311 5899 1386 1310 5900 1718 1635 5901 1719 1636 5902 1387 1311 5903 1719 1636 5904 1720 1637 5905 1721 1638 5906 1387 1311 5907 1389 1313 5908 1388 1312 5909 1719 1636 5910 1722 1639 5911 1387 1311 5912 1719 1636 5913 1721 1638 5914 1722 1639 5915 1720 1637 5916 1391 1315 5917 1393 1317 5918 1721 1638 5919 1720 1637 5920 1393 1317 5921 1389 1313 5922 1723 1640 5923 1390 1314 5924 1722 1639 5925 1721 1638 5926 1724 1641 5927 1722 1639 5928 1725 1642 5929 1387 1311 5930 1722 1639 5931 1724 1641 5932 1725 1642 5933 1387 1311 5934 1725 1642 5935 1389 1313 5936 1390 1314 5937 1723 1640 5938 1726 1643 5939 1390 1314 5940 1726 1643 5941 53 53 5942 1723 1640 5943 1727 1644 5944 1726 1643 5945 1720 1637 5946 1394 1318 5947 1391 1315 5948 1389 1313 5949 1725 1642 5950 1728 1645 5951 1389 1313 5952 1728 1645 5953 1723 1640 5954 1725 1642 5955 1724 1641 5956 1728 1645 5957 1721 1638 5958 1393 1317 5959 61 61 5960 1721 1638 5961 61 61 5962 1724 1641 5963 1727 1644 5964 1396 1320 5965 1726 1643 5966 1726 1643 5967 1396 1320 5968 57 57 5969 1726 1643 5970 57 57 5971 53 53 5972 1720 1637 5973 1729 1646 5974 1394 1318 5975 1723 1640 5976 1728 1645 5977 1730 1647 5978 1723 1640 5979 1730 1647 5980 1727 1644 5981 1728 1645 5982 1403 1327 5983 1730 1647 5984 1724 1641 5985 1403 1327 5986 1728 1645 5987 1729 1646 5988 1397 1321 5989 1394 1318 5990 1729 1646 5991 1731 1648 5992 1397 1321 5993 61 61 5994 1402 1326 5995 1724 1641 5996 61 61 5997 60 60 5998 1402 1326 5999 1724 1641 6000 1402 1326 6001 1403 1327 6002 1730 1647 6003 1403 1327 6004 1732 1649 6005 1731 1648 6006 1733 1650 6007 1397 1321 6008 1732 1649 6009 1403 1327 6010 1734 1651 6011 1733 1650 6012 1406 1330 6013 1397 1321 6014 71 71 6015 1408 1332 6016 1403 1327 6017 1403 1327 6018 1408 1332 6019 1734 1651 6020 71 71 6021 74 74 6022 1408 1332 6023 1734 1651 6024 1408 1332 6025 1407 1331 6026 1734 1651 6027 1407 1331 6028 1412 1336 6029 1412 1336 6030 1411 1335 6031 1417 1341 6032 1416 1340 6033 1413 1337 6034 1420 1344 6035 1735 1652 6036 1426 1350 6037 1428 1352 6038 1736 1653 6039 1432 1356 6040 1435 1359 6041 1434 1358 6042 1433 1357 6043 1436 1360 6044 1435 1359 6045 1434 1358 6046 1737 1654 6047 1434 1358 6048 1436 1360 6049 1738 1655 6050 1434 1358 6051 1739 1656 6052 1737 1654 6053 1434 1358 6054 1738 1655 6055 1739 1656 6056 132 132 6057 1740 1657 6058 1436 1360 6059 132 132 6060 131 131 6061 1740 1657 6062 1739 1656 6063 1741 1658 6064 1737 1654 6065 1739 1656 6066 1742 1659 6067 1741 1658 6068 1738 1655 6069 1742 1659 6070 1739 1656 6071 1740 1657 6072 131 131 6073 1743 1660 6074 1436 1360 6075 1744 1661 6076 1738 1655 6077 1738 1655 6078 1744 1661 6079 1742 1659 6080 1436 1360 6081 1740 1657 6082 1744 1661 6083 131 131 6084 128 128 6085 136 136 6086 131 131 6087 136 136 6088 1743 1660 6089 1737 1654 6090 1741 1658 6091 1745 1662 6092 1742 1659 6093 1441 1365 6094 1741 1658 6095 1740 1657 6096 1743 1660 6097 1746 1663 6098 1740 1657 6099 1746 1663 6100 1744 1661 6101 1741 1658 6102 1441 1365 6103 1747 1664 6104 1745 1662 6105 1741 1658 6106 1747 1664 6107 1744 1661 6108 1746 1663 6109 1440 1364 6110 1742 1659 6111 1744 1661 6112 1440 1364 6113 1742 1659 6114 1439 1363 6115 1441 1365 6116 1742 1659 6117 1440 1364 6118 1439 1363 6119 1745 1662 6120 1747 1664 6121 1444 1368 6122 1746 1663 6123 1748 1665 6124 1440 1364 6125 1441 1365 6126 1749 1666 6127 1747 1664 6128 1745 1662 6129 1444 1368 6130 1750 1667 6131 1748 1665 6132 1751 1668 6133 1440 1364 6134 1441 1365 6135 164 164 6136 1749 1666 6137 1747 1664 6138 1749 1666 6139 1442 1366 6140 1747 1664 6141 1442 1366 6142 1444 1368 6143 1745 1662 6144 1750 1667 6145 1752 1669 6146 1751 1668 6147 1753 1670 6148 1440 1364 6149 1440 1364 6150 1753 1670 6151 165 165 6152 1444 1368 6153 1443 1367 6154 1750 1667 6155 1752 1669 6156 1750 1667 6157 1448 1372 6158 1751 1668 6159 1447 1371 6160 1753 1670 6161 1753 1670 6162 1447 1371 6163 1446 1370 6164 165 165 6165 1446 1370 6166 166 166 6167 165 165 6168 1753 1670 6169 1446 1370 6170 1752 1669 6171 1448 1372 6172 1754 1671 6173 1751 1668 6174 1755 1672 6175 1447 1371 6176 1450 1374 6177 1754 1671 6178 1448 1372 6179 1755 1672 6180 1451 1375 6181 1447 1371 6182 1755 1672 6183 1756 1673 6184 1451 1375 6185 1756 1673 6186 1454 1378 6187 1451 1375 6188 1454 1378 6189 1757 1674 6190 1456 1380 6191 1757 1674 6192 1758 1675 6193 1456 1380 6194 1758 1675 6195 1458 1382 6196 1456 1380 6197 1485 1409 6198 1484 1408 6199 1490 1414 6200 1485 1409 6201 1490 1414 6202 1487 1411 6203</p>
        </polylist>
      </mesh>
    </geometry>
  </library_geometries>
  <library_controllers>
    <controller id="Armature_C01_Gun_Ch-skin" name="Armature">
      <skin source="#C01_Gun_Ch-mesh">
        <bind_shape_matrix>1 0 0 0 0 -1.62921e-7 -1 0 0 1 -1.62921e-7 0 0 0 0 1</bind_shape_matrix>
        <source id="Armature_C01_Gun_Ch-skin-joints">
          <Name_array id="Armature_C01_Gun_Ch-skin-joints-array" count="24">DC_Root C01_Master_SKN C01_Spine_SKN C01_Spine1_SKN C01_Head_SKN L01_UpperArm_SKN L01_Forearm_SKN L01_Hand_SKN L01_Shoulder_SKN R01_UpperArm_SKN R01_Forearm_SKN R01_Shoulder_SKN L01_Thigh_SKN L01_Calf_SKN L01_Foot_SKN R01_Thigh_SKN R01_Calf_SKN R01_Foot_SKN DC_FX DC_FXMuzzle DC_Floor DC_Grab DC_Shot DC_RootMotion</Name_array>
          <technique_common>
            <accessor source="#Armature_C01_Gun_Ch-skin-joints-array" count="24" stride="1">
              <param name="JOINT" type="name"/>
            </accessor>
          </technique_common>
        </source>
        <source id="Armature_C01_Gun_Ch-skin-bind_poses">
          <float_array id="Armature_C01_Gun_Ch-skin-bind_poses-array" count="384">1 0 0 0 0 -1.62921e-7 1 0 0 -1 -1.62921e-7 0 0 0 0 1 0 -2.39558e-6 1 -10.04781 1 0 0 -3.61514e-6 0 1 2.23517e-6 2.879249 0 0 0 1 -0.9994801 -0.03222358 -9.96608e-4 -0.2179427 -2.70801e-6 -0.03083086 0.9995247 -28.0938 -0.03223901 0.999005 0.03081417 6.758573 0 0 0 1 0 0.1418089 0.9898942 -43.1947 0.9999999 0 0 5.91144e-5 0 0.989894 -0.1418085 14.41833 0 0 0 1 0 -0.1123474 0.9936693 -79.86094 0.9999999 0 0 8.61605e-5 0 0.993669 0.112342 -7.821286 0 0 0 1 0.387692 0.06728005 -0.9193305 49.80326 0.9215324 -0.05180311 0.3848296 -49.61762 -0.0217328 -0.9963883 -0.08208447 6.574747 0 0 0 1 -0.9036107 0.04173022 -0.4263167 51.91257 0.4257481 -0.02212452 -0.9045713 4.795818 -0.04718005 -0.9988839 0.002225339 5.484498 0 0 0 1 0.3819916 0.03451418 -0.9235212 -28.96532 0.1454192 0.9846091 0.09694629 -10.77343 0.912653 -0.1713303 0.3710933 -52.46479 0 0 0 1 0.9883951 0.1210938 -0.09171044 -20.32714 0.1216056 -0.9925785 -6.00144e-6 -2.604285 -0.09103 -0.01114648 -0.9957858 67.55245 0 0 0 1 -0.4080508 0.06506252 -0.9106377 48.69514 0.9127978 0.04781365 -0.4056027 50.74724 0.01715135 -0.9967351 -0.07889938 6.244839 0 0 0 1 -0.404974 -0.01826304 -0.9141459 5.97318 0.9127429 0.05077105 -0.4053668 51.73944 0.05381542 -0.9985433 -0.003891527 5.944494 0 0 0 1 0.9883949 -0.1210897 0.09171706 20.3269 -0.1216021 -0.9925785 -4.35859e-7 -2.604515 0.09103655 -0.0111528 -0.9957848 67.56873 0 0 0 1 -0.7085756 0.7056223 0.004198551 13.29166 0.004015326 0.009982109 -0.9999421 10.01192 -0.7056234 -0.7085177 -0.009906351 9.314648 0 0 0 1 -0.9980594 -0.06173664 -0.008129477 15.61389 0.00121051 0.1112862 -0.9937877 -49.22093 0.06225782 -0.9918687 -0.1109954 -8.79523 0 0 0 1 -4.08929e-7 -3.71883e-6 -0.9999999 -109.771 -0.9999997 0 -3.27826e-7 16.26384 0 1 -3.76627e-6 -4.437896 0 0 0 1 -0.6951032 -0.7188968 -0.004383265 -13.11322 -0.004018485 0.009982228 -0.9999424 10.01182 0.7188987 -0.6950454 -0.009827554 9.564401 0 0 0 1 -0.9871341 -0.1590306 -0.01660603 -17.17202 -0.001210868 0.1112859 -0.9937878 -49.22087 0.1598905 -0.9809815 -0.1100468 -5.126418 0 0 0 1 0 1.31031e-6 -1 -109.771 -1 -1.78814e-7 -1.78814e-7 -16.26412 0 1 1.44169e-6 -4.437286 0 0 0 1 1 0 0 0 0 -1.62921e-7 1 126.61 0 -1 -1.62921e-7 0 0 0 0 1 1 0 0 0 0 -1.62921e-7 1 126.61 0 -1 -1.62921e-7 0 0 0 0 1 1 0 0 0 0 -1.62921e-7 1 126.61 0 -1 -1.62921e-7 0 0 0 0 1 1 0 0 0 0 -1 -1.62921e-7 -7.817e-5 0 1.62921e-7 -1 -126.61 0 0 0 1 1 0 0 0 0 -1.63913e-7 1 -14.3078 0 -1 -1.62921e-7 -94.7481 0 0 0 1 1 0 0 0 0 -1.62921e-7 1 0 0 -1 -1.62921e-7 0 0 0 0 1</float_array>
          <technique_common>
            <accessor source="#Armature_C01_Gun_Ch-skin-bind_poses-array" count="24" stride="16">
              <param name="TRANSFORM" type="float4x4"/>
            </accessor>
          </technique_common>
        </source>
        <source id="Armature_C01_Gun_Ch-skin-weights">
          <float_array id="Armature_C01_Gun_Ch-skin-weights-array" count="230">1 1 1 1 1 1 1 1 1 1 1 1 1 1 1 1 1 1 1 1 1 1 1 1 1 1 1 1 1 1 1 1 1 1 1 1 1 1 1 1 1 1 1 1 1 1 1 1 1 1 1 1 1 1 1 1 1 1 1 1 1 1 1 1 1 1 1 1 1 1 1 1 1 1 1 1 1 1 1 1 1 1 1 1 1 1 1 1 1 1 1 1 1 1 1 1 1 1 1 1 1 1 1 1 1 1 1 1 1 1 1 1 1 1 1 1 1 1 1 1 1 1 1 1 1 1 1 1 1 1 1 1 1 1 1 1 1 1 1 1 1 1 1 1 1 1 1 1 1 1 1 1 1 1 1 1 1 1 1 1 1 1 1 1 1 1 1 1 1 1 1 1 1 1 1 1 1 1 1 1 1 1 1 1 1 1 1 1 1 1 1 1 1 1 1 1 1 1 1 1 1 1 1 1 1 1 1 1 1 1 1 1 1 1 1 1 1 1 1 1 1 1 1 1 1 1 1 1 1 1</float_array>
          <technique_common>
            <accessor source="#Armature_C01_Gun_Ch-skin-weights-array" count="230" stride="1">
              <param name="WEIGHT" type="float"/>
            </accessor>
          </technique_common>
        </source>
        <joints>
          <input semantic="JOINT" source="#Armature_C01_Gun_Ch-skin-joints"/>
          <input semantic="INV_BIND_MATRIX" source="#Armature_C01_Gun_Ch-skin-bind_poses"/>
        </joints>
        <vertex_weights count="230">
          <input semantic="JOINT" source="#Armature_C01_Gun_Ch-skin-joints" offset="0"/>
          <input semantic="WEIGHT" source="#Armature_C01_Gun_Ch-skin-weights" offset="1"/>
          <vcount>1 1 1 1 1 1 1 1 1 1 1 1 1 1 1 1 1 1 1 1 1 1 1 1 1 1 1 1 1 1 1 1 1 1 1 1 1 1 1 1 1 1 1 1 1 1 1 1 1 1 1 1 1 1 1 1 1 1 1 1 1 1 1 1 1 1 1 1 1 1 1 1 1 1 1 1 1 1 1 1 1 1 1 1 1 1 1 1 1 1 1 1 1 1 1 1 1 1 1 1 1 1 1 1 1 1 1 1 1 1 1 1 1 1 1 1 1 1 1 1 1 1 1 1 1 1 1 1 1 1 1 1 1 1 1 1 1 1 1 1 1 1 1 1 1 1 1 1 1 1 1 1 1 1 1 1 1 1 1 1 1 1 1 1 1 1 1 1 1 1 1 1 1 1 1 1 1 1 1 1 1 1 1 1 1 1 1 1 1 1 1 1 1 1 1 1 1 1 1 1 1 1 1 1 1 1 1 1 1 1 1 1 1 1 1 1 1 1 1 1 1 1 1 1 1 1 1 1 1 1 </vcount>
          <v>10 0 10 1 10 2 10 3 10 4 10 5 10 6 10 7 10 8 10 9 10 10 10 11 10 12 10 13 10 14 10 15 10 16 10 17 10 18 10 19 10 20 10 21 10 22 10 23 10 24 10 25 10 26 10 27 10 28 10 29 10 30 10 31 10 32 10 33 10 34 10 35 10 36 10 37 10 38 10 39 10 40 10 41 10 42 10 43 10 44 10 45 10 46 10 47 10 48 10 49 10 50 10 51 10 52 10 53 10 54 10 55 10 56 10 57 10 58 10 59 10 60 10 61 10 62 10 63 10 64 10 65 10 66 10 67 10 68 10 69 10 70 10 71 10 72 10 73 10 74 10 75 10 76 10 77 10 78 10 79 10 80 10 81 10 82 10 83 10 84 10 85 10 86 10 87 10 88 10 89 10 90 10 91 10 92 10 93 10 94 10 95 10 96 10 97 10 98 10 99 10 100 10 101 10 102 10 103 10 104 10 105 10 106 10 107 10 108 10 109 10 110 10 111 10 112 10 113 10 114 10 115 10 116 10 117 10 118 10 119 10 120 10 121 10 122 10 123 10 124 10 125 10 126 10 127 10 128 10 129 10 130 10 131 10 132 10 133 10 134 10 135 10 136 10 137 10 138 10 139 10 140 10 141 10 142 10 143 10 144 10 145 10 146 10 147 10 148 10 149 10 150 10 151 10 152 10 153 10 154 10 155 10 156 10 157 10 158 10 159 10 160 10 161 10 162 10 163 10 164 10 165 10 166 10 167 10 168 10 169 10 170 10 171 10 172 10 173 10 174 10 175 10 176 10 177 10 178 10 179 10 180 10 181 10 182 10 183 10 184 10 185 10 186 10 187 10 188 10 189 10 190 10 191 10 192 10 193 10 194 10 195 10 196 10 197 10 198 10 199 10 200 10 201 10 202 10 203 10 204 10 205 10 206 10 207 10 208 10 209 10 210 10 211 10 212 10 213 10 214 10 215 10 216 10 217 10 218 10 219 10 220 10 221 10 222 10 223 10 224 10 225 10 226 10 227 10 228 10 229</v>
        </vertex_weights>
      </skin>
    </controller>
    <controller id="Armature_C01_HandBase_Ch-skin" name="Armature">
      <skin source="#C01_HandBase_Ch-mesh">
        <bind_shape_matrix>1 0 0 0 0 -1.62921e-7 -1 0 0 1 -1.62921e-7 0 0 0 0 1</bind_shape_matrix>
        <source id="Armature_C01_HandBase_Ch-skin-joints">
          <Name_array id="Armature_C01_HandBase_Ch-skin-joints-array" count="24">DC_Root C01_Master_SKN C01_Spine_SKN C01_Spine1_SKN C01_Head_SKN L01_UpperArm_SKN L01_Forearm_SKN L01_Hand_SKN L01_Shoulder_SKN R01_UpperArm_SKN R01_Forearm_SKN R01_Shoulder_SKN L01_Thigh_SKN L01_Calf_SKN L01_Foot_SKN R01_Thigh_SKN R01_Calf_SKN R01_Foot_SKN DC_FX DC_FXMuzzle DC_Floor DC_Grab DC_Shot DC_RootMotion</Name_array>
          <technique_common>
            <accessor source="#Armature_C01_HandBase_Ch-skin-joints-array" count="24" stride="1">
              <param name="JOINT" type="name"/>
            </accessor>
          </technique_common>
        </source>
        <source id="Armature_C01_HandBase_Ch-skin-bind_poses">
          <float_array id="Armature_C01_HandBase_Ch-skin-bind_poses-array" count="384">1 0 0 0 0 -1.62921e-7 1 0 0 -1 -1.62921e-7 0 0 0 0 1 0 -2.39558e-6 1 -10.04781 1 0 0 -3.61514e-6 0 1 2.23517e-6 2.879249 0 0 0 1 -0.9994801 -0.03222358 -9.96608e-4 -0.2179427 -2.70801e-6 -0.03083086 0.9995247 -28.0938 -0.03223901 0.999005 0.03081417 6.758573 0 0 0 1 0 0.1418089 0.9898942 -43.1947 0.9999999 0 0 5.91144e-5 0 0.989894 -0.1418085 14.41833 0 0 0 1 0 -0.1123474 0.9936693 -79.86094 0.9999999 0 0 8.61605e-5 0 0.993669 0.112342 -7.821286 0 0 0 1 0.387692 0.06728005 -0.9193305 49.80326 0.9215324 -0.05180311 0.3848296 -49.61762 -0.0217328 -0.9963883 -0.08208447 6.574747 0 0 0 1 -0.9036107 0.04173022 -0.4263167 51.91257 0.4257481 -0.02212452 -0.9045713 4.795818 -0.04718005 -0.9988839 0.002225339 5.484498 0 0 0 1 0.3819916 0.03451418 -0.9235212 -28.96532 0.1454192 0.9846091 0.09694629 -10.77343 0.912653 -0.1713303 0.3710933 -52.46479 0 0 0 1 0.9883951 0.1210938 -0.09171044 -20.32714 0.1216056 -0.9925785 -6.00144e-6 -2.604285 -0.09103 -0.01114648 -0.9957858 67.55245 0 0 0 1 -0.4080508 0.06506252 -0.9106377 48.69514 0.9127978 0.04781365 -0.4056027 50.74724 0.01715135 -0.9967351 -0.07889938 6.244839 0 0 0 1 -0.404974 -0.01826304 -0.9141459 5.97318 0.9127429 0.05077105 -0.4053668 51.73944 0.05381542 -0.9985433 -0.003891527 5.944494 0 0 0 1 0.9883949 -0.1210897 0.09171706 20.3269 -0.1216021 -0.9925785 -4.35859e-7 -2.604515 0.09103655 -0.0111528 -0.9957848 67.56873 0 0 0 1 -0.7085756 0.7056223 0.004198551 13.29166 0.004015326 0.009982109 -0.9999421 10.01192 -0.7056234 -0.7085177 -0.009906351 9.314648 0 0 0 1 -0.9980594 -0.06173664 -0.008129477 15.61389 0.00121051 0.1112862 -0.9937877 -49.22093 0.06225782 -0.9918687 -0.1109954 -8.79523 0 0 0 1 -4.08929e-7 -3.71883e-6 -0.9999999 -109.771 -0.9999997 0 -3.27826e-7 16.26384 0 1 -3.76627e-6 -4.437896 0 0 0 1 -0.6951032 -0.7188968 -0.004383265 -13.11322 -0.004018485 0.009982228 -0.9999424 10.01182 0.7188987 -0.6950454 -0.009827554 9.564401 0 0 0 1 -0.9871341 -0.1590306 -0.01660603 -17.17202 -0.001210868 0.1112859 -0.9937878 -49.22087 0.1598905 -0.9809815 -0.1100468 -5.126418 0 0 0 1 0 1.31031e-6 -1 -109.771 -1 -1.78814e-7 -1.78814e-7 -16.26412 0 1 1.44169e-6 -4.437286 0 0 0 1 1 0 0 0 0 -1.62921e-7 1 126.61 0 -1 -1.62921e-7 0 0 0 0 1 1 0 0 0 0 -1.62921e-7 1 126.61 0 -1 -1.62921e-7 0 0 0 0 1 1 0 0 0 0 -1.62921e-7 1 126.61 0 -1 -1.62921e-7 0 0 0 0 1 1 0 0 0 0 -1 -1.62921e-7 -7.817e-5 0 1.62921e-7 -1 -126.61 0 0 0 1 1 0 0 0 0 -1.63913e-7 1 -14.3078 0 -1 -1.62921e-7 -94.7481 0 0 0 1 1 0 0 0 0 -1.62921e-7 1 0 0 -1 -1.62921e-7 0 0 0 0 1</float_array>
          <technique_common>
            <accessor source="#Armature_C01_HandBase_Ch-skin-bind_poses-array" count="24" stride="16">
              <param name="TRANSFORM" type="float4x4"/>
            </accessor>
          </technique_common>
        </source>
        <source id="Armature_C01_HandBase_Ch-skin-weights">
          <float_array id="Armature_C01_HandBase_Ch-skin-weights-array" count="215">1 1 1 1 1 1 1 1 1 1 1 1 1 1 1 1 1 1 1 1 1 1 1 1 1 1 1 1 1 1 1 1 1 1 1 1 1 1 1 1 1 1 1 1 1 1 1 1 1 1 1 1 1 1 1 1 1 1 1 1 1 1 1 1 1 1 1 1 1 1 1 1 1 1 1 1 1 1 1 1 1 1 1 1 1 1 1 1 1 1 1 1 1 1 1 1 1 1 1 1 1 1 1 1 1 1 1 1 1 1 1 1 1 1 1 1 1 1 1 1 1 1 1 1 1 1 1 1 1 1 1 1 1 1 1 1 1 1 1 1 1 1 1 1 1 1 1 1 1 1 1 1 1 1 1 1 1 1 1 1 1 1 1 1 1 1 1 1 1 1 1 1 1 1 1 1 1 1 1 1 1 1 1 1 1 1 1 1 1 1 1 1 1 1 1 1 1 1 1 1 1 1 1 1 1 1 1 1 1 1 1 1 1 1 1</float_array>
          <technique_common>
            <accessor source="#Armature_C01_HandBase_Ch-skin-weights-array" count="215" stride="1">
              <param name="WEIGHT" type="float"/>
            </accessor>
          </technique_common>
        </source>
        <joints>
          <input semantic="JOINT" source="#Armature_C01_HandBase_Ch-skin-joints"/>
          <input semantic="INV_BIND_MATRIX" source="#Armature_C01_HandBase_Ch-skin-bind_poses"/>
        </joints>
        <vertex_weights count="215">
          <input semantic="JOINT" source="#Armature_C01_HandBase_Ch-skin-joints" offset="0"/>
          <input semantic="WEIGHT" source="#Armature_C01_HandBase_Ch-skin-weights" offset="1"/>
          <vcount>1 1 1 1 1 1 1 1 1 1 1 1 1 1 1 1 1 1 1 1 1 1 1 1 1 1 1 1 1 1 1 1 1 1 1 1 1 1 1 1 1 1 1 1 1 1 1 1 1 1 1 1 1 1 1 1 1 1 1 1 1 1 1 1 1 1 1 1 1 1 1 1 1 1 1 1 1 1 1 1 1 1 1 1 1 1 1 1 1 1 1 1 1 1 1 1 1 1 1 1 1 1 1 1 1 1 1 1 1 1 1 1 1 1 1 1 1 1 1 1 1 1 1 1 1 1 1 1 1 1 1 1 1 1 1 1 1 1 1 1 1 1 1 1 1 1 1 1 1 1 1 1 1 1 1 1 1 1 1 1 1 1 1 1 1 1 1 1 1 1 1 1 1 1 1 1 1 1 1 1 1 1 1 1 1 1 1 1 1 1 1 1 1 1 1 1 1 1 1 1 1 1 1 1 1 1 1 1 1 1 1 1 1 1 1 </vcount>
          <v>7 0 7 1 7 2 7 3 7 4 7 5 7 6 7 7 7 8 7 9 7 10 7 11 7 12 7 13 7 14 7 15 7 16 7 17 7 18 7 19 7 20 7 21 7 22 7 23 7 24 7 25 7 26 7 27 7 28 7 29 7 30 7 31 7 32 7 33 7 34 7 35 7 36 7 37 7 38 7 39 7 40 7 41 7 42 7 43 7 44 7 45 7 46 7 47 7 48 7 49 7 50 7 51 7 52 7 53 7 54 7 55 7 56 7 57 7 58 7 59 7 60 7 61 7 62 7 63 7 64 7 65 7 66 7 67 7 68 7 69 7 70 7 71 7 72 7 73 7 74 7 75 7 76 7 77 7 78 7 79 7 80 7 81 7 82 7 83 7 84 7 85 7 86 7 87 7 88 7 89 7 90 7 91 7 92 7 93 7 94 7 95 7 96 7 97 7 98 7 99 7 100 7 101 7 102 7 103 7 104 7 105 7 106 7 107 7 108 7 109 7 110 7 111 7 112 7 113 7 114 7 115 7 116 7 117 7 118 7 119 7 120 7 121 7 122 7 123 7 124 7 125 7 126 7 127 7 128 7 129 7 130 7 131 7 132 7 133 7 134 7 135 7 136 7 137 7 138 7 139 7 140 7 141 7 142 7 143 7 144 7 145 7 146 7 147 7 148 7 149 7 150 7 151 7 152 7 153 7 154 7 155 7 156 7 157 7 158 7 159 7 160 7 161 7 162 7 163 7 164 7 165 7 166 7 167 7 168 7 169 7 170 7 171 7 172 7 173 7 174 7 175 7 176 7 177 7 178 7 179 7 180 7 181 7 182 7 183 7 184 7 185 7 186 7 187 7 188 7 189 7 190 7 191 7 192 7 193 7 194 7 195 7 196 7 197 7 198 7 199 7 200 7 201 7 202 7 203 7 204 7 205 7 206 7 207 7 208 7 209 7 210 7 211 7 212 7 213 7 214</v>
        </vertex_weights>
      </skin>
    </controller>
    <controller id="Armature_C01_MuzzleClosed_Ch-skin" name="Armature">
      <skin source="#C01_MuzzleClosed_Ch-mesh">
        <bind_shape_matrix>1 0 0 0 0 -1.62921e-7 -1 0 0 1 -1.62921e-7 0 0 0 0 1</bind_shape_matrix>
        <source id="Armature_C01_MuzzleClosed_Ch-skin-joints">
          <Name_array id="Armature_C01_MuzzleClosed_Ch-skin-joints-array" count="24">DC_Root C01_Master_SKN C01_Spine_SKN C01_Spine1_SKN C01_Head_SKN L01_UpperArm_SKN L01_Forearm_SKN L01_Hand_SKN L01_Shoulder_SKN R01_UpperArm_SKN R01_Forearm_SKN R01_Shoulder_SKN L01_Thigh_SKN L01_Calf_SKN L01_Foot_SKN R01_Thigh_SKN R01_Calf_SKN R01_Foot_SKN DC_FX DC_FXMuzzle DC_Floor DC_Grab DC_Shot DC_RootMotion</Name_array>
          <technique_common>
            <accessor source="#Armature_C01_MuzzleClosed_Ch-skin-joints-array" count="24" stride="1">
              <param name="JOINT" type="name"/>
            </accessor>
          </technique_common>
        </source>
        <source id="Armature_C01_MuzzleClosed_Ch-skin-bind_poses">
          <float_array id="Armature_C01_MuzzleClosed_Ch-skin-bind_poses-array" count="384">1 0 0 0 0 -1.62921e-7 1 0 0 -1 -1.62921e-7 0 0 0 0 1 0 -2.39558e-6 1 -10.04781 1 0 0 -3.61514e-6 0 1 2.23517e-6 2.879249 0 0 0 1 -0.9994801 -0.03222358 -9.96608e-4 -0.2179427 -2.70801e-6 -0.03083086 0.9995247 -28.0938 -0.03223901 0.999005 0.03081417 6.758573 0 0 0 1 0 0.1418089 0.9898942 -43.1947 0.9999999 0 0 5.91144e-5 0 0.989894 -0.1418085 14.41833 0 0 0 1 0 -0.1123474 0.9936693 -79.86094 0.9999999 0 0 8.61605e-5 0 0.993669 0.112342 -7.821286 0 0 0 1 0.387692 0.06728005 -0.9193305 49.80326 0.9215324 -0.05180311 0.3848296 -49.61762 -0.0217328 -0.9963883 -0.08208447 6.574747 0 0 0 1 -0.9036107 0.04173022 -0.4263167 51.91257 0.4257481 -0.02212452 -0.9045713 4.795818 -0.04718005 -0.9988839 0.002225339 5.484498 0 0 0 1 0.3819916 0.03451418 -0.9235212 -28.96532 0.1454192 0.9846091 0.09694629 -10.77343 0.912653 -0.1713303 0.3710933 -52.46479 0 0 0 1 0.9883951 0.1210938 -0.09171044 -20.32714 0.1216056 -0.9925785 -6.00144e-6 -2.604285 -0.09103 -0.01114648 -0.9957858 67.55245 0 0 0 1 -0.4080508 0.06506252 -0.9106377 48.69514 0.9127978 0.04781365 -0.4056027 50.74724 0.01715135 -0.9967351 -0.07889938 6.244839 0 0 0 1 -0.404974 -0.01826304 -0.9141459 5.97318 0.9127429 0.05077105 -0.4053668 51.73944 0.05381542 -0.9985433 -0.003891527 5.944494 0 0 0 1 0.9883949 -0.1210897 0.09171706 20.3269 -0.1216021 -0.9925785 -4.35859e-7 -2.604515 0.09103655 -0.0111528 -0.9957848 67.56873 0 0 0 1 -0.7085756 0.7056223 0.004198551 13.29166 0.004015326 0.009982109 -0.9999421 10.01192 -0.7056234 -0.7085177 -0.009906351 9.314648 0 0 0 1 -0.9980594 -0.06173664 -0.008129477 15.61389 0.00121051 0.1112862 -0.9937877 -49.22093 0.06225782 -0.9918687 -0.1109954 -8.79523 0 0 0 1 -4.08929e-7 -3.71883e-6 -0.9999999 -109.771 -0.9999997 0 -3.27826e-7 16.26384 0 1 -3.76627e-6 -4.437896 0 0 0 1 -0.6951032 -0.7188968 -0.004383265 -13.11322 -0.004018485 0.009982228 -0.9999424 10.01182 0.7188987 -0.6950454 -0.009827554 9.564401 0 0 0 1 -0.9871341 -0.1590306 -0.01660603 -17.17202 -0.001210868 0.1112859 -0.9937878 -49.22087 0.1598905 -0.9809815 -0.1100468 -5.126418 0 0 0 1 0 1.31031e-6 -1 -109.771 -1 -1.78814e-7 -1.78814e-7 -16.26412 0 1 1.44169e-6 -4.437286 0 0 0 1 1 0 0 0 0 -1.62921e-7 1 126.61 0 -1 -1.62921e-7 0 0 0 0 1 1 0 0 0 0 -1.62921e-7 1 126.61 0 -1 -1.62921e-7 0 0 0 0 1 1 0 0 0 0 -1.62921e-7 1 126.61 0 -1 -1.62921e-7 0 0 0 0 1 1 0 0 0 0 -1 -1.62921e-7 -7.817e-5 0 1.62921e-7 -1 -126.61 0 0 0 1 1 0 0 0 0 -1.63913e-7 1 -14.3078 0 -1 -1.62921e-7 -94.7481 0 0 0 1 1 0 0 0 0 -1.62921e-7 1 0 0 -1 -1.62921e-7 0 0 0 0 1</float_array>
          <technique_common>
            <accessor source="#Armature_C01_MuzzleClosed_Ch-skin-bind_poses-array" count="24" stride="16">
              <param name="TRANSFORM" type="float4x4"/>
            </accessor>
          </technique_common>
        </source>
        <source id="Armature_C01_MuzzleClosed_Ch-skin-weights">
          <float_array id="Armature_C01_MuzzleClosed_Ch-skin-weights-array" count="94">1 1 1 1 1 1 1 1 1 1 1 1 1 1 1 1 1 1 1 1 1 1 1 1 1 1 1 1 1 1 1 1 1 1 1 1 1 1 1 1 1 1 1 1 1 1 1 1 1 1 1 1 1 1 1 1 1 1 1 1 1 1 1 1 1 1 1 1 1 1 1 1 1 1 1 1 1 1 1 1 1 1 1 1 1 1 1 1 1 1 1 1 1 1</float_array>
          <technique_common>
            <accessor source="#Armature_C01_MuzzleClosed_Ch-skin-weights-array" count="94" stride="1">
              <param name="WEIGHT" type="float"/>
            </accessor>
          </technique_common>
        </source>
        <joints>
          <input semantic="JOINT" source="#Armature_C01_MuzzleClosed_Ch-skin-joints"/>
          <input semantic="INV_BIND_MATRIX" source="#Armature_C01_MuzzleClosed_Ch-skin-bind_poses"/>
        </joints>
        <vertex_weights count="94">
          <input semantic="JOINT" source="#Armature_C01_MuzzleClosed_Ch-skin-joints" offset="0"/>
          <input semantic="WEIGHT" source="#Armature_C01_MuzzleClosed_Ch-skin-weights" offset="1"/>
          <vcount>1 1 1 1 1 1 1 1 1 1 1 1 1 1 1 1 1 1 1 1 1 1 1 1 1 1 1 1 1 1 1 1 1 1 1 1 1 1 1 1 1 1 1 1 1 1 1 1 1 1 1 1 1 1 1 1 1 1 1 1 1 1 1 1 1 1 1 1 1 1 1 1 1 1 1 1 1 1 1 1 1 1 1 1 1 1 1 1 1 1 1 1 1 1 </vcount>
          <v>10 0 10 1 10 2 10 3 10 4 10 5 10 6 10 7 10 8 10 9 10 10 10 11 10 12 10 13 10 14 10 15 10 16 10 17 10 18 10 19 10 20 10 21 10 22 10 23 10 24 10 25 10 26 10 27 10 28 10 29 10 30 10 31 10 32 10 33 10 34 10 35 10 36 10 37 10 38 10 39 10 40 10 41 10 42 10 43 10 44 10 45 10 46 10 47 10 48 10 49 10 50 10 51 10 52 10 53 10 54 10 55 10 56 10 57 10 58 10 59 10 60 10 61 10 62 10 63 10 64 10 65 10 66 10 67 10 68 10 69 10 70 10 71 10 72 10 73 10 74 10 75 10 76 10 77 10 78 10 79 10 80 10 81 10 82 10 83 10 84 10 85 10 86 10 87 10 88 10 89 10 90 10 91 10 92 10 93</v>
        </vertex_weights>
      </skin>
    </controller>
    <controller id="Armature_C01_Body_Ch-skin" name="Armature">
      <skin source="#C01_Body_Ch-mesh">
        <bind_shape_matrix>1 0 0 0 0 -1.62921e-7 -1 0 0 1 -1.62921e-7 0 0 0 0 1</bind_shape_matrix>
        <source id="Armature_C01_Body_Ch-skin-joints">
          <Name_array id="Armature_C01_Body_Ch-skin-joints-array" count="24">DC_Root C01_Master_SKN C01_Spine_SKN C01_Spine1_SKN C01_Head_SKN L01_UpperArm_SKN L01_Forearm_SKN L01_Hand_SKN L01_Shoulder_SKN R01_UpperArm_SKN R01_Forearm_SKN R01_Shoulder_SKN L01_Thigh_SKN L01_Calf_SKN L01_Foot_SKN R01_Thigh_SKN R01_Calf_SKN R01_Foot_SKN DC_FX DC_FXMuzzle DC_Floor DC_Grab DC_Shot DC_RootMotion</Name_array>
          <technique_common>
            <accessor source="#Armature_C01_Body_Ch-skin-joints-array" count="24" stride="1">
              <param name="JOINT" type="name"/>
            </accessor>
          </technique_common>
        </source>
        <source id="Armature_C01_Body_Ch-skin-bind_poses">
          <float_array id="Armature_C01_Body_Ch-skin-bind_poses-array" count="384">1 0 0 0 0 -1.62921e-7 1 0 0 -1 -1.62921e-7 0 0 0 0 1 0 -2.39558e-6 1 -10.04781 1 0 0 -3.61514e-6 0 1 2.23517e-6 2.879249 0 0 0 1 -0.9994801 -0.03222358 -9.96608e-4 -0.2179427 -2.70801e-6 -0.03083086 0.9995247 -28.0938 -0.03223901 0.999005 0.03081417 6.758573 0 0 0 1 0 0.1418089 0.9898942 -43.1947 0.9999999 0 0 5.91144e-5 0 0.989894 -0.1418085 14.41833 0 0 0 1 0 -0.1123474 0.9936693 -79.86094 0.9999999 0 0 8.61605e-5 0 0.993669 0.112342 -7.821286 0 0 0 1 0.387692 0.06728005 -0.9193305 49.80326 0.9215324 -0.05180311 0.3848296 -49.61762 -0.0217328 -0.9963883 -0.08208447 6.574747 0 0 0 1 -0.9036107 0.04173022 -0.4263167 51.91257 0.4257481 -0.02212452 -0.9045713 4.795818 -0.04718005 -0.9988839 0.002225339 5.484498 0 0 0 1 0.3819916 0.03451418 -0.9235212 -28.96532 0.1454192 0.9846091 0.09694629 -10.77343 0.912653 -0.1713303 0.3710933 -52.46479 0 0 0 1 0.9883951 0.1210938 -0.09171044 -20.32714 0.1216056 -0.9925785 -6.00144e-6 -2.604285 -0.09103 -0.01114648 -0.9957858 67.55245 0 0 0 1 -0.4080508 0.06506252 -0.9106377 48.69514 0.9127978 0.04781365 -0.4056027 50.74724 0.01715135 -0.9967351 -0.07889938 6.244839 0 0 0 1 -0.404974 -0.01826304 -0.9141459 5.97318 0.9127429 0.05077105 -0.4053668 51.73944 0.05381542 -0.9985433 -0.003891527 5.944494 0 0 0 1 0.9883949 -0.1210897 0.09171706 20.3269 -0.1216021 -0.9925785 -4.35859e-7 -2.604515 0.09103655 -0.0111528 -0.9957848 67.56873 0 0 0 1 -0.7085756 0.7056223 0.004198551 13.29166 0.004015326 0.009982109 -0.9999421 10.01192 -0.7056234 -0.7085177 -0.009906351 9.314648 0 0 0 1 -0.9980594 -0.06173664 -0.008129477 15.61389 0.00121051 0.1112862 -0.9937877 -49.22093 0.06225782 -0.9918687 -0.1109954 -8.79523 0 0 0 1 -4.08929e-7 -3.71883e-6 -0.9999999 -109.771 -0.9999997 0 -3.27826e-7 16.26384 0 1 -3.76627e-6 -4.437896 0 0 0 1 -0.6951032 -0.7188968 -0.004383265 -13.11322 -0.004018485 0.009982228 -0.9999424 10.01182 0.7188987 -0.6950454 -0.009827554 9.564401 0 0 0 1 -0.9871341 -0.1590306 -0.01660603 -17.17202 -0.001210868 0.1112859 -0.9937878 -49.22087 0.1598905 -0.9809815 -0.1100468 -5.126418 0 0 0 1 0 1.31031e-6 -1 -109.771 -1 -1.78814e-7 -1.78814e-7 -16.26412 0 1 1.44169e-6 -4.437286 0 0 0 1 1 0 0 0 0 -1.62921e-7 1 126.61 0 -1 -1.62921e-7 0 0 0 0 1 1 0 0 0 0 -1.62921e-7 1 126.61 0 -1 -1.62921e-7 0 0 0 0 1 1 0 0 0 0 -1.62921e-7 1 126.61 0 -1 -1.62921e-7 0 0 0 0 1 1 0 0 0 0 -1 -1.62921e-7 -7.817e-5 0 1.62921e-7 -1 -126.61 0 0 0 1 1 0 0 0 0 -1.63913e-7 1 -14.3078 0 -1 -1.62921e-7 -94.7481 0 0 0 1 1 0 0 0 0 -1.62921e-7 1 0 0 -1 -1.62921e-7 0 0 0 0 1</float_array>
          <technique_common>
            <accessor source="#Armature_C01_Body_Ch-skin-bind_poses-array" count="24" stride="16">
              <param name="TRANSFORM" type="float4x4"/>
            </accessor>
          </technique_common>
        </source>
        <source id="Armature_C01_Body_Ch-skin-weights">
          <float_array id="Armature_C01_Body_Ch-skin-weights-array" count="2408">1 1 0.95 0.04999995 1 1 1 1 1 1 1 1 0.63 0.37 0.44 0.56 0.08999997 0.9100001 1 1 1 1 1 1 1 0.1299999 0.87 1 1 1 0.02999997 0.9700001 0.61 0.39 1 1 0.06999999 0.93 1 0.83 0.17 0.14 0.8600001 1 0.1899999 0.81 1 0.78 0.22 1 0.06999999 0.93 1 1 1 1 1 0.08999997 0.9100001 0.23 0.77 0.1299999 0.87 0.03999996 0.96 1 1 1 1 1 1 1 1 1 1 0.01999998 0.9800001 1 1 0.55 0.07999998 0.37 1 0.1299999 0.87 1 0.03999996 0.96 1 1 0.00999999 0.9900001 0.02999997 0.9700001 1 0.3 0.00999999 0.69 1 1 0.37 0.63 1 1 1 0.41 0.59 0.29 0.71 1 1 1 1 1 1 1 1 1 1 1 1 1 1 1 0.00999999 0.9900001 1 1 1 1 0.01999998 0.9800001 1 1 1 1 1 1 1 1 1 1 1 1 1 1 1 1 1 1 1 1 1 1 1 1 1 1 1 1 0.01999998 0.9800001 1 0.27 0.27 0.46 0.34 0.25 0.41 0.1299999 0.87 1 0.03999996 0.96 0.32 0.68 1 1 1 1 1 1 0.02999997 0.9700001 1 1 1 1 1 1 0.24 0.76 1 1 1 1 1 1 1 1 1 1 1 1 1 1 0.36 0.00999999 0.63 1 1 1 0.00999999 0.9900001 1 1 1 1 1 1 0.41 0.59 0.29 0.71 1 1 1 1 1 1 1 1 1 1 1 1 1 1 0.15 0.8500001 0.23 0.77 0.95 0.04999995 1 1 0.04999995 0.95 1 0.06 0.94 0.1 0.9 0.63 0.37 0.44 0.56 1 1 1 0.03999996 0.96 0.1899999 0.81 1 1 1 1 1 1 0.00999999 0.9900001 0.61 0.39 0.63 0.37 0.02999997 0.9700001 1 1 1 0.14 0.8600001 0.83 0.17 1 0.1 0.9 1 1 1 0.26 0.74 0.29 0.71 0.23 0.77 1 1 0.9900001 0.00999999 1 1 1 1 1 0.4 0.6 0.5 0.5 1 1 1 1 0.8500001 0.15 0.8500001 0.15 0.8500001 0.15 1 1 0.8500001 0.15 1 0.8500001 0.15 1 1 0.5 0.5 1 1 1 1 1 1 1 1 1 1 1 1 0.25 0.75 1 1 1 1 1 1 1 1 1 1 1 1 1 1 1 1 1 1 1 1 1 1 1 1 1 1 1 1 1 1 1 1 1 1 1 1 1 1 1 1 1 1 1 1 1 1 1 1 1 1 1 1 1 1 1 1 1 1 1 1 0.24 0.76 1 1 1 1 1 1 0.25 0.75 0.75 0.25 1 1 1 0.4 0.6 1 1 1 1 1 1 1 1 1 1 1 1 1 1 1 1 1 1 1 1 1 1 1 1 1 1 1 1 1 1 1 1 1 1 1 1 1 1 1 1 1 1 1 1 1 1 1 0.9900001 0.00999999 1 1 1 1 0.4 0.6 0.24 0.76 1 1 1 1 1 0.8500001 0.15 1 0.8500001 0.15 0.8500001 0.15 1 0.8500001 0.15 1 0.8500001 0.15 1 1 1 1 1 1 1 1 1 0.48 0.52 1 1 1 1 1 1 1 0.27 0.73 1 0.01999998 0.9800001 1 1 1 1 1 0.8 0.2 1 1 1 1 1 1 1 1 1 0.9900001 0.00999999 1 1 1 1 1 0.11 0.89 0.9900001 0.00999999 1 1 1 1 0.01999998 0.9800001 0.1 0.9 0.00999999 0.9900001 1 1 1 1 1 1 1 1 1 1 0.00999999 0.9900001 0.11 0.89 1 1 1 1 1 1 1 1 0.00999999 0.9900001 1 1 1 1 1 0.9900001 0.00999999 1 1 1 1 1 1 1 1 1 1 1 1 1 1 1 0.9900001 0.00999999 1 1 1 0.22 0.78 1 1 1 0.11 0.89 1 0.1299999 0.87 1 1 1 1 1 1 0.08999997 0.9100001 1 1 0.1 0.9 0.24 0.76 1 1 0.00999999 0.9900001 1 1 1 1 1 1 1 1 1 1 1 1 1 1 1 1 0.42 0.58 0.48 0.52 0.49 0.51 0.8 0.2 1 1 1 0.00999999 0.9900001 1 1 0.00999999 0.9900001 1 1 1 1 1 1 1 1 1 1 1 1 1 1 1 1 1 1 1 1 0.48 0.52 1 1 1 0.24 0.76 1 1 1 0.27 0.73 0.01999998 0.9800001 1 1 1 1 1 1 0.8 0.2 1 1 1 1 1 1 1 1 1 1 1 1 1 1 1 0.9900001 0.00999999 0.9900001 0.00999999 1 1 1 1 1 1 1 1 1 1 0.00999999 0.9900001 1 1 0.00999999 0.9900001 1 1 1 1 0.01999998 0.9800001 0.11 0.89 0.00999999 0.9900001 1 1 1 1 1 1 1 1 1 1 1 1 1 1 1 1 1 0.1299999 0.87 1 1 1 1 0.9100001 0.08999997 0.9900001 0.00999999 1 1 1 1 1 1 1 0.22 0.78 1 1 1 1 1 1 1 1 1 0.11 0.89 1 0.1 0.9 1 1 0.11 0.89 1 0.25 0.75 1 1 0.00999999 0.9900001 1 1 1 1 1 1 1 1 1 1 1 1 1 1 1 1 0.42 0.58 0.8 0.2 1 0.32 0.68 1 1 1 1 1 0.00999999 0.9900001 1 1 1 1 1 1 1 1 1 1 1 1 1 1 1 1 1 1 0.00999999 0.9900001 1 1 0.9 0.1 0.9 0.1 0.9 0.1 1 1 0.03999996 0.96 1 1 1 1 1 0.03999996 0.96 1 1 1 1 1 1 0.1 0.9 0.14 0.8600001 0.9 0.1 0.96 0.03999996 1 1 1 1 1 0.36 0.64 1 1 1 1 1 1 1 1 1 1 0.45 0.55 1 1 1 1 0.00999999 0.9900001 1 1 1 1 1 1 1 0.75 0.25 1 1 1 0.34 0.66 1 1 0.00999999 0.9900001 1 1 1 1 0.95 0.04999995 1 1 1 1 1 1 1 1 1 1 1 1 1 1 1 1 1 1 1 0.34 0.66 0.49 0.51 1 0.35 0.65 0.7 0.3 1 1 0.3 0.7 0.5 0.5 1 1 1 0.35 0.65 1 0.1 0.9 0.7 0.3 1 1 1 1 0.1 0.9 0.35 0.65 1 0.3 0.7 1 0.75 0.25 1 1 1 1 1 1 1 1 1 1 0.25 0.75 0.25 0.75 1 0.9700001 0.02999997 0.75 0.25 1 1 1 1 1 1 1 1 1 1 1 1 0.75 0.25 1 1 1 1 1 1 1 1 1 1 1 1 1 1 0.75 0.25 1 1 1 1 1 0.75 0.25 0.5 0.5 1 1 1 1 1 1 0.25 0.75 1 1 0.25 0.75 1 1 0.25 0.75 0.45 0.55 1 1 1 1 1 1 1 1 1 1 1 1 1 1 1 1 1 1 1 1 1 1 1 1 1 1 1 1 1 1 1 1 1 1 1 1 1 1 1 1 1 1 1 1 1 1 1 1 1 1 1 1 1 1 1 1 1 1 1 1 1 1 1 1 1 1 1 1 1 1 1 1 1 1 1 1 1 1 1 1 1 1 1 1 1 1 1 1 1 1 1 1 1 1 1 1 1 1 1 1 1 1 1 1 1 1 1 1 1 1 1 1 1 1 1 1 1 1 1 1 1 1 1 1 1 1 1 1 1 1 1 1 1 1 1 1 1 1 1 1 1 1 1 1 1 1 1 1 1 1 1 1 1 1 1 1 1 1 1 1 1 1 1 1 1 1 1 1 1 1 1 1 1 1 1 1 1 1 1 1 1 1 1 1 1 1 1 1 1 1 1 1 1 1 1 1 1 1 1 1 1 1 1 1 1 1 1 1 1 1 1 1 1 1 1 1 1 1 1 1 1 1 1 1 1 1 1 1 1 1 1 1 1 1 1 1 1 1 1 1 1 1 1 1 1 1 1 1 1 1 1 1 1 1 1 1 1 1 1 1 1 1 1 1 1 1 1 1 1 1 1 1 1 1 1 1 1 1 1 1 1 1 1 1 1 1 1 1 1 1 1 1 1 1 1 1 1 1 1 1 1 1 1 1 1 1 1 1 1 1 1 1 1 1 1 1 1 1 1 1 1 1 1 1 1 1 1 1 1 1 1 1 1 1 1 1 1 1 1 1 1 1 1 1 1 1 1 1 1 1 1 1 1 1 1 1 1 1 1 1 1 1 1 1 1 1 1 1 1 1 1 1 1 1 1 1 1 0.08999997 0.9100001 1 1 1 1 1 1 1 1 1 1 1 1 1 1 0.1 0.9 1 1 1 1 1 1 1 1 1 1 1 1 1 1 1 1 1 1 1 1 1 1 1 1 1 1 1 1 1 1 1 1 1 1 1 1 1 1 1 1 1 1 1 1 1 0.06999999 0.93 0.23 0.77 0.28 0.72 0.41 0.59 0.15 0.8500001 0.63 0.37 0.17 0.83 0.62 0.38 0.1899999 0.81 0.58 0.42 0.21 0.7900001 0.61 0.39 0.06999999 0.93 0.1 0.9 1 0.22 0.78 0.39 0.61 0.24 0.76 0.49 0.51 0.1899999 0.81 0.93 0.06999999 0.4 0.6 0.95 0.04999995 0.14 0.8600001 0.28 0.72 0.15 0.8500001 0.08999997 0.9100001 0.29 0.71 0.4 0.6 0.06999999 0.93 0.1899999 0.81 0.1 0.9 0.1 0.9 0.43 0.57 0.24 0.76 0.06999999 0.93 0.14 0.8600001 0.4 0.6 0.36 0.64 0.1899999 0.81 0.24 0.76 0.43 0.57 0.28 0.72 0.1899999 0.81 0.15 0.8500001 0.1299999 0.87 0.1899999 0.81 1 0.28 0.72 0.47 0.35 0.18 0.1899999 0.81 0.57 0.26 0.17 0.54 0.26 0.2 0.67 0.33 0.03999996 0.96 0.8500001 0.15 0.75 0.25 0.1 0.9 0.32 0.68 0.65 0.35 0.43 0.57 0.06 0.94 0.1899999 0.81 0.36 0.64 0.51 0.49 0.64 0.16 0.2 1 0.15 0.8500001 0.63 0.37 0.44 0.56 0.46 0.04999995 0.49 0.61 0.39 0.4 0.6 0.54 0.46 0.79 0.11 0.1 0.62 0.38 0.73 0.27 0.36 0.64 0.9 0.04999995 0.04999995 0.9 0.04999995 0.04999995 0.63 0.37 0.9 0.04999995 0.04999995 0.9 0.04999995 0.04999995 0.01999998 0.9800001 0.00999999 0.9900001 0.06 0.94 0.03999996 0.96 1 0.15 0.8500001 0.12 0.88 0.2 0.8 0.24 0.76 0.1299999 0.87 1 0.2 0.8 0.12 0.88 0.47 0.35 0.18 0.28 0.37 0.35 0.51 0.31 0.18 0.06 0.94 0.15 0.8500001 0.51 0.49 0.54 0.15 0.31 0.55 0.07999998 0.37 0.2 0.8 0.1 0.9 0.52 0.03999996 0.44 0.01999998 0.9800001 0.37 0.63 0.44 0.56 0.65 0.35 0.63 0.37 0.9 0.04999995 0.04999995 0.54 0.46 0.73 0.27 0.61 0.39 0.9 0.04999995 0.04999995 0.4 0.6 0.62 0.38 0.36 0.64 0.63 0.37 0.01999998 0.9800001 0.06 0.94 0.00999999 0.9900001 0.03999996 0.96 1 0.06999999 0.93 0.26 0.74 0.28 0.72 0.00999999 0.9900001 0.41 0.59 0.15 0.8500001 0.17 0.83 0.62 0.38 0.59 0.41 0.26 0.74 0.21 0.7900001 0.61 0.39 0.1299999 0.87 0.06999999 0.93 0.1 0.9 0.39 0.61 0.03999996 0.96 0.22 0.78 0.24 0.76 0.49 0.51 0.78 0.22 0.11 0.87 0.01999998 0.1899999 0.81 0.1899999 0.81 0.4 0.6 0.93 0.06999999 1 0.14 0.8600001 0.28 0.72 1 0.06999999 0.93 0.15 0.8500001 0.95 0.04999995 0.1 0.9 0.1899999 0.81 0.2 0.8 0.26 0.74 0.4 0.6 0.1 0.9 0.06999999 0.93 0.1 0.9 0.36 0.64 0.14 0.8600001 0.4 0.6 0.06999999 0.93 0.63 0.37 0.65 0.35 0.36 0.64 0.43 0.57 0.75 0.25 0.1 0.9 0.1 0.9 0.1 0.9 0.43 0.57 0.24 0.76 0.24 0.76 0.1899999 0.81 0.43 0.57 0.36 0.64 0.14 0.8600001 0.5 0.5 0.75 0.25 0.4 0.6 0.5 0.5 0.73 0.27 0.73 0.27 0.75 0.25 0.4 0.6 0.5 0.5 0.73 0.27 1 0.5 0.5 0.5 0.5 0.4 0.6 0.75 0.25 0.5 0.5 0.73 0.27 0.1299999 0.87 0.27 0.73 0.01999998 0.9800001 0.48 0.52 0.24 0.76 0.1 0.9 0.24 0.76 0.48 0.52 0.1299999 0.87 0.43 0.57 0.9100001 0.08999997 0.15 0.8500001 0.00999999 0.9900001 0.3 0.7 0.48 0.52 0.46 0.54 0.42 0.58 0.00999999 0.9900001 0.01999998 0.9800001 0.27 0.73 0.64 0.36 0.94 0.06 0.48 0.52 0.2 0.8 0.1299999 0.87 0.1299999 0.87 0.9700001 0.02999997 0.15 0.8500001 0.03999996 0.96 0.00999999 0.9900001 0.42 0.58 0.49 0.51 0.43 0.57 0.03999996 0.96 0.8 0.2 0.9100001 0.08999997 0.31 0.69 1 0.46 0.54 0.15 0.8500001 0.2 0.8 0.64 0.36 0.94 0.06 0.9700001 0.02999997 0.1299999 0.87 0.24 0.76 0.24 0.76 0.43 0.57 0.8 0.2 0.43 0.57 0.00999999 0.9900001 0.1299999 0.87 0.27 0.73 0.48 0.52 0.01999998 0.9800001 0.11 0.89 0.25 0.75 0.1299999 0.87 0.48 0.52 0.48 0.52 0.27 0.73 0.1299999 0.87 0.11 0.89 0.9100001 0.08999997 0.43 0.57 0.3 0.7 0.00999999 0.9900001 0.46 0.54 0.42 0.58 0.32 0.68 0.2 0.8 0.00999999 0.9900001 0.64 0.36 0.9700001 0.02999997 0.1 0.9 0.15 0.8500001 0.1299999 0.87 0.94 0.06 0.03999996 0.96 0.32 0.68 0.00999999 0.9900001 0.03999996 0.96 0.42 0.58 0.15 0.8500001 0.2 0.8 0.43 0.57 0.31 0.69 0.8 0.2 0.46 0.54 1 0.64 0.36 0.94 0.06 0.9700001 0.02999997 0.9900001 0.00999999 0.24 0.76 0.1299999 0.87 0.24 0.76 0.43 0.57 0.42 0.58 0.8 0.2 0.32 0.68 0.43 0.57 0.00999999 0.9900001 0.9 0.1 0.56 0.44 0.32 0.68 0.87 0.1299999 0.9 0.1 0.9 0.1 0.07999998 0.9200001 0.96 0.03999996 0.9 0.1 0.83 0.17 0.88 0.12 0.95 0.04999995 0.48 0.52 0.73 0.27 0.49 0.51 0.5 0.5 0.34 0.66 0.88 0.12 0.56 0.44 0.87 0.1299999 0.96 0.03999996 0.32 0.68 0.9 0.1 0.45 0.55 0.3 0.7 0.1 0.9 0.7 0.3 0.5 0.5 0.35 0.65 1 1 0.75 0.25 0.9200001 0.07999998 0.75 0.25 0.9200001 0.07999998 0.75 0.25 0.75 0.25 0.25 0.75 0.25 0.75 0.75 0.25 0.75 0.25 0.5 0.5 0.75 0.25 0.75 0.25 0.7 0.3 0.55 0.45 0.75 0.25 0.25 0.75 0.45 0.55 0.25 0.75 0.9200001 0.07999998 0.5 0.5 0.75 0.25 0.25 0.75 0.75 0.25 0.5 0.5 0.25 0.75 0.75 0.25 0.75 0.25 0.7 0.3 0.75 0.25 0.5 0.5 0.75 0.25 0.25 0.75 0.25 0.75 0.45 0.55 1 1 1 0.5 0.5 0.25 0.75 0.75 0.25 0.14 0.25 0.61 0.14 0.25 0.61 0.28 0.37 0.35 0.54 0.34 0.12 0.81 0.08999997 0.1 0.77 0.16 0.06999999 0.63 0.28 0.08999997 0.36 0.28 0.36 0.74 0.16 0.1 0.69 0.25 0.06 0.27 0.27 0.46 0.34 0.24 0.42 0.53 0.3 0.17 0.9 0.04999995 0.04999995 0.66 0.16 0.18 0.9 0.04999995 0.04999995 0.82 0.1 0.07999998 0.9 0.04999995 0.04999995 0.8 0.11 0.08999997 0.14 0.25 0.61 0.14 0.25 0.61 0.54 0.34 0.12 0.69 0.25 0.06 0.63 0.28 0.08999997 0.36 0.28 0.36 0.78 0.18 0.03999996 0.74 0.16 0.1 0.34 0.24 0.42 0.53 0.3 0.17 0.81 0.08999997 0.1 0.66 0.16 0.18 0.64 0.14 0.22 0.82 0.1 0.07999998 1 0.75 0.25 0.8 0.11 0.08999997 0.9 0.04999995 0.04999995 0.47 0.04999995 0.48 0.9 0.04999995 0.04999995 0.79 0.11 0.1 0.9 0.04999995 0.04999995 0.9 0.04999995 0.04999995 0.9 0.04999995 0.04999995</float_array>
          <technique_common>
            <accessor source="#Armature_C01_Body_Ch-skin-weights-array" count="2408" stride="1">
              <param name="WEIGHT" type="float"/>
            </accessor>
          </technique_common>
        </source>
        <joints>
          <input semantic="JOINT" source="#Armature_C01_Body_Ch-skin-joints"/>
          <input semantic="INV_BIND_MATRIX" source="#Armature_C01_Body_Ch-skin-bind_poses"/>
        </joints>
        <vertex_weights count="1759">
          <input semantic="JOINT" source="#Armature_C01_Body_Ch-skin-joints" offset="0"/>
          <input semantic="WEIGHT" source="#Armature_C01_Body_Ch-skin-weights" offset="1"/>
          <vcount>1 1 2 1 1 1 1 1 1 1 1 2 2 2 1 1 1 1 1 1 1 2 1 1 1 2 2 1 1 2 1 2 2 1 2 1 2 1 2 1 1 1 1 1 2 2 2 2 1 1 1 1 1 1 1 1 1 1 2 1 1 3 1 2 1 2 1 1 2 2 1 3 1 1 2 1 1 1 2 2 1 1 1 1 1 1 1 1 1 1 1 1 1 1 1 2 1 1 1 1 2 1 1 1 1 1 1 1 1 1 1 1 1 1 1 1 1 1 1 1 1 1 1 1 1 1 1 1 1 2 1 3 3 2 1 2 2 1 1 1 1 1 1 2 1 1 1 1 1 1 2 1 1 1 1 1 1 1 1 1 1 1 1 1 1 3 1 1 1 2 1 1 1 1 1 1 2 2 1 1 1 1 1 1 1 1 1 1 1 1 1 1 2 2 2 1 1 2 1 2 2 2 2 1 1 1 2 2 1 1 1 1 1 1 2 2 2 2 1 1 1 2 2 1 2 1 1 1 2 2 2 1 1 2 1 1 1 1 1 2 2 1 1 1 1 2 2 2 1 1 2 1 2 1 1 2 1 1 1 1 1 1 1 1 1 1 1 1 2 1 1 1 1 1 1 1 1 1 1 1 1 1 1 1 1 1 1 1 1 1 1 1 1 1 1 1 1 1 1 1 1 1 1 1 1 1 1 1 1 1 1 1 1 1 1 1 1 1 1 1 1 1 1 1 1 1 1 1 1 2 1 1 1 1 1 1 2 2 1 1 1 2 1 1 1 1 1 1 1 1 1 1 1 1 1 1 1 1 1 1 1 1 1 1 1 1 1 1 1 1 1 1 1 1 1 1 1 1 1 1 1 1 1 1 1 1 1 1 1 2 1 1 1 1 2 2 1 1 1 1 1 2 1 2 2 1 2 1 2 1 1 1 1 1 1 1 1 1 2 1 1 1 1 1 1 1 2 1 2 1 1 1 1 1 2 1 1 1 1 1 1 1 1 1 2 1 1 1 1 1 2 2 1 1 1 1 2 2 2 1 1 1 1 1 1 1 1 1 1 2 2 1 1 1 1 1 1 1 1 2 1 1 1 1 1 2 1 1 1 1 1 1 1 1 1 1 1 1 1 1 1 2 1 1 1 2 1 1 1 2 1 2 1 1 1 1 1 1 2 1 1 2 2 1 1 2 1 1 1 1 1 1 1 1 1 1 1 1 1 1 1 1 2 2 2 2 1 1 1 2 1 1 2 1 1 1 1 1 1 1 1 1 1 1 1 1 1 1 1 1 1 1 1 2 1 1 1 2 1 1 1 2 2 1 1 1 1 1 1 2 1 1 1 1 1 1 1 1 1 1 1 1 1 1 1 2 2 1 1 1 1 1 1 1 1 1 1 2 1 1 2 1 1 1 1 2 2 2 1 1 1 1 1 1 1 1 1 1 1 1 1 1 1 1 1 2 1 1 1 1 2 2 1 1 1 1 1 1 1 2 1 1 1 1 1 1 1 1 1 2 1 2 1 1 2 1 2 1 1 2 1 1 1 1 1 1 1 1 1 1 1 1 1 1 1 1 2 2 1 2 1 1 1 1 1 2 1 1 1 1 1 1 1 1 1 1 1 1 1 1 1 1 1 1 2 1 1 2 2 2 1 1 2 1 1 1 1 1 2 1 1 1 1 1 1 2 2 2 2 1 1 1 1 1 2 1 1 1 1 1 1 1 1 1 1 2 1 1 1 1 2 1 1 1 1 1 1 1 2 1 1 1 2 1 1 2 1 1 1 1 2 1 1 1 1 1 1 1 1 1 1 1 1 1 1 1 1 1 1 1 2 2 1 2 2 1 1 2 2 1 1 1 2 1 2 2 1 1 1 1 2 2 1 2 1 2 1 1 1 1 1 1 1 1 1 1 2 2 1 2 2 1 1 1 1 1 1 1 1 1 1 1 1 2 1 1 1 1 1 1 1 1 1 1 1 1 1 1 2 1 1 1 1 1 2 2 1 1 1 1 1 1 2 1 1 2 1 1 2 2 1 1 1 1 1 1 1 1 1 1 1 1 1 1 1 1 1 1 1 1 1 1 1 1 1 1 1 1 1 1 1 1 1 1 1 1 1 1 1 1 1 1 1 1 1 1 1 1 1 1 1 1 1 1 1 1 1 1 1 1 1 1 1 1 1 1 1 1 1 1 1 1 1 1 1 1 1 1 1 1 1 1 1 1 1 1 1 1 1 1 1 1 1 1 1 1 1 1 1 1 1 1 1 1 1 1 1 1 1 1 1 1 1 1 1 1 1 1 1 1 1 1 1 1 1 1 1 1 1 1 1 1 1 1 1 1 1 1 1 1 1 1 1 1 1 1 1 1 1 1 1 1 1 1 1 1 1 1 1 1 1 1 1 1 1 1 1 1 1 1 1 1 1 1 1 1 1 1 1 1 1 1 1 1 1 1 1 1 1 1 1 1 1 1 1 1 1 1 1 1 1 1 1 1 1 1 1 1 1 1 1 1 1 1 1 1 1 1 1 1 1 1 1 1 1 1 1 1 1 1 1 1 1 1 1 1 1 1 1 1 1 1 1 1 1 1 1 1 1 1 1 1 1 1 1 1 1 1 1 1 1 1 1 1 1 1 1 1 1 1 1 1 1 1 1 1 1 1 1 1 1 1 1 1 1 1 1 1 1 1 1 1 1 1 1 1 1 1 1 1 1 1 1 1 1 1 1 1 1 1 1 1 1 1 1 1 1 1 1 1 1 1 1 1 1 1 1 1 1 1 1 1 1 1 1 1 1 1 1 1 1 1 1 1 1 1 1 1 1 1 1 1 1 1 1 1 1 1 1 1 1 1 1 1 1 1 1 1 1 1 1 1 1 1 1 1 1 2 1 1 1 1 1 1 1 1 1 1 1 1 1 1 2 1 1 1 1 1 1 1 1 1 1 1 1 1 1 1 1 1 1 1 1 1 1 1 1 1 1 1 1 1 1 1 1 1 1 1 1 1 1 1 1 1 1 1 1 1 2 2 2 2 2 2 2 2 2 2 2 2 2 2 1 2 2 2 2 2 2 2 2 2 2 2 2 2 2 2 2 2 2 2 2 2 2 2 2 2 2 2 2 2 2 2 2 1 2 3 2 3 3 2 2 2 2 2 2 2 2 2 2 2 2 3 1 2 2 2 3 2 2 2 3 2 2 2 3 3 2 3 3 2 2 2 2 1 2 2 2 2 2 1 2 2 3 3 3 2 2 2 3 3 2 2 3 2 2 2 2 2 3 2 2 2 3 2 2 2 2 2 2 2 2 1 2 2 2 2 2 2 2 2 2 2 2 2 2 2 2 2 2 2 2 2 2 3 2 2 2 2 1 2 2 1 2 2 2 2 2 2 2 2 2 2 2 2 2 2 2 2 2 2 2 2 2 2 2 2 2 2 2 2 2 2 2 2 2 2 2 2 2 2 2 2 1 2 2 2 2 2 2 2 2 2 2 2 2 2 2 2 2 2 2 2 2 2 2 2 2 2 2 2 2 2 2 2 2 2 2 2 2 2 2 2 2 2 2 2 1 2 2 2 2 2 2 2 2 2 2 2 2 2 2 2 2 2 2 2 2 2 2 2 2 2 2 2 2 2 2 2 2 2 2 2 2 2 2 2 2 2 2 2 2 2 2 2 2 2 2 2 1 2 2 2 2 2 2 2 2 2 2 2 2 2 2 2 2 2 2 2 2 2 2 2 2 2 2 2 2 2 2 2 2 2 2 2 2 2 2 2 2 2 2 1 1 2 2 2 2 2 2 2 2 2 2 2 2 2 2 2 2 2 2 2 2 2 2 2 2 2 2 2 2 2 2 2 2 2 2 2 1 1 1 2 2 2 3 3 3 3 3 3 3 3 3 3 3 3 3 3 3 3 3 3 3 3 3 3 3 3 3 3 3 3 3 3 3 3 3 1 2 3 3 3 3 3 3 3 3 </vcount>
          <v>12 0 12 1 12 2 13 3 12 4 12 5 12 6 12 7 12 8 12 9 12 10 12 11 12 12 13 13 12 14 13 15 1 16 12 17 12 18 12 19 12 20 12 21 12 22 12 23 12 24 1 25 12 26 12 27 12 28 12 29 1 30 12 31 12 32 13 33 12 34 12 35 1 36 12 37 12 38 12 39 13 40 12 41 13 42 12 43 1 44 12 45 12 46 12 47 13 48 12 49 1 50 12 51 12 52 12 53 12 54 12 55 12 56 1 57 12 58 1 59 12 60 1 61 12 62 1 63 12 64 3 65 3 66 3 67 3 68 3 69 3 70 3 71 3 72 3 73 3 74 2 75 3 76 12 77 12 78 1 79 2 80 12 81 3 82 2 83 3 84 3 85 2 86 3 87 3 88 3 89 2 90 3 91 2 92 3 93 12 94 1 95 2 96 12 97 3 98 3 99 1 100 12 101 3 102 3 103 3 104 1 105 12 106 1 107 12 108 3 109 3 110 3 111 3 112 3 113 3 114 3 115 3 116 3 117 3 118 3 119 3 120 3 121 3 122 3 123 2 124 3 125 3 126 3 127 3 128 3 129 2 130 3 131 3 132 3 133 3 134 3 135 3 136 3 137 3 138 3 139 3 140 3 141 3 142 3 143 3 144 3 145 3 146 3 147 3 148 3 149 3 150 3 151 3 152 3 153 3 154 3 155 3 156 3 157 3 158 3 159 2 160 3 161 3 162 1 163 2 164 3 165 1 166 2 167 3 168 2 169 3 170 3 171 2 172 3 173 2 174 3 175 3 176 3 177 3 178 3 179 3 180 3 181 2 182 3 183 3 184 3 185 3 186 3 187 3 188 3 189 2 190 3 191 3 192 3 193 3 194 3 195 3 196 3 197 3 198 3 199 3 200 3 201 3 202 3 203 3 204 15 205 1 206 2 207 15 208 15 209 3 210 3 211 2 212 3 213 3 214 3 215 3 216 3 217 3 218 3 219 1 220 15 221 1 222 15 223 3 224 3 225 3 226 3 227 3 228 3 229 3 230 3 231 3 232 3 233 3 234 3 235 3 236 15 237 1 238 15 239 1 240 15 241 15 242 16 243 15 244 15 245 1 246 15 247 15 248 1 249 15 250 1 251 15 252 15 253 16 254 15 255 16 256 15 257 15 258 15 259 1 260 15 261 1 262 15 263 15 264 15 265 15 266 15 267 15 268 15 269 1 270 15 271 15 272 16 273 15 274 16 275 1 276 15 277 15 278 15 279 15 280 15 281 16 282 15 283 16 284 15 285 1 286 15 287 15 288 15 289 15 290 1 291 15 292 1 293 15 294 1 295 15 296 3 297 3 298 3 299 4 300 3 301 3 302 3 303 4 304 4 305 3 306 4 307 3 308 4 309 4 310 4 311 3 312 3 313 3 314 4 315 3 316 4 317 3 318 4 319 3 320 3 321 3 322 4 323 3 324 3 325 4 326 4 327 4 328 3 329 4 330 4 331 4 332 4 333 4 334 4 335 4 336 4 337 4 338 4 339 4 340 4 341 4 342 3 343 4 344 4 345 4 346 4 347 4 348 4 349 4 350 4 351 4 352 4 353 4 354 4 355 4 356 4 357 4 358 4 359 4 360 4 361 4 362 4 363 4 364 4 365 4 366 4 367 4 368 4 369 4 370 4 371 4 372 4 373 4 374 4 375 4 376 4 377 4 378 4 379 4 380 4 381 4 382 4 383 4 384 4 385 4 386 4 387 4 388 4 389 4 390 4 391 4 392 4 393 4 394 4 395 4 396 4 397 4 398 4 399 4 400 4 401 4 402 4 403 4 404 3 405 4 406 4 407 4 408 4 409 4 410 4 411 4 412 3 413 4 414 3 415 4 416 4 417 4 418 4 419 3 420 4 421 4 422 4 423 4 424 4 425 4 426 4 427 4 428 4 429 4 430 4 431 4 432 4 433 4 434 4 435 4 436 4 437 4 438 4 439 4 440 4 441 4 442 4 443 4 444 4 445 4 446 4 447 4 448 4 449 4 450 4 451 4 452 4 453 4 454 4 455 4 456 4 457 4 458 4 459 4 460 4 461 4 462 4 463 4 464 4 465 4 466 4 467 3 468 3 469 4 470 3 471 3 472 3 473 4 474 3 475 4 476 3 477 4 478 4 479 4 480 4 481 4 482 3 483 3 484 4 485 3 486 3 487 4 488 3 489 4 490 3 491 3 492 4 493 3 494 3 495 4 496 3 497 4 498 4 499 4 500 4 501 4 502 4 503 4 504 13 505 12 506 13 507 13 508 13 509 13 510 13 511 13 512 13 513 13 514 12 515 13 516 13 517 12 518 13 519 13 520 13 521 13 522 13 523 13 524 13 525 14 526 13 527 13 528 13 529 13 530 13 531 13 532 13 533 13 534 13 535 13 536 14 537 13 538 13 539 13 540 13 541 13 542 12 543 13 544 13 545 14 546 14 547 14 548 14 549 14 550 13 551 14 552 13 553 14 554 13 555 14 556 14 557 14 558 14 559 14 560 14 561 14 562 14 563 14 564 14 565 14 566 13 567 14 568 13 569 14 570 14 571 14 572 14 573 14 574 14 575 14 576 14 577 14 578 13 579 14 580 14 581 14 582 14 583 13 584 13 585 13 586 14 587 13 588 13 589 13 590 13 591 14 592 14 593 14 594 14 595 14 596 13 597 13 598 13 599 13 600 13 601 13 602 13 603 14 604 14 605 14 606 13 607 12 608 13 609 13 610 13 611 13 612 12 613 13 614 14 615 13 616 14 617 14 618 13 619 13 620 13 621 13 622 13 623 12 624 13 625 13 626 13 627 12 628 13 629 12 630 13 631 14 632 14 633 13 634 14 635 14 636 14 637 14 638 14 639 14 640 14 641 14 642 14 643 14 644 14 645 14 646 14 647 14 648 14 649 14 650 13 651 13 652 14 653 13 654 14 655 13 656 14 657 13 658 14 659 14 660 14 661 14 662 13 663 14 664 14 665 14 666 13 667 14 668 14 669 14 670 14 671 14 672 14 673 14 674 14 675 14 676 14 677 14 678 14 679 14 680 14 681 14 682 14 683 14 684 14 685 14 686 16 687 16 688 15 689 16 690 16 691 16 692 16 693 15 694 16 695 16 696 16 697 16 698 15 699 16 700 15 701 16 702 16 703 16 704 16 705 16 706 16 707 16 708 16 709 17 710 16 711 16 712 16 713 16 714 16 715 16 716 16 717 16 718 16 719 16 720 16 721 16 722 16 723 16 724 16 725 16 726 17 727 16 728 17 729 17 730 17 731 17 732 17 733 17 734 17 735 17 736 17 737 17 738 17 739 16 740 17 741 17 742 17 743 16 744 17 745 17 746 17 747 17 748 17 749 16 750 17 751 16 752 17 753 16 754 17 755 17 756 17 757 17 758 17 759 17 760 17 761 17 762 17 763 17 764 17 765 17 766 17 767 17 768 17 769 17 770 17 771 17 772 16 773 17 774 16 775 16 776 16 777 16 778 16 779 17 780 16 781 17 782 17 783 16 784 16 785 16 786 16 787 16 788 16 789 15 790 16 791 16 792 16 793 16 794 16 795 16 796 16 797 16 798 16 799 16 800 15 801 16 802 16 803 15 804 16 805 16 806 16 807 15 808 16 809 16 810 15 811 16 812 17 813 17 814 16 815 17 816 17 817 17 818 17 819 17 820 17 821 17 822 17 823 17 824 17 825 17 826 17 827 17 828 17 829 17 830 17 831 16 832 16 833 17 834 16 835 17 836 16 837 16 838 17 839 17 840 17 841 17 842 17 843 17 844 16 845 17 846 17 847 17 848 17 849 17 850 17 851 17 852 17 853 17 854 17 855 17 856 17 857 17 858 17 859 17 860 17 861 17 862 17 863 17 864 16 865 17 866 5 867 5 868 5 869 6 870 5 871 6 872 5 873 6 874 6 875 6 876 5 877 6 878 6 879 6 880 6 881 6 882 6 883 5 884 6 885 6 886 5 887 5 888 5 889 6 890 6 891 5 892 6 893 5 894 6 895 5 896 6 897 5 898 6 899 6 900 6 901 6 902 5 903 5 904 5 905 6 906 6 907 5 908 5 909 5 910 5 911 6 912 6 913 5 914 5 915 5 916 5 917 6 918 6 919 5 920 5 921 5 922 5 923 6 924 6 925 6 926 6 927 5 928 5 929 5 930 5 931 5 932 6 933 5 934 6 935 6 936 5 937 6 938 6 939 6 940 5 941 6 942 5 943 5 944 5 945 5 946 5 947 6 948 5 949 6 950 6 951 6 952 5 953 5 954 5 955 6 956 6 957 5 958 5 959 5 960 5 961 5 962 5 963 6 964 5 965 5 966 6 967 5 968 6 969 5 970 6 971 6 972 6 973 7 974 6 975 7 976 7 977 7 978 6 979 7 980 6 981 7 982 7 983 6 984 6 985 6 986 7 987 7 988 6 989 7 990 6 991 7 992 6 993 6 994 6 995 7 996 6 997 7 998 6 999 7 1000 7 1001 6 1002 7 1003 9 1004 9 1005 10 1006 9 1007 9 1008 9 1009 9 1010 9 1011 9 1012 9 1013 9 1014 9 1015 10 1016 9 1017 10 1018 9 1019 10 1020 9 1021 9 1022 10 1023 9 1024 10 1025 9 1026 9 1027 9 1028 9 1029 9 1030 9 1031 9 1032 9 1033 9 1034 9 1035 9 1036 9 1037 9 1038 10 1039 9 1040 9 1041 9 1042 9 1043 9 1044 9 1045 9 1046 9 1047 9 1048 9 1049 9 1050 9 1051 9 1052 9 1053 9 1054 10 1055 9 1056 9 1057 9 1058 9 1059 9 1060 9 1061 10 1062 9 1063 10 1064 9 1065 9 1066 9 1067 9 1068 10 1069 10 1070 9 1071 10 1072 10 1073 10 1074 9 1075 10 1076 10 1077 10 1078 9 1079 10 1080 9 1081 10 1082 10 1083 8 1084 8 1085 8 1086 8 1087 8 1088 8 1089 8 1090 8 1091 8 1092 8 1093 8 1094 8 1095 8 1096 8 1097 8 1098 8 1099 8 1100 8 1101 8 1102 8 1103 8 1104 8 1105 8 1106 8 1107 8 1108 8 1109 8 1110 8 1111 8 1112 8 1113 8 1114 8 1115 8 1116 8 1117 8 1118 8 1119 8 1120 8 1121 8 1122 8 1123 8 1124 8 1125 8 1126 8 1127 8 1128 8 1129 8 1130 8 1131 8 1132 8 1133 8 1134 8 1135 8 1136 8 1137 8 1138 8 1139 8 1140 8 1141 8 1142 8 1143 8 1144 8 1145 8 1146 8 1147 8 1148 8 1149 8 1150 8 1151 8 1152 8 1153 8 1154 8 1155 8 1156 8 1157 8 1158 8 1159 8 1160 8 1161 8 1162 8 1163 8 1164 8 1165 8 1166 8 1167 8 1168 8 1169 8 1170 8 1171 8 1172 8 1173 8 1174 8 1175 8 1176 8 1177 8 1178 8 1179 8 1180 8 1181 8 1182 8 1183 8 1184 8 1185 8 1186 8 1187 8 1188 8 1189 8 1190 8 1191 8 1192 8 1193 8 1194 8 1195 8 1196 8 1197 8 1198 8 1199 8 1200 8 1201 8 1202 8 1203 8 1204 8 1205 8 1206 8 1207 8 1208 8 1209 8 1210 8 1211 8 1212 8 1213 8 1214 8 1215 8 1216 8 1217 8 1218 8 1219 8 1220 8 1221 8 1222 8 1223 8 1224 8 1225 8 1226 8 1227 8 1228 8 1229 8 1230 8 1231 8 1232 8 1233 8 1234 8 1235 8 1236 8 1237 8 1238 8 1239 8 1240 8 1241 8 1242 8 1243 8 1244 8 1245 8 1246 8 1247 8 1248 8 1249 8 1250 8 1251 8 1252 11 1253 11 1254 11 1255 11 1256 11 1257 11 1258 11 1259 11 1260 11 1261 11 1262 11 1263 11 1264 11 1265 11 1266 11 1267 11 1268 11 1269 11 1270 11 1271 11 1272 11 1273 11 1274 11 1275 11 1276 11 1277 11 1278 11 1279 11 1280 11 1281 11 1282 11 1283 11 1284 11 1285 11 1286 11 1287 11 1288 11 1289 11 1290 11 1291 11 1292 11 1293 11 1294 11 1295 11 1296 11 1297 11 1298 11 1299 11 1300 11 1301 11 1302 11 1303 11 1304 11 1305 11 1306 11 1307 11 1308 11 1309 11 1310 11 1311 11 1312 11 1313 11 1314 11 1315 11 1316 11 1317 11 1318 11 1319 11 1320 11 1321 11 1322 11 1323 11 1324 11 1325 11 1326 11 1327 11 1328 11 1329 11 1330 11 1331 11 1332 11 1333 11 1334 11 1335 11 1336 11 1337 11 1338 11 1339 11 1340 11 1341 11 1342 11 1343 11 1344 11 1345 11 1346 11 1347 11 1348 11 1349 11 1350 11 1351 11 1352 11 1353 11 1354 11 1355 11 1356 11 1357 11 1358 11 1359 11 1360 11 1361 11 1362 11 1363 11 1364 11 1365 11 1366 11 1367 11 1368 11 1369 11 1370 11 1371 11 1372 11 1373 11 1374 11 1375 11 1376 11 1377 11 1378 11 1379 11 1380 11 1381 11 1382 11 1383 11 1384 11 1385 11 1386 11 1387 11 1388 11 1389 11 1390 11 1391 11 1392 11 1393 11 1394 11 1395 11 1396 11 1397 11 1398 11 1399 11 1400 11 1401 11 1402 11 1403 11 1404 11 1405 11 1406 11 1407 11 1408 11 1409 11 1410 11 1411 11 1412 11 1413 11 1414 11 1415 11 1416 11 1417 11 1418 11 1419 11 1420 11 1421 12 1422 12 1423 12 1424 12 1425 12 1426 12 1427 12 1428 3 1429 3 1430 3 1431 3 1432 3 1433 3 1434 3 1435 3 1436 3 1437 3 1438 3 1439 3 1440 3 1441 3 1442 15 1443 15 1444 15 1445 15 1446 15 1447 15 1448 15 1449 13 1450 13 1451 13 1452 13 1453 13 1454 13 1455 13 1456 13 1457 13 1458 13 1459 12 1460 13 1461 13 1462 13 1463 13 1464 16 1465 16 1466 16 1467 16 1468 16 1469 16 1470 16 1471 16 1472 16 1473 16 1474 16 1475 15 1476 16 1477 16 1478 16 1479 6 1480 6 1481 6 1482 6 1483 6 1484 6 1485 6 1486 8 1487 8 1488 8 1489 8 1490 8 1491 8 1492 8 1493 8 1494 8 1495 8 1496 8 1497 8 1498 8 1499 8 1500 8 1501 8 1502 8 1503 8 1504 11 1505 11 1506 11 1507 11 1508 11 1509 11 1510 11 1511 11 1512 11 1513 11 1514 11 1515 11 1516 11 1517 11 1518 11 1519 11 1520 11 1521 11 1522 1 1523 12 1524 1 1525 12 1526 12 1527 13 1528 12 1529 13 1530 12 1531 13 1532 12 1533 13 1534 12 1535 13 1536 12 1537 13 1538 1 1539 12 1540 12 1541 13 1542 12 1543 13 1544 12 1545 13 1546 1 1547 12 1548 1 1549 12 1550 12 1551 12 1552 13 1553 12 1554 13 1555 1 1556 12 1557 12 1558 13 1559 12 1560 13 1561 12 1562 13 1563 12 1564 13 1565 12 1566 13 1567 1 1568 12 1569 12 1570 13 1571 12 1572 13 1573 1 1574 12 1575 1 1576 12 1577 1 1578 12 1579 1 1580 12 1581 1 1582 12 1583 1 1584 12 1585 1 1586 12 1587 1 1588 12 1589 1 1590 12 1591 1 1592 12 1593 1 1594 12 1595 1 1596 12 1597 1 1598 12 1599 1 1600 12 1601 1 1602 12 1603 1 1604 12 1605 2 1606 3 1607 2 1608 3 1609 2 1610 3 1611 2 1612 3 1613 2 1614 3 1615 3 1616 2 1617 3 1618 1 1619 2 1620 3 1621 2 1622 3 1623 1 1624 2 1625 3 1626 1 1627 2 1628 3 1629 1 1630 12 1631 1 1632 12 1633 1 1634 12 1635 1 1636 12 1637 1 1638 12 1639 2 1640 3 1641 1 1642 12 1643 1 1644 12 1645 2 1646 3 1647 2 1648 3 1649 1 1650 12 1651 1 1652 12 1653 1 1654 2 1655 12 1656 3 1657 2 1658 3 1659 1 1660 12 1661 1 1662 12 1663 1 1664 2 1665 12 1666 1 1667 12 1668 1 1669 12 1670 1 1671 12 1672 1 1673 12 1674 15 1675 1 1676 12 1677 1 1678 12 1679 1 1680 12 1681 1 1682 12 1683 15 1684 1 1685 12 1686 15 1687 1 1688 12 1689 1 1690 12 1691 15 1692 1 1693 12 1694 15 1695 2 1696 3 1697 2 1698 3 1699 2 1700 3 1701 2 1702 3 1703 3 1704 2 1705 3 1706 2 1707 3 1708 2 1709 3 1710 2 1711 3 1712 2 1713 3 1714 3 1715 2 1716 3 1717 2 1718 3 1719 1 1720 2 1721 3 1722 1 1723 2 1724 3 1725 1 1726 2 1727 3 1728 2 1729 3 1730 2 1731 3 1732 1 1733 15 1734 1 1735 2 1736 15 1737 1 1738 2 1739 15 1740 1 1741 15 1742 1 1743 15 1744 1 1745 2 1746 15 1747 2 1748 3 1749 1 1750 15 1751 1 1752 15 1753 1 1754 15 1755 1 1756 15 1757 1 1758 12 1759 15 1760 1 1761 15 1762 1 1763 15 1764 1 1765 15 1766 1 1767 12 1768 15 1769 1 1770 15 1771 1 1772 15 1773 1 1774 15 1775 1 1776 15 1777 2 1778 3 1779 2 1780 3 1781 2 1782 3 1783 2 1784 3 1785 3 1786 1 1787 15 1788 1 1789 15 1790 15 1791 16 1792 1 1793 15 1794 15 1795 16 1796 15 1797 16 1798 15 1799 16 1800 15 1801 16 1802 15 1803 16 1804 1 1805 15 1806 15 1807 16 1808 15 1809 16 1810 1 1811 15 1812 1 1813 15 1814 1 1815 15 1816 15 1817 16 1818 1 1819 15 1820 15 1821 16 1822 1 1823 15 1824 15 1825 16 1826 15 1827 16 1828 1 1829 15 1830 16 1831 15 1832 16 1833 1 1834 15 1835 15 1836 16 1837 15 1838 16 1839 15 1840 1 1841 15 1842 15 1843 16 1844 15 1845 1 1846 15 1847 15 1848 16 1849 15 1850 16 1851 1 1852 15 1853 1 1854 15 1855 1 1856 15 1857 1 1858 15 1859 1 1860 15 1861 1 1862 15 1863 1 1864 15 1865 1 1866 15 1867 1 1868 15 1869 1 1870 15 1871 1 1872 15 1873 1 1874 15 1875 1 1876 15 1877 1 1878 15 1879 1 1880 15 1881 1 1882 15 1883 1 1884 15 1885 1 1886 15 1887 1 1888 15 1889 1 1890 15 1891 1 1892 15 1893 1 1894 15 1895 1 1896 15 1897 1 1898 15 1899 1 1900 15 1901 1 1902 15 1903 1 1904 15 1905 3 1906 4 1907 3 1908 4 1909 3 1910 4 1911 3 1912 4 1913 3 1914 4 1915 3 1916 4 1917 3 1918 4 1919 3 1920 4 1921 3 1922 4 1923 3 1924 4 1925 3 1926 3 1927 4 1928 3 1929 4 1930 3 1931 4 1932 3 1933 4 1934 3 1935 4 1936 3 1937 4 1938 12 1939 13 1940 12 1941 13 1942 12 1943 13 1944 12 1945 13 1946 12 1947 13 1948 12 1949 13 1950 12 1951 13 1952 12 1953 13 1954 12 1955 13 1956 13 1957 14 1958 13 1959 14 1960 12 1961 13 1962 13 1963 14 1964 13 1965 14 1966 12 1967 13 1968 13 1969 14 1970 13 1971 14 1972 13 1973 14 1974 12 1975 13 1976 12 1977 13 1978 13 1979 14 1980 13 1981 14 1982 13 1983 14 1984 13 1985 14 1986 12 1987 13 1988 13 1989 14 1990 13 1991 14 1992 13 1993 14 1994 13 1995 14 1996 13 1997 14 1998 13 1999 14 2000 13 2001 14 2002 13 2003 14 2004 13 2005 14 2006 13 2007 14 2008 13 2009 14 2010 13 2011 14 2012 13 2013 13 2014 14 2015 13 2016 14 2017 13 2018 14 2019 13 2020 14 2021 13 2022 14 2023 13 2024 14 2025 12 2026 13 2027 12 2028 13 2029 12 2030 13 2031 13 2032 14 2033 13 2034 14 2035 13 2036 14 2037 13 2038 14 2039 15 2040 16 2041 15 2042 16 2043 15 2044 16 2045 15 2046 16 2047 15 2048 16 2049 15 2050 16 2051 15 2052 16 2053 15 2054 16 2055 15 2056 16 2057 15 2058 16 2059 15 2060 16 2061 15 2062 16 2063 16 2064 17 2065 16 2066 17 2067 16 2068 17 2069 16 2070 17 2071 16 2072 17 2073 16 2074 17 2075 16 2076 17 2077 16 2078 17 2079 16 2080 17 2081 16 2082 17 2083 16 2084 17 2085 16 2086 17 2087 16 2088 17 2089 16 2090 17 2091 16 2092 17 2093 16 2094 17 2095 16 2096 17 2097 16 2098 17 2099 16 2100 17 2101 16 2102 17 2103 16 2104 17 2105 16 2106 17 2107 16 2108 17 2109 16 2110 17 2111 16 2112 17 2113 16 2114 17 2115 16 2116 16 2117 17 2118 16 2119 17 2120 16 2121 17 2122 16 2123 17 2124 15 2125 16 2126 15 2127 16 2128 15 2129 16 2130 16 2131 17 2132 16 2133 17 2134 16 2135 17 2136 16 2137 17 2138 16 2139 17 2140 16 2141 17 2142 5 2143 6 2144 5 2145 6 2146 5 2147 6 2148 5 2149 6 2150 5 2151 6 2152 5 2153 6 2154 5 2155 6 2156 5 2157 6 2158 5 2159 6 2160 5 2161 6 2162 5 2163 6 2164 5 2165 6 2166 5 2167 6 2168 5 2169 6 2170 5 2171 6 2172 5 2173 6 2174 5 2175 6 2176 5 2177 6 2178 5 2179 6 2180 5 2181 6 2182 5 2183 6 2184 5 2185 6 2186 5 2187 6 2188 5 2189 6 2190 6 2191 7 2192 6 2193 7 2194 6 2195 7 2196 6 2197 7 2198 6 2199 7 2200 6 2201 9 2202 9 2203 10 2204 9 2205 10 2206 9 2207 10 2208 9 2209 10 2210 9 2211 10 2212 9 2213 10 2214 9 2215 10 2216 9 2217 10 2218 9 2219 10 2220 9 2221 10 2222 9 2223 10 2224 9 2225 10 2226 9 2227 10 2228 9 2229 10 2230 9 2231 10 2232 9 2233 10 2234 9 2235 10 2236 9 2237 10 2238 9 2239 10 2240 9 2241 10 2242 9 2243 10 2244 9 2245 10 2246 9 2247 10 2248 9 2249 10 2250 9 2251 10 2252 9 2253 10 2254 9 2255 10 2256 9 2257 10 2258 9 2259 10 2260 9 2261 10 2262 9 2263 10 2264 9 2265 10 2266 9 2267 10 2268 9 2269 10 2270 9 2271 10 2272 10 2273 10 2274 10 2275 9 2276 10 2277 9 2278 10 2279 9 2280 10 2281 1 2282 2 2283 3 2284 1 2285 2 2286 3 2287 1 2288 2 2289 3 2290 1 2291 2 2292 3 2293 1 2294 12 2295 15 2296 1 2297 2 2298 12 2299 1 2300 2 2301 3 2302 1 2303 2 2304 3 2305 1 2306 2 2307 12 2308 1 2309 2 2310 3 2311 1 2312 2 2313 3 2314 1 2315 2 2316 3 2317 1 2318 2 2319 3 2320 1 2321 12 2322 15 2323 1 2324 2 2325 3 2326 1 2327 12 2328 15 2329 1 2330 12 2331 15 2332 1 2333 12 2334 15 2335 1 2336 12 2337 15 2338 1 2339 2 2340 3 2341 1 2342 2 2343 3 2344 1 2345 2 2346 3 2347 1 2348 2 2349 3 2350 1 2351 2 2352 3 2353 1 2354 2 2355 3 2356 1 2357 2 2358 15 2359 1 2360 2 2361 15 2362 1 2363 2 2364 3 2365 1 2366 2 2367 3 2368 1 2369 12 2370 15 2371 1 2372 2 2373 3 2374 1 2375 2 2376 15 2377 1 2378 12 2379 15 2380 15 2381 1 2382 15 2383 1 2384 12 2385 15 2386 1 2387 12 2388 15 2389 1 2390 2 2391 15 2392 1 2393 12 2394 15 2395 1 2396 12 2397 15 2398 1 2399 12 2400 15 2401 1 2402 12 2403 15 2404 1 2405 12 2406 15 2407</v>
        </vertex_weights>
      </skin>
    </controller>
  </library_controllers>
  <library_visual_scenes>
    <visual_scene id="Scene" name="Scene">
      <node id="Armature" name="Armature" type="NODE">
        <matrix sid="transform">1 0 0 0 0 -1.62921e-7 -1 0 0 1 -1.62921e-7 0 0 0 0 1</matrix>
        <node id="DC_Root" name="DC_Root" sid="DC_Root" type="JOINT">
          <matrix sid="transform">1 0 0 0 0 1 0 0 0 0 1 0 0 0 0 1</matrix>
          <node id="C01_Master_SKN" name="C01_Master_SKN" sid="C01_Master_SKN" type="JOINT">
            <matrix sid="transform">0 1 0 3.61514e-6 1 0 2.05834e-6 10.0478 2.05834e-6 0 -1 2.87927 0 0 0 1</matrix>
            <node id="C01_Spine_SKN" name="C01_Spine_SKN" sid="C01_Spine_SKN" type="JOINT">
              <matrix sid="transform">-9.96586e-4 0.9995247 0.03081199 17.82417 -0.9994802 -2.67162e-6 -0.03223905 -1.81121e-5 -0.03222364 -0.03082811 0.9990052 -4.745702 0 0 0 1</matrix>
              <node id="C01_Spine1_SKN" name="C01_Spine1_SKN" sid="C01_Spine1_SKN" type="JOINT">
                <matrix sid="transform">-0.005556106 -0.9994802 -0.03175665 -1.49012e-8 0.9850515 -2.72071e-6 -0.1722599 16.93891 0.1721702 -0.03223903 0.9845394 0 0 0 0 1</matrix>
                <node id="C01_Head_SKN" name="C01_Head_SKN" sid="C01_Head_SKN" type="JOINT">
                  <matrix sid="transform">0.9676966 0 0.2521175 36.05836 1.72085e-14 1 7.10543e-15 -2.70461e-5 -0.2521176 0 0.9676966 1.852617 0 0 0 1</matrix>
                </node>
                <node id="L01_UpperArm_SKN" name="L01_UpperArm_SKN" sid="L01_UpperArm_SKN" type="JOINT">
                  <matrix sid="transform">-0.9004987 0.3735945 -0.2225513 21.65317 0.3876919 0.9215329 -0.02173284 26.55889 0.1969691 -0.1058518 -0.9746787 5.764783 0 0 0 1</matrix>
                  <node id="L01_Forearm_SKN" name="L01_Forearm_SKN" sid="L01_Forearm_SKN" type="JOINT">
                    <matrix sid="transform">0.04441106 0.9951702 -0.08754219 43.20524 -0.9989281 0.0453812 0.00912372 1.97163 0.01305245 0.08704314 0.9961191 0.01650572 0 0 0 1</matrix>
                    <node id="L01_Hand_SKN" name="L01_Hand_SKN" sid="L01_Hand_SKN" type="JOINT">
                      <matrix sid="transform">0.04998105 -0.1316441 -0.9900361 3.8147e-6 0.9972591 -0.04756687 0.05667056 36.1425 -0.05455328 -0.990155 0.1289059 0 0 0 0 1</matrix>
                    </node>
                  </node>
                  <node id="L01_Shoulder_SKN" name="L01_Shoulder_SKN" sid="L01_Shoulder_SKN" type="JOINT">
                    <matrix sid="transform">0.4756522 -0.01962972 0.8794143 0.01420593 0.8692729 0.16348 -0.4665179 -0.007614136 -0.1346091 0.9863513 0.09482323 0.001729488 0 0 0 1</matrix>
                  </node>
                </node>
                <node id="R01_UpperArm_SKN" name="R01_UpperArm_SKN" sid="R01_UpperArm_SKN" type="JOINT">
                  <matrix sid="transform">-0.8922086 -0.3947236 -0.2194476 21.65307 -0.408051 0.9127982 0.01715136 -26.55894 0.1935413 0.1048484 -0.9754735 5.764717 0 0 0 1</matrix>
                  <node id="R01_Forearm_SKN" name="R01_Forearm_SKN" sid="R01_Forearm_SKN" type="JOINT">
                    <matrix sid="transform">0.9965176 8.84756e-8 -0.08338348 43.23844 2.4743e-4 0.9999956 0.002957013 -1.011028 0.08338309 -0.002967343 0.9965132 -0.02346087 0 0 0 1</matrix>
                  </node>
                  <node id="R01_Shoulder_SKN" name="R01_Shoulder_SKN" sid="R01_Shoulder_SKN" type="JOINT">
                    <matrix sid="transform">-0.4947151 -0.01495964 0.8689267 -6.10352e-5 0.8592149 -0.1584571 0.486458 1.90735e-5 0.1304103 0.987253 0.09124446 4.62532e-5 0 0 0 1</matrix>
                  </node>
                </node>
              </node>
            </node>
            <node id="L01_Thigh_SKN" name="L01_Thigh_SKN" sid="L01_Thigh_SKN" type="JOINT">
              <matrix sid="transform">0.004197099 -0.9999421 -0.0099048 2.86102e-6 -0.7085757 0.004015395 -0.7056235 15.95058 0.7056224 0.00997981 -0.7085178 3.09944e-5 0 0 0 1</matrix>
              <node id="L01_Calf_SKN" name="L01_Calf_SKN" sid="L01_Calf_SKN" type="JOINT">
                <matrix sid="transform">0.6636035 0.07349551 -0.7444654 0 0.003505172 0.9948459 0.101338 59.81572 0.7480761 -0.06985778 0.6599258 9.53674e-7 0 0 0 1</matrix>
                <node id="L01_Foot_SKN" name="L01_Foot_SKN" sid="L01_Foot_SKN" type="JOINT">
                  <matrix sid="transform">0.008129324 0.9980595 -0.06173672 -3.8147e-6 0.9937875 -0.001210427 0.1112899 60.38166 0.1109992 -0.06225789 -0.9918684 1.90735e-6 0 0 0 1</matrix>
                </node>
              </node>
            </node>
            <node id="R01_Thigh_SKN" name="R01_Thigh_SKN" sid="R01_Thigh_SKN" type="JOINT">
              <matrix sid="transform">-0.004381562 -0.9999418 -0.00982601 -4.86374e-5 -0.6951031 -0.004018416 0.7188988 -15.95065 -0.7188965 0.009980077 -0.6950453 -2.47955e-5 0 0 0 1</matrix>
              <node id="R01_Calf_SKN" name="R01_Calf_SKN" sid="R01_Calf_SKN" type="JOINT">
                <matrix sid="transform">0.8005592 -0.07480565 0.5945662 0 0.01898423 0.9948459 0.09960546 59.81562 -0.5989528 -0.06845266 0.7978533 -9.53674e-7 0 0 0 1</matrix>
                <node id="R01_Foot_SKN" name="R01_Foot_SKN" sid="R01_Foot_SKN" type="JOINT">
                  <matrix sid="transform">0.01660561 0.9871342 -0.1590305 -1.90735e-6 0.9937878 0.001210754 0.1112847 60.3817 0.1100454 -0.1598906 -0.9809816 9.53674e-7 0 0 0 1</matrix>
                </node>
              </node>
            </node>
          </node>
          <node id="DC_FX" name="DC_FX" sid="DC_FX" type="JOINT">
            <matrix sid="transform">1 0 0 0 0 1 0 -126.61 0 0 1 0 0 0 0 1</matrix>
          </node>
          <node id="DC_FXMuzzle" name="DC_FXMuzzle" sid="DC_FXMuzzle" type="JOINT">
            <matrix sid="transform">1 0 0 0 0 1 0 -126.61 0 0 1 0 0 0 0 1</matrix>
          </node>
          <node id="DC_Floor" name="DC_Floor" sid="DC_Floor" type="JOINT">
            <matrix sid="transform">1 0 0 0 0 1 0 -126.61 0 0 1 0 0 0 0 1</matrix>
          </node>
          <node id="DC_Grab" name="DC_Grab" sid="DC_Grab" type="JOINT">
            <matrix sid="transform">1 0 0 0 0 0 -1 -126.61 0 1 0 7.817e-5 0 0 0 1</matrix>
          </node>
          <node id="DC_Shot" name="DC_Shot" sid="DC_Shot" type="JOINT">
            <matrix sid="transform">1 0 0 0 0 0.9999999 0 14.3078 0 0 1 94.7481 0 0 0 1</matrix>
          </node>
          <node id="DC_RootMotion" name="DC_RootMotion" sid="DC_RootMotion" type="JOINT">
            <matrix sid="transform">1 0 0 0 0 1 0 0 0 0 1 0 0 0 0 1</matrix>
          </node>
        </node>
      </node>
      <node id="C01_Gun_Ch" name="C01_Gun_Ch" type="NODE">
        <translate sid="location">0 0 0</translate>
        <rotate sid="rotationZ">0 0 1 0</rotate>
        <rotate sid="rotationY">0 1 0 0</rotate>
        <rotate sid="rotationX">1 0 0 0</rotate>
        <scale sid="scale">1 1 1</scale>
        <instance_controller url="#Armature_C01_Gun_Ch-skin">
          <skeleton>#DC_Root</skeleton>
          <bind_material>
            <technique_common>
              <instance_material symbol="mesh_1_material-material" target="#mesh_1_material-material">
                <bind_vertex_input semantic="GeometrySource2" input_semantic="TEXCOORD" input_set="0"/>
              </instance_material>
            </technique_common>
          </bind_material>
        </instance_controller>
      </node>
      <node id="C01_HandBase_Ch" name="C01_HandBase_Ch" type="NODE">
        <translate sid="location">0 0 0</translate>
        <rotate sid="rotationZ">0 0 1 0</rotate>
        <rotate sid="rotationY">0 1 0 0</rotate>
        <rotate sid="rotationX">1 0 0 0</rotate>
        <scale sid="scale">1 1 1</scale>
        <instance_controller url="#Armature_C01_HandBase_Ch-skin">
          <skeleton>#DC_Root</skeleton>
          <bind_material>
            <technique_common>
              <instance_material symbol="mesh_2_material-material" target="#mesh_2_material-material">
                <bind_vertex_input semantic="GeometrySource5" input_semantic="TEXCOORD" input_set="0"/>
              </instance_material>
            </technique_common>
          </bind_material>
        </instance_controller>
      </node>
      <node id="C01_MuzzleClosed_Ch" name="C01_MuzzleClosed_Ch" type="NODE">
        <translate sid="location">0 0 0</translate>
        <rotate sid="rotationZ">0 0 1 0</rotate>
        <rotate sid="rotationY">0 1 0 0</rotate>
        <rotate sid="rotationX">1 0 0 0</rotate>
        <scale sid="scale">1 1 1</scale>
        <instance_controller url="#Armature_C01_MuzzleClosed_Ch-skin">
          <skeleton>#DC_Root</skeleton>
          <bind_material>
            <technique_common>
              <instance_material symbol="mesh_6_material-material" target="#mesh_6_material-material">
                <bind_vertex_input semantic="GeometrySource8" input_semantic="TEXCOORD" input_set="0"/>
              </instance_material>
            </technique_common>
          </bind_material>
        </instance_controller>
      </node>
      <node id="C01_Body_Ch" name="C01_Body_Ch" type="NODE">
        <translate sid="location">0 0 0</translate>
        <rotate sid="rotationZ">0 0 1 0</rotate>
        <rotate sid="rotationY">0 1 0 0</rotate>
        <rotate sid="rotationX">1 0 0 0</rotate>
        <scale sid="scale">1 1 1</scale>
        <instance_controller url="#Armature_C01_Body_Ch-skin">
          <skeleton>#DC_Root</skeleton>
          <bind_material>
            <technique_common>
              <instance_material symbol="mesh_0_material-material" target="#mesh_0_material-material">
                <bind_vertex_input semantic="GeometrySource11" input_semantic="TEXCOORD" input_set="0"/>
              </instance_material>
            </technique_common>
          </bind_material>
        </instance_controller>
      </node>
    </visual_scene>
  </library_visual_scenes>
  <scene>
    <instance_visual_scene url="#Scene"/>
  </scene>
</COLLADA>