# Blender v2.77 (sub 0) OBJ File: ''
# www.blender.org
mtllib 00000000.mtl
o C01_Body_Ch
v 4.992040 -19.427200 -3.054183
v 12.939097 -12.269598 -10.925402
v 7.815760 -30.856499 -1.833674
v 18.814098 8.461800 -13.504397
v 20.641399 -7.380677 -10.994401
v 26.495796 8.582471 -7.356988
v 14.673398 -26.470896 -8.032754
v 27.164597 0.935331 -6.905329
v 24.285698 -24.171293 -6.060633
v 24.216797 17.050200 -8.715407
v 27.264595 -7.977138 -5.115941
v 16.435200 -40.082695 -7.391476
v 9.756849 -40.820499 -2.950756
v 25.268398 20.525497 1.503764
v 28.629898 12.885300 1.424463
v 29.526295 7.172340 1.355512
v 32.829296 -7.163468 -2.540461
v 32.577595 -9.018369 3.165589
v 28.764397 -11.000799 3.503469
v 27.950695 10.799398 9.768063
v 28.622997 2.566119 10.157700
v 24.316795 19.477396 8.278623
v 33.794697 -0.581688 -3.760969
v 33.091297 -5.525779 7.920049
v 26.847397 -23.216297 3.393137
v 23.054901 -4.932771 16.470499
v 22.503197 -44.875095 -2.905937
v 34.384193 3.417721 1.614091
v 27.902397 -6.556660 10.423099
v 22.124001 6.748258 17.573801
v 34.046394 1.049110 7.199471
v 20.082897 -26.988100 12.353896
v 22.737700 -45.588795 2.213993
v 8.357060 -17.217199 15.077598
v 2.888911 -7.590991 12.557300
v 4.123210 -21.568199 3.951677
v 11.011801 -30.891001 11.043694
v 4.992040 -19.427200 -3.054183
v 3.150940 -7.080720 -3.426541
v 24.216797 17.050200 -8.715407
v 19.772598 11.385500 -6.029597
v 22.565300 17.039799 2.944933
v 18.814098 8.461800 -13.504397
v 21.634399 15.436599 8.171742
v 25.268398 20.525497 1.503764
v 11.473799 -0.795448 -13.980200
v 24.316795 19.477396 8.278623
v 18.941700 11.630298 12.746902
v -0.000321 70.307800 17.273811
v -0.000321 62.050392 19.687307
v 10.915299 71.997192 8.388961
v 11.304900 69.190689 8.282082
v 11.846200 75.738007 -0.892420
v 19.624399 44.284096 4.617106
v 23.375500 50.317696 2.900118
v 23.272099 54.696297 9.502588
v 18.721001 59.854195 2.410540
v 14.156199 47.949097 -7.336303
v 20.607000 61.147095 10.795509
v 21.634399 15.436599 8.171742
v 22.565300 17.039799 2.944933
v 19.641600 22.959698 8.123473
v 19.552000 52.014000 -5.164201
v 21.606800 53.196594 16.794607
v 20.717300 56.475395 -7.491451
v 7.595110 49.579796 -11.659792
v 15.997299 47.721497 -11.259892
v 18.803799 67.146194 6.558201
v 15.600800 69.545898 9.461211
v 14.687200 66.804901 10.433510
v 19.772598 11.385500 -6.029597
v 17.128197 18.791298 -4.419497
v 20.510399 49.972897 -10.091091
v 20.186300 60.874695 -9.022250
v 14.152799 13.061100 -8.508547
v 21.737799 54.523899 -12.704491
v 19.389900 70.487091 -1.040678
v 18.355600 69.952698 7.040881
v 10.687799 6.679310 -10.011798
v 13.825199 -0.085210 -4.364329
v 17.142000 61.650497 -14.186990
v 14.004499 68.594299 -11.542588
v 18.524500 55.903004 -16.221189
v 17.990099 68.418396 -5.577939
v 19.117500 74.634796 -2.002598
v 10.177500 58.540600 -16.303892
v 8.026080 65.753296 -14.173189
v 14.145900 53.641300 -17.524389
v 12.480599 49.338497 -14.814492
v 12.635699 70.793900 8.023501
v 11.846200 75.738007 -0.892420
v 11.304900 69.190689 8.282082
v 15.200900 72.352295 -10.373788
v 17.504002 77.823898 -7.536267
v 16.638599 73.786591 -9.815237
v 6.357360 54.289497 -16.400492
v -0.000321 63.988098 -16.648691
v 11.842800 73.927994 -14.748988
v 12.577100 76.255188 -15.635087
v 8.715630 80.144287 -9.187746
v -0.000321 54.086098 -16.534891
v -0.000321 75.620789 -18.544987
v 6.243580 75.658691 -17.786488
v 12.656400 80.564896 -14.018086
v 6.371150 78.234192 -19.948187
v 6.533190 82.902496 -18.393286
v -0.000321 81.595795 -12.235586
v -0.000321 78.868591 -20.413687
v -0.000321 83.978195 -18.903585
v -0.000321 78.868591 -20.413687
v 6.371150 78.234192 -19.948187
v -0.000321 75.620789 -18.544987
v 6.243580 75.658691 -17.786488
v 12.577100 76.255188 -15.635087
v 11.842800 73.927994 -14.748988
v 16.638599 73.786591 -9.815237
v 15.200900 72.352295 -10.373788
v 19.389900 70.487091 -1.040678
v 17.990099 68.418396 -5.577939
v -0.000321 70.307800 17.273811
v -10.915899 71.997192 8.388961
v -0.000321 62.050392 19.687307
v -11.302100 69.190689 8.282082
v -11.846800 75.738007 -0.892420
v -23.376200 50.317696 2.900118
v -19.625000 44.284096 4.617106
v -23.272699 54.696297 9.502588
v -18.721699 59.854195 2.410540
v -14.156799 47.949097 -7.336303
v -20.607599 61.147095 10.795509
v -19.552599 52.014000 -5.164201
v -9.723020 38.795200 -2.581834
v -14.501599 36.009399 7.282226
v -21.607500 53.196594 16.794607
v -20.717899 56.475395 -7.491451
v -7.595750 49.579796 -11.659792
v -0.000321 39.988197 -4.298813
v -18.804399 67.146194 6.558201
v -15.598001 69.545898 9.461211
v -18.356199 69.952698 7.040881
v -20.511099 49.972897 -10.091091
v -19.390600 70.487091 -1.040678
v -20.187000 60.874695 -9.022250
v -14.687799 66.804901 10.433510
v -21.738499 54.523899 -12.704491
v -15.997900 47.721497 -11.259892
v -17.990799 68.418396 -5.577939
v -11.302100 69.190689 8.282082
v -19.118200 74.634796 -2.002598
v -0.000321 62.050392 19.687307
v -14.942900 52.686295 21.383608
v -17.142599 61.650497 -14.186990
v -14.005099 68.594299 -11.542588
v -17.504599 77.823898 -7.536267
v -12.636399 70.793900 8.023501
v -18.525200 55.903004 -16.221189
v -15.201500 72.352295 -10.373788
v -16.635799 73.786591 -9.815237
v -11.846800 75.738007 -0.892420
v -8.026720 65.753296 -14.173189
v -10.178100 58.540600 -16.303892
v -14.146500 53.641300 -17.524389
v -12.481199 49.338497 -14.814492
v -11.843400 73.927994 -14.748988
v -22.565899 17.039799 2.944933
v -17.125399 18.791302 -4.419497
v -19.769800 11.385503 -6.029597
v -12.577800 76.255188 -15.635087
v -8.712820 80.144287 -9.187746
v -6.358000 54.289497 -16.400492
v -6.244220 75.658691 -17.786488
v -12.657100 80.564896 -14.018086
v -0.000321 75.620789 -18.544987
v -0.000321 63.988098 -16.648691
v -6.368340 78.234192 -19.948187
v -6.533840 82.902496 -18.393286
v -10.688399 6.679312 -10.011799
v -13.825900 -0.085207 -4.364329
v -0.000321 81.595795 -12.235586
v -0.000321 78.868591 -20.413687
v -0.000321 83.978195 -18.903585
v -0.000321 78.868591 -20.413687
v -0.000321 75.620789 -18.544987
v -6.368340 78.234192 -19.948187
v -6.244220 75.658691 -17.786488
v -12.577800 76.255188 -15.635087
v -11.843400 73.927994 -14.748988
v -16.635799 73.786591 -9.815237
v -15.201500 72.352295 -10.373788
v -19.390600 70.487091 -1.040678
v -17.990799 68.418396 -5.577939
v -4.992680 -19.427197 -3.054183
v -12.939799 -12.269595 -10.925402
v -11.474500 -0.795445 -13.980200
v -7.812960 -30.856495 -1.833675
v -14.674001 -26.470892 -8.032755
v -24.286400 -24.171289 -6.060633
v -20.642099 -7.380674 -10.994400
v -24.217400 17.050203 -8.715406
v -26.493002 8.582473 -7.356987
v -25.269001 20.525501 1.503764
v -16.435799 -40.082695 -7.391477
v -9.757499 -40.820496 -2.950757
v -26.848099 -23.216293 3.393137
v -28.765001 -11.000797 3.503469
v -28.630600 12.885301 1.424463
v -27.951399 10.799399 9.768063
v -24.317400 19.477400 8.278624
v -29.527002 7.172342 1.355512
v -27.903099 -6.556658 10.423100
v -33.092003 -5.525777 7.920050
v -32.578300 -9.018366 3.165589
v -32.829899 -7.163465 -2.540470
v -33.791901 -0.581686 -3.760969
v -27.161798 0.935335 -6.905339
v -22.503899 -44.875095 -2.905937
v -21.869499 -40.703297 -4.616026
v -23.055500 -4.932769 16.470499
v -28.623699 2.566121 10.157701
v -34.047001 1.049112 7.199471
v -34.384899 3.417723 1.614092
v -22.738300 -45.588795 2.213993
v -20.083500 -26.988098 12.353896
v -22.565899 17.039799 2.944933
v -25.269001 20.525501 1.503764
v -21.635000 15.436600 8.171743
v -24.217400 17.050203 -8.715406
v -19.769800 11.385503 -6.029597
v -18.814800 8.461802 -13.504397
v -13.825900 -0.085207 -4.364329
v -11.474500 -0.795445 -13.980200
v -0.000321 70.307800 17.273811
v 10.915299 71.997192 8.388961
v -0.000321 67.101395 -1.278569
v 11.846200 75.738007 -0.892420
v 8.715630 80.144287 -9.187746
v -0.000321 81.595795 -12.235586
v 7.636480 78.448006 4.986013
v 3.792220 75.569099 10.409312
v 5.429910 77.575699 5.434233
v -0.000321 73.917587 8.561353
v 1.199500 72.052399 16.849810
v -0.000321 72.014496 16.873909
v -0.000321 65.391296 7.564940
v 6.205660 66.215302 5.482491
v -0.000321 69.769989 7.430481
v 5.654010 72.514389 5.368722
v 7.805420 72.231689 -0.013241
v 9.056960 67.208298 -0.282168
v 5.636780 68.397797 -4.116079
v 5.423010 72.569489 -3.030038
v -0.000321 69.011398 -6.722589
v -0.000321 73.517700 -5.153858
v -0.000321 78.279007 -8.732635
v 5.429910 78.610001 -7.350086
v 5.526450 77.389496 -2.474946
v -0.000321 85.505600 -13.049184
v -0.000321 90.280800 -12.225183
v 6.522850 89.956696 -9.539412
v 6.688340 86.015900 -10.187583
v 8.798380 83.074898 -6.005455
v 7.564080 79.261696 -4.574636
v -0.000321 94.473198 -9.473902
v 5.067890 94.249100 -8.543003
v 9.536200 86.822601 -5.540004
v 11.797899 80.782097 -3.402395
v 4.850690 97.393501 -3.916102
v 11.598001 78.730698 -0.485584
v 7.226200 77.086098 0.262580
v 8.819059 93.249298 -4.964223
v -0.000321 98.269196 -3.812673
v 14.804399 83.119698 -0.006343
v 11.994500 79.227196 3.117333
v 7.636480 78.448006 4.986013
v 6.450450 78.075600 12.695212
v 3.792220 75.569099 10.409312
v 10.780800 90.770294 2.241596
v 10.525700 89.863594 -2.943834
v 5.388540 97.831398 3.238007
v 12.880500 82.071594 5.189434
v 10.801499 79.565102 6.740933
v 12.570200 84.295395 -4.043674
v 3.019920 76.227600 16.991112
v 1.199500 72.052399 16.849810
v 9.780990 93.404396 2.413986
v -0.000321 98.745003 3.593127
v 9.767200 81.471695 7.558053
v 13.501100 87.188095 -1.792285
v 1.185710 72.176498 17.894409
v 7.446850 80.571800 12.905514
v 4.726560 79.578896 16.263611
v 5.081690 95.149002 10.174915
v 13.690800 85.467598 4.568834
v 9.860290 87.739799 8.406205
v 10.125800 87.722496 6.916765
v 13.925200 87.560501 1.845105
v 1.527040 76.158699 17.497911
v 7.074490 82.778397 12.867613
v -0.000321 95.545494 10.819616
v 9.632740 84.850494 7.595974
v 8.981110 84.343697 8.599274
v 8.988001 91.828796 8.530325
v 2.957860 80.547699 16.408411
v -0.000321 76.479301 17.422112
v 5.057550 90.346298 14.077815
v 7.612340 86.715797 11.840215
v -0.000321 80.592499 17.377312
v -0.000321 89.808395 15.870614
v 4.081830 85.505600 15.184514
v 8.388090 87.160500 12.233214
v -0.000321 84.043701 16.794611
v -0.000321 84.036797 18.170311
v 4.388680 85.767601 16.222311
v 1.185710 72.176498 17.894409
v 1.527040 76.158699 17.497911
v -0.000321 72.142006 17.922010
v -0.000321 76.479301 17.422112
v -1.527680 76.158699 17.497911
v -2.958500 80.547699 16.408411
v -1.186350 72.176498 17.894409
v -0.000321 80.592499 17.377312
v -3.017110 76.227600 16.991112
v -4.727210 79.578896 16.263611
v -7.075140 82.778397 12.867613
v -0.000321 84.043701 16.794611
v -1.196700 72.052399 16.849810
v -7.447490 80.571800 12.905514
v -4.082470 85.505600 15.184514
v -6.451090 78.075600 12.695212
v -3.792860 75.569099 10.409312
v -7.612990 86.715797 11.840215
v -10.802199 79.565102 6.740933
v -7.637120 78.448006 4.986013
v -9.860929 87.739799 8.406205
v -8.981750 84.343697 8.599274
v -9.764390 81.471695 7.558053
v -7.226840 77.086098 0.262580
v -6.568310 76.855087 0.324641
v -9.629930 84.850494 7.595974
v -10.126400 87.722496 6.916765
v -12.881200 82.071594 5.189434
v -5.430550 77.575699 5.434233
v -10.781500 90.770294 2.241596
v -13.691400 85.467598 4.568834
v -11.995100 79.227196 3.117333
v -7.561270 79.261696 -4.574636
v -8.799020 83.074898 -6.005455
v -5.430550 78.610001 -7.350086
v -5.054740 90.346298 14.077815
v -8.988640 91.828796 8.530325
v -9.781630 93.404396 2.413986
v -8.819700 93.249298 -4.964223
v -13.925799 87.560501 1.845105
v -14.805000 83.119698 -0.006343
v -11.598599 78.730698 -0.485584
v -6.688980 86.015900 -10.187583
v -0.000321 85.505600 -13.049184
v -0.000321 78.279007 -8.732635
v -8.388730 87.160500 12.233214
v -10.526400 89.863594 -2.943834
v -13.501800 87.188095 -1.792285
v -11.798599 80.782097 -3.402395
v -6.523490 89.956696 -9.539412
v -4.389330 85.767601 16.222311
v -5.078880 95.149002 10.174915
v -5.389180 97.831398 3.238007
v -9.536839 86.822601 -5.540004
v -12.570900 84.295395 -4.043674
v -0.000321 90.280800 -12.225183
v -0.000321 84.036797 18.170311
v -0.000321 89.808395 15.870614
v -0.000321 95.545494 10.819616
v -0.000321 98.745003 3.593127
v -4.851330 97.393501 -3.916102
v -5.068530 94.249100 -8.543003
v -0.000321 98.269196 -3.812673
v -0.000321 94.473198 -9.473902
v -0.000321 72.142006 17.922010
v -0.000321 72.014496 16.873909
v 1.185710 72.176498 17.894409
v 1.199500 72.052399 16.849810
v -0.000321 84.036797 18.170311
v -0.000321 84.043701 16.794611
v 4.388680 85.767601 16.222311
v 4.081830 85.505600 15.184514
v 7.612340 86.715797 11.840215
v 8.388090 87.160500 12.233214
v 9.860290 87.739799 8.406205
v -0.000321 70.307800 17.273811
v -0.000321 67.101395 -1.278569
v -10.915899 71.997192 8.388961
v -11.846800 75.738007 -0.892420
v -8.712820 80.144287 -9.187746
v -7.637120 78.448006 4.986013
v -5.430550 77.575699 5.434233
v -3.792860 75.569099 10.409312
v -0.000321 72.014496 16.873909
v -1.186350 72.176498 17.894409
v -1.196700 72.052399 16.849810
v -0.000321 72.142006 17.922010
v -0.000321 65.391296 7.564940
v -0.000321 69.769989 7.430481
v -6.206300 66.215302 5.482491
v -5.651210 72.514389 5.368722
v -7.806060 72.231689 -0.013241
v -9.057600 67.208298 -0.282168
v -5.423660 72.569489 -3.030038
v -5.633970 68.397797 -4.116079
v -0.000321 73.517700 -5.153858
v -0.000321 69.011398 -6.722589
v -0.000321 84.036797 18.170311
v -4.389330 85.767601 16.222311
v -0.000321 84.043701 16.794611
v -8.388730 87.160500 12.233214
v -7.612990 86.715797 11.840215
v -4.082470 85.505600 15.184514
v -9.860929 87.739799 8.406205
v 22.468800 -44.282097 7.106373
v 16.262800 -50.457100 4.220592
v 16.262800 -43.230495 8.151044
v 16.262798 -36.635002 14.388094
v 10.056800 -44.282101 7.106373
v 16.262798 -36.635002 14.388094
v 16.262798 -36.635002 14.388094
v 16.262800 -46.057697 12.691793
v 22.468800 -44.282097 7.106373
v 22.510099 -53.370399 3.172472
v 16.262800 -60.496899 5.637620
v 23.723700 -46.085297 1.696833
v 22.210199 -65.565201 3.562070
v 16.262800 -71.719406 4.382638
v 22.361900 -72.860596 2.286398
v 16.262800 -99.439514 0.896941
v 23.609999 -61.321003 3.048350
v 20.924200 -102.511017 -1.392376
v 24.840799 -68.226791 1.658899
v 28.571299 -54.542698 2.020922
v 28.433399 -61.093399 1.941621
v 28.647200 -52.115398 -3.167968
v 26.223400 -68.406097 -2.537031
v 28.402399 -63.448200 -3.150730
v 24.516699 -76.360092 -2.647362
v 25.444199 -68.344101 -7.891410
v 24.347799 -61.438198 -9.105019
v 22.417002 -78.021896 -7.891412
v 28.533400 -55.242599 -7.974148
v 22.458399 -55.783897 -9.429110
v 21.382700 -68.130295 -11.484011
v 16.262800 -65.365204 -13.049211
v 28.274799 -60.869297 -7.777629
v 16.262800 -57.445694 -11.859808
v 16.262800 -75.670609 -10.959912
v 16.262802 -117.533005 10.040379
v 16.262802 -120.954002 20.235479
v 22.692902 -121.435997 10.474778
v 9.832710 -121.436005 10.474778
v 24.537401 -121.539993 0.183249
v 24.806402 -116.678001 -0.964855
v 16.262802 -110.383003 6.537481
v 21.641302 -124.435997 18.232277
v 16.262802 -124.343002 22.304077
v 25.364901 -124.390999 -0.368394
v 16.262802 -121.519005 -14.580119
v 22.734201 -121.567001 -10.918519
v 20.731102 -127.201004 -12.956221
v 16.262802 -127.201004 22.307577
v 24.613302 -127.200996 6.827088
v 25.499401 -127.200996 -0.313230
v 16.262802 -127.201004 -14.614521
v 12.242701 -111.058006 5.520391
v 7.719231 -116.678009 -0.964855
v 9.746511 -121.540001 0.183249
v 10.884300 -124.436005 18.232277
v 24.658102 -124.528999 6.899498
v 21.651602 -127.200996 18.270176
v 23.227301 -127.200996 -9.708391
v 24.892502 -127.200996 -4.326430
v 8.839750 -124.391006 -0.368394
v 7.867481 -124.529007 6.899498
v 9.222450 -121.659996 -4.312640
v 10.870501 -127.201004 18.270176
v 7.912301 -127.201004 6.827088
v 16.262802 -127.201004 22.307577
v 8.005391 -76.360107 -2.647362
v 7.081391 -68.344101 -7.891410
v 10.108500 -78.021896 -7.891412
v 10.160201 -72.860596 2.286398
v 16.262800 -99.439514 0.896941
v 16.262800 -71.719406 4.382638
v 6.302191 -68.406097 -2.537031
v 9.356911 -127.201004 -4.326430
v 9.791330 -121.567009 -10.918519
v 9.298301 -127.201004 -9.708391
v 8.694941 -127.201004 -0.313230
v 16.262802 -124.343002 22.304077
v 8.177780 -61.438202 -9.105019
v 11.142900 -68.130295 -11.484011
v 16.262800 -65.365204 -13.049211
v 10.315401 -65.565201 3.562070
v 16.262800 -60.496899 5.637620
v 4.123211 -63.448204 -3.150730
v 16.262800 -75.670609 -10.959912
v 11.794500 -127.201004 -12.956221
v 16.262802 -120.954002 20.235479
v 16.262800 -46.057697 12.691793
v 10.015400 -53.370403 3.172472
v 7.684751 -68.226807 1.658899
v 4.250771 -60.869301 -7.777629
v 10.067200 -55.783901 -9.429110
v 16.262800 -57.445694 -11.859808
v 16.262802 -121.519005 -14.580119
v 16.262802 -112.686005 -16.193617
v 16.262802 -127.201004 -14.614521
v 10.056800 -44.282101 7.106373
v 8.915600 -61.321007 3.048350
v 3.992191 -55.242603 -7.974148
v 16.262798 -36.635002 14.388094
v 4.092181 -61.093403 1.941621
v 3.878411 -52.115402 -3.167968
v 3.954271 -54.542702 2.020922
v 7.126211 -51.225903 -3.598938
v 9.377600 -49.943302 -6.543327
v 8.157090 -46.661098 -2.309467
v 16.262802 -121.719009 -4.191970
v 16.262802 -127.201004 -4.805670
v 25.016701 -121.659988 -4.312640
v 24.892502 -127.200996 -4.326430
v 21.651602 -127.200996 18.270176
v 16.262802 -127.201004 22.307577
v 24.613302 -127.200996 6.827088
v 16.262802 -127.201004 -0.409767
v 25.499401 -127.200996 -0.313230
v 24.892502 -127.200996 -4.326430
v 16.262802 -127.201004 -4.805670
v 23.227301 -127.200996 -9.708391
v 16.262802 -127.201004 -14.614521
v 20.731102 -127.201004 -12.956221
v 16.262802 -127.201004 -0.409767
v 16.262802 -124.146004 -0.520096
v 25.499401 -127.200996 -0.313230
v 25.364901 -124.390999 -0.368394
v 16.262800 -99.439514 0.896941
v 16.262800 -97.150108 6.127193
v 20.065701 -99.577400 3.631013
v 12.459901 -99.577400 3.631013
v 11.598002 -102.511017 -1.392376
v 16.262802 -124.146004 -0.520096
v 16.262802 -121.719009 -4.191970
v 25.364901 -124.390999 -0.368394
v 25.016701 -121.659988 -4.312640
v 9.356911 -127.201004 -4.326430
v 16.262802 -127.201004 -4.805670
v 9.222450 -121.659996 -4.312640
v 16.262802 -121.719009 -4.191970
v 10.870501 -127.201004 18.270176
v 7.912301 -127.201004 6.827088
v 16.262802 -127.201004 22.307577
v 16.262802 -127.201004 -0.409767
v 8.694941 -127.201004 -0.313230
v 11.794500 -127.201004 -12.956221
v 16.262802 -127.201004 -14.614521
v 9.298301 -127.201004 -9.708391
v 16.262802 -127.201004 -4.805670
v 9.356911 -127.201004 -4.326430
v 8.839750 -124.391006 -0.368394
v 16.262802 -124.146004 -0.520096
v 8.694941 -127.201004 -0.313230
v 16.262802 -127.201004 -0.409767
v 16.262802 -121.719009 -4.191970
v 16.262802 -124.146004 -0.520096
v 8.839750 -124.391006 -0.368394
v -22.472799 -44.533794 7.106372
v -16.263399 -43.478794 8.151043
v -16.263397 -50.708694 4.220592
v -16.263399 -36.886600 14.388094
v -10.057399 -44.533794 7.106372
v -16.263399 -36.886600 14.388094
v -8.805909 -46.336998 1.696832
v -16.263399 -36.886600 14.388094
v -22.472799 -44.533794 7.106372
v -16.263399 -46.057697 12.691792
v -22.510798 -53.370396 3.172471
v -23.720900 -46.085297 1.696832
v -16.263397 -60.496895 5.637619
v -22.210798 -65.565094 3.562069
v -16.263397 -71.719391 4.382638
v -22.362497 -72.860588 2.286397
v -16.263397 -99.439392 0.896940
v -23.610598 -61.320999 3.048349
v -20.924797 -102.510994 -1.392377
v -24.841497 -68.226791 1.658898
v -25.399998 -51.225895 -3.598939
v -22.459097 -55.783794 -9.429110
v -28.647797 -52.115395 -3.167969
v -28.571898 -54.542694 2.020921
v -28.430597 -61.093395 1.941620
v -28.403000 -63.448196 -3.150731
v -26.220598 -68.406090 -2.537032
v -28.534000 -55.242496 -7.974149
v -24.517397 -76.360092 -2.647363
v -24.344999 -61.438194 -9.105020
v -25.441397 -68.343994 -7.891411
v -21.379898 -68.130287 -11.484013
v -16.263397 -65.365189 -13.049212
v -28.271999 -60.869293 -7.777630
v -22.417698 -78.021889 -7.891413
v -16.263397 -75.670593 -10.959913
v -16.263399 -117.533005 10.040380
v -22.693499 -121.436005 10.474780
v -16.263399 -120.954002 20.235481
v -16.263399 -121.519005 -14.580121
v -16.263399 -127.201004 -14.614521
v -20.731699 -127.201004 -12.956221
v -22.734900 -121.567009 -10.918521
v -9.833352 -121.436005 10.474780
v -24.703600 -121.540001 0.183249
v -24.689800 -124.391006 -0.368393
v -25.186199 -121.659996 -4.312630
v -24.655300 -124.529007 6.899499
v -23.227900 -127.201004 -9.708391
v -16.263399 -110.383003 6.537482
v -21.641899 -124.436005 18.232279
v -16.263399 -124.343002 22.304079
v -25.062099 -127.201004 -4.326430
v -24.613899 -127.201004 6.827089
v -9.747151 -121.540001 0.183249
v -7.719872 -116.678009 -0.964855
v -12.243301 -111.058006 5.520391
v -16.263399 -127.201004 22.307579
v -10.884902 -124.436005 18.232279
v -25.668900 -127.201004 -0.313230
v -21.652300 -127.201004 18.270178
v -10.871101 -127.201004 18.270178
v -7.868122 -124.529007 6.899499
v -8.840392 -124.391006 -0.368394
v -7.912942 -127.201004 6.827089
v -16.263399 -124.343002 22.304079
v -16.263399 -127.201004 22.307579
v -8.695581 -127.201004 -0.313230
v -16.263399 -120.954002 20.235481
v -9.357562 -127.201004 -4.326431
v -9.298942 -127.201004 -9.708391
v -9.791971 -121.567009 -10.918521
v -11.795101 -127.201004 -12.956221
v -16.263399 -121.519005 -14.580121
v -16.263399 -112.686005 -16.193619
v -10.160898 -72.860588 2.286397
v -16.263397 -71.719391 4.382638
v -16.263397 -99.439392 0.896940
v -8.006028 -76.360092 -2.647363
v -12.026098 -98.791290 -6.760547
v -10.105698 -78.021889 -7.891413
v -16.263399 -127.201004 -14.614521
v -7.685389 -68.226791 1.658898
v -10.312599 -65.565094 3.562069
v -16.263397 -60.496895 5.637619
v -7.082028 -68.343994 -7.891411
v -6.302828 -68.406090 -2.537032
v -4.120399 -63.448196 -3.150731
v -10.016099 -53.370396 3.172471
v -16.263399 -46.057697 12.691792
v -8.912788 -61.320999 3.048349
v -10.057399 -44.533794 7.106372
v -8.178419 -61.438194 -9.105020
v -11.143498 -68.130287 -11.484013
v -16.263397 -65.365189 -13.049212
v -3.951459 -54.542694 2.020921
v -16.263399 -36.886600 14.388094
v -4.092818 -61.093395 1.941620
v -16.263397 -57.445690 -11.859809
v -4.251409 -60.869293 -7.777630
v -3.879059 -52.115395 -3.167969
v -10.064299 -55.783794 -9.429110
v -3.989379 -55.242496 -7.974149
v -9.378239 -50.195000 -6.543328
v -7.123399 -51.225895 -3.598939
v -8.157729 -46.912697 -2.309468
v -25.062099 -127.201004 -4.326430
v -16.263399 -127.201004 -4.805660
v -25.186199 -121.659996 -4.312630
v -16.263399 -121.719009 -4.191960
v -21.652300 -127.201004 18.270178
v -24.613899 -127.201004 6.827089
v -16.263399 -127.201004 22.307579
v -16.263399 -127.201004 -0.409767
v -25.668900 -127.201004 -0.313230
v -20.731699 -127.201004 -12.956221
v -16.263399 -127.201004 -14.614521
v -23.227900 -127.201004 -9.708391
v -16.263399 -127.201004 -4.805660
v -25.062099 -127.201004 -4.326430
v -24.689800 -124.391006 -0.368393
v -16.263399 -124.146004 -0.520095
v -25.668900 -127.201004 -0.313230
v -16.263399 -127.201004 -0.409767
v -16.263397 -99.439392 0.896940
v -12.460500 -99.577400 3.631013
v -11.598598 -102.510994 -1.392377
v -16.263397 -99.439392 0.896940
v -16.263399 -97.150101 6.127193
v -16.263399 -121.719009 -4.191960
v -16.263399 -124.146004 -0.520095
v -24.689800 -124.391006 -0.368393
v -16.263399 -121.719009 -4.191960
v -16.263399 -127.201004 -4.805660
v -9.223092 -121.659996 -4.312630
v -9.357562 -127.201004 -4.326431
v -10.871101 -127.201004 18.270178
v -16.263399 -127.201004 22.307579
v -7.912942 -127.201004 6.827089
v -16.263399 -127.201004 -0.409767
v -8.695581 -127.201004 -0.313230
v -9.357562 -127.201004 -4.326431
v -16.263399 -127.201004 -4.805660
v -9.298942 -127.201004 -9.708391
v -16.263399 -127.201004 -14.614521
v -11.795101 -127.201004 -12.956221
v -16.263399 -127.201004 -0.409767
v -16.263399 -124.146004 -0.520095
v -8.695581 -127.201004 -0.313230
v -8.840392 -124.391006 -0.368394
v -16.263399 -124.146004 -0.520095
v -16.263399 -121.719009 -4.191960
v -8.840392 -124.391006 -0.368394
v -9.223092 -121.659996 -4.312630
v 46.547997 30.420607 3.675854
v 39.993797 27.555506 3.624144
v 46.809998 28.117506 -0.140818
v 41.821098 25.666204 0.590108
v 38.583595 24.518007 0.521152
v 42.655396 10.399499 -3.688568
v 46.623795 10.192597 1.483082
v 42.162395 19.546398 -0.223566
v 51.085194 -0.854046 -2.585290
v 55.301796 1.359427 2.014030
v 58.770294 -6.956593 1.527899
v 55.270794 -8.570142 -1.981931
v 50.474998 12.333696 3.506912
v 45.379196 17.270897 2.158843
v 62.214596 -5.491292 -2.454271
v 39.993797 27.555506 3.624144
v 46.547997 30.420607 3.675854
v 38.069901 31.958305 3.641384
v 59.125393 3.207428 -1.840569
v 48.440796 16.853697 3.758603
v 50.378395 20.577297 1.341723
v 48.337296 22.414900 0.593556
v 50.137100 29.155308 0.552183
v 48.275299 33.282303 -2.919715
v 61.187195 -6.132571 -5.998581
v 56.973999 14.943598 -2.388757
v 53.798595 14.405798 1.738212
v 44.720596 34.968204 3.593115
v 37.035599 35.771603 2.862185
v 51.616196 23.194101 -1.092407
v 59.483997 2.697159 -5.146979
v 31.574295 37.612701 -2.981774
v 32.163895 40.191605 5.875536
v 26.150997 43.329098 -2.878343
v 45.599800 43.915203 -2.678374
v 55.743095 16.395100 -9.318767
v 58.791000 -7.087601 -6.994981
v 24.296095 55.961700 5.830719
v 20.486296 55.127300 -2.864551
v 42.521004 38.160904 2.524305
v 49.478497 26.897005 -8.801605
v 55.257000 1.114629 -7.829340
v 28.412695 44.708199 6.499577
v 42.589897 40.401901 -8.036193
v 37.511398 41.987904 7.785596
v 50.195694 20.666899 -11.559796
v 56.329296 -8.166751 -6.033051
v 49.313095 15.057400 -11.639097
v 53.398693 16.733002 -10.925397
v 28.953997 58.251003 9.609468
v 43.562195 43.070503 -9.267043
v 46.396194 52.089802 -2.950742
v 42.452003 42.584301 5.351477
v 41.545197 31.375706 -9.029155
v 39.607597 39.391705 -9.373933
v 42.800194 29.300098 -11.870095
v 45.172295 24.062899 -13.290596
v 40.024796 22.863102 -8.494756
v 52.398796 -0.347225 -6.953609
v 55.270794 -8.570142 -1.981931
v 48.095997 17.074299 -11.990797
v 35.294395 47.811203 9.216417
v 42.007195 50.328011 -12.449292
v 40.934998 50.500404 6.989168
v 42.452003 42.584301 5.351477
v 37.373497 31.958307 -6.312315
v 34.963501 37.333405 -8.463724
v 51.085194 -0.854046 -2.585290
v 43.631096 18.029400 -11.449497
v 46.382496 13.888599 -11.435698
v 34.887596 63.932903 7.327050
v 39.697296 41.581009 -12.314893
v 35.780594 48.035305 -14.342192
v 43.589794 10.971800 -9.291188
v 41.114296 15.216001 -10.049697
v 38.914597 68.108101 -2.137069
v 35.632294 65.018898 -13.138890
v 26.085495 55.975502 -14.011190
v 31.994896 39.967503 -10.846093
v 31.574295 37.612701 -2.981774
v 28.274796 44.477200 -11.494293
v 42.655396 10.399499 -3.688568
v 20.486296 55.127300 -2.864551
v 26.150997 43.329098 -2.878343
v 42.800194 29.300098 -11.870095
v 40.024796 22.863102 -8.494756
v 43.879395 27.293503 -8.643005
v 58.418594 -2.829613 3.320729
v 59.628803 -6.111882 4.799829
v 62.300800 -1.291912 2.910450
v 60.673405 -8.397752 5.213558
v 63.514404 -12.997103 4.451598
v 66.265701 -10.442303 4.396438
v 63.724701 -4.108732 4.110270
v 66.000206 -15.541501 1.765787
v 58.418594 -2.829613 3.320729
v 58.573795 -3.150252 -2.919720
v 59.628803 -6.111882 4.799829
v 67.034607 -15.796700 -3.364482
v 67.848206 -13.800401 -3.009362
v 63.231697 -1.367761 -2.581840
v 58.384094 -2.919251 -8.125850
v 59.914894 -6.232561 -6.677791
v 60.339001 -6.701452 -0.275286
v 65.534805 -14.227901 -8.277551
v 66.817406 -12.510900 -8.184461
v 59.418503 -5.584379 -9.442890
v 62.966206 -12.176499 -9.529091
v 66.189896 -9.573440 -9.025711
v -50.137699 29.155296 0.552186
v -46.810600 28.117496 -0.140815
v -46.548599 30.420595 3.675866
v -36.763798 28.462296 -2.964535
v -37.032799 35.771496 2.862186
v -38.070499 31.958296 3.641386
v -31.575003 37.612694 -2.981774
v -39.994400 27.555496 3.624145
v -46.548599 30.420595 3.675866
v -32.164497 40.191597 5.875537
v -26.151602 43.328999 -2.878333
v -48.441391 16.853699 3.758603
v -44.238594 20.904800 1.021084
v -48.334496 22.414898 0.593558
v -50.137699 29.155296 0.552186
v -51.272003 29.265596 -4.378116
v -51.261696 26.762497 -1.223416
v -44.717800 34.968197 3.593116
v -24.293301 55.961697 5.830720
v -28.413401 44.708195 6.499588
v -48.272499 33.282295 -2.919714
v -42.521599 38.160797 2.524307
v -20.486902 55.127293 -2.864541
v -28.951200 58.250999 9.609470
v -35.295097 47.811096 9.216418
v -44.955700 34.275196 -6.064075
v -45.597004 43.915195 -2.678363
v -37.512001 41.987896 7.785598
v -34.888298 63.932896 7.327052
v -48.379395 28.772600 -8.477506
v -42.590599 40.401894 -8.036194
v -42.449200 42.584293 5.351478
v -40.932198 50.500397 6.989170
v -46.393497 52.089794 -2.950741
v -42.449200 42.584293 5.351478
v -43.559399 43.070496 -9.267044
v -41.545898 31.375597 -9.029156
v -38.911800 68.108093 -2.137069
v -42.007900 50.328003 -12.449293
v -39.608200 39.391697 -9.373934
v -35.633003 65.018890 -13.138891
v -35.781200 48.035198 -14.342194
v -39.697899 41.581001 -12.314895
v -37.374100 31.958298 -6.312315
v -39.325500 24.635298 -8.601627
v -26.086102 55.975399 -14.011192
v -28.275402 44.477097 -11.494293
v -31.995602 39.967495 -10.846094
v -34.964100 37.333397 -8.463715
v -37.267200 23.138895 -3.678226
v -38.946301 21.359898 -1.771607
v -38.673897 19.208498 -3.809237
v -20.486902 55.127293 -2.864541
v -36.763798 28.462296 -2.964535
v -31.575003 37.612694 -2.981774
v -26.151602 43.328999 -2.878333
v -48.441391 16.853699 3.758603
v -42.173393 13.016300 -3.371377
v -39.970295 17.101898 -3.371377
v -57.302193 20.091099 -4.367776
v -48.441391 16.853699 3.758603
v -50.203194 22.887199 -0.651085
v -42.173393 13.016300 -3.371377
v -45.834896 13.943702 -11.449498
v -43.631794 18.029299 -11.449497
v -48.096596 17.074299 -11.990797
v -49.137890 15.143601 -11.990797
v 30.812399 51.831203 9.102648
v 36.063293 52.558701 10.716208
v 28.457499 54.130901 11.557508
v 34.401497 57.237293 14.836308
v 37.563095 55.458294 13.357207
v 26.737101 64.919006 18.363310
v 22.517000 57.464897 11.733308
v 44.903397 57.185596 11.874607
v 19.310600 62.191803 11.323010
v 24.509800 59.416302 7.620109
v 49.161400 57.489002 8.030388
v 52.040199 66.422195 9.830129
v 36.494301 62.322796 17.177307
v 20.862099 63.601898 18.332308
v 22.661800 68.887299 14.708710
v 53.750298 57.364899 -3.623051
v 46.568596 67.801300 14.888010
v 36.332199 75.827698 17.442808
v 32.567299 68.618401 18.566710
v 19.710602 74.852013 11.757411
v 27.109501 70.904297 16.911810
v 56.856796 66.387695 -3.623049
v 41.390099 69.928596 17.404909
v 32.239700 63.491600 21.618010
v 27.040501 80.744202 13.557112
v 18.583101 79.837402 6.551303
v 25.923401 65.112000 21.649109
v 55.670700 70.073395 10.888609
v 51.871300 72.276497 10.392109
v 52.092003 69.901001 15.319011
v 46.644493 71.966202 14.819010
v 22.841101 83.588600 8.551003
v 16.921301 82.537010 -3.623046
v 60.773399 70.059601 3.662071
v 39.300797 80.740799 14.970712
v 23.496201 88.956795 -3.623045
v 35.122101 81.326897 14.984512
v 62.821396 69.794098 -3.623049
v 56.798195 73.110802 -3.623048
v 47.889099 81.778496 9.740481
v 35.859894 85.957298 10.857613
v 39.300797 80.740799 14.970712
v 38.507797 86.367500 15.346513
v 51.754097 83.816200 -3.623046
v 38.507797 86.367500 15.346513
v 36.635597 91.990799 -3.623045
v 51.871300 72.276497 -17.638186
v 47.889099 81.778496 -16.986584
v 42.896797 90.260101 -3.623045
v 40.490196 85.078003 11.057512
v 35.859894 85.957298 -18.103683
v 55.670700 70.073395 -18.134686
v 52.040199 66.422195 -17.076187
v 62.821396 69.794098 -3.623049
v 60.773399 70.059601 -10.908188
v 46.644493 71.966202 -22.065186
v 40.248894 94.593895 4.244755
v 38.669800 89.260201 11.278214
v 22.841101 83.588600 -15.797086
v 56.856796 66.387695 -3.623049
v 53.750298 57.364899 -3.623051
v 40.490196 85.078003 -18.303684
v 46.568596 67.801300 -22.134087
v 40.500595 96.776299 -3.623044
v 35.122101 81.326897 -22.230684
v 49.161400 57.489006 -15.276490
v 39.300697 80.740799 -22.216885
v 44.903397 57.185604 -19.120789
v 38.669800 89.260201 -18.524282
v 40.248894 94.593895 -11.490885
v 16.921301 82.537010 -3.623046
v 23.496201 88.956795 -3.623045
v 52.092003 69.901001 -22.565086
v 41.390099 69.928604 -24.650988
v 38.507797 86.367500 -22.592684
v 18.583101 79.837402 -13.797385
v 36.332199 75.827705 -24.688887
v 36.494301 62.322803 -24.423388
v 34.401497 57.237301 -22.082388
v 27.040501 80.744202 -20.803284
v 36.063293 52.558704 -17.962290
v 29.016100 54.117107 -18.803589
v 37.563095 55.458302 -20.603289
v 32.567299 68.618408 -25.812885
v 19.710602 74.852013 -19.000086
v 30.812399 51.831207 -16.348789
v 26.737101 64.919014 -25.605988
v 32.239700 63.491608 -28.864187
v 38.507797 86.367500 -22.592684
v 39.300697 80.740799 -22.216885
v 27.109501 70.904305 -24.157988
v 22.661800 68.887299 -21.954786
v 22.727400 58.040707 -18.979387
v 25.923401 65.112007 -28.895185
v 20.862099 63.601906 -25.574989
v 19.310600 62.191807 -18.569088
v 24.509800 59.416306 -14.866189
v 35.859894 85.957298 10.857613
v 38.669800 89.260201 11.278214
v 36.635597 91.990799 -3.623045
v 40.248894 94.593895 4.244755
v 40.500595 96.776299 -3.623044
v 40.248894 94.593895 -11.490885
v 38.669800 89.260201 -18.524282
v 35.859894 85.957298 -18.103683
v 36.635597 91.990799 -3.623045
v 62.821396 69.794098 -3.623049
v 60.773399 70.059601 3.662071
v 56.856796 66.387695 -3.623049
v 55.670700 70.073395 10.888609
v 52.040199 66.422195 9.830129
v 37.563095 55.458294 13.357207
v 36.063293 52.558701 10.716208
v 46.241096 57.561398 5.385959
v 39.962700 52.134598 -3.623051
v 30.812399 51.831203 9.102648
v 50.068100 58.378597 -3.623050
v 26.375099 50.414204 -3.623051
v 46.241096 57.561401 -12.632091
v 30.812399 51.831207 -16.348789
v 36.063293 52.558704 -17.962290
v 37.563095 55.458302 -20.603289
v 53.750298 57.364899 -3.623051
v 49.161400 57.489002 8.030388
v 50.068100 58.378597 -3.623050
v 46.241096 57.561398 5.385959
v 44.903397 57.185596 11.874607
v 37.563095 55.458294 13.357207
v 52.092003 69.901001 15.319011
v 46.568596 67.801300 14.888010
v 46.644493 71.966202 14.819010
v 41.390099 69.928596 17.404909
v 46.568596 67.801300 14.888010
v 52.092003 69.901001 15.319011
v 35.122101 81.326897 14.984512
v 36.332199 75.827698 17.442808
v 38.507797 86.367500 15.346513
v 36.494301 62.322796 17.177307
v 32.239700 63.491600 21.618010
v 26.737101 64.919006 18.363310
v 25.923401 65.112000 21.649109
v 20.862099 63.601898 18.332308
v 19.310600 62.191803 11.323010
v 62.821396 69.794098 -3.623049
v 56.856796 66.387695 -3.623049
v 60.773399 70.059601 -10.908188
v 55.670700 70.073395 -18.134686
v 52.040199 66.422195 -17.076187
v 53.750298 57.364899 -3.623051
v 50.068100 58.378597 -3.623050
v 49.161400 57.489006 -15.276490
v 46.241096 57.561401 -12.632091
v 44.903397 57.185604 -19.120789
v 37.563095 55.458302 -20.603289
v 52.092003 69.901001 -22.565086
v 46.644493 71.966202 -22.065186
v 46.568596 67.801300 -22.134087
v 41.390099 69.928604 -24.650988
v 52.092003 69.901001 -22.565086
v 46.568596 67.801300 -22.134087
v 35.122101 81.326897 -22.230684
v 38.507797 86.367500 -22.592684
v 36.332199 75.827705 -24.688887
v 36.494301 62.322803 -24.423388
v 26.737101 64.919014 -25.605988
v 32.239700 63.491608 -28.864187
v 25.923401 65.112007 -28.895185
v 20.862099 63.601906 -25.574989
v 19.310600 62.191807 -18.569088
v -30.813000 51.831196 9.102648
v -28.458197 54.130890 11.557508
v -36.060493 52.558697 10.716208
v -34.402100 57.237289 14.836308
v -26.734297 64.918999 18.363312
v -22.517698 57.464886 11.733309
v -37.563698 55.458290 13.357207
v -24.510498 59.416290 7.620110
v -19.311298 62.191792 11.323011
v -44.903999 57.185593 11.874608
v -22.662497 68.887291 14.708710
v -20.862797 63.601887 18.332310
v -36.494896 62.322792 17.177309
v -19.711197 74.851997 11.757412
v -27.106598 70.904289 16.911812
v -25.924097 65.111992 21.649012
v -41.387299 69.928490 17.404911
v -36.329399 75.827690 17.442810
v -46.569298 67.801292 14.888011
v -52.040894 66.422188 9.830130
v -27.041098 80.744194 13.557112
v -18.583797 79.837379 6.551303
v -32.567894 68.618393 18.566711
v -46.645096 71.966194 14.819011
v -52.092598 69.900993 15.319012
v -56.854004 66.387688 -3.623050
v -53.750999 57.364899 -3.623051
v -16.921898 82.536987 -3.623047
v -22.841797 83.588593 8.551003
v -32.240395 63.491592 21.618011
v -51.868500 72.276489 10.392110
v -49.162003 57.488998 8.030389
v -39.301399 80.740692 14.970712
v -23.496798 88.956688 -3.623046
v -35.122696 81.326889 14.984512
v -47.886299 81.778488 9.740482
v -56.798798 73.110794 -3.623049
v -55.671394 70.073387 10.888610
v -36.632797 91.990692 -3.623045
v -35.860497 85.957291 10.857513
v -38.508400 86.367493 15.346513
v -39.301399 80.740692 14.970712
v -51.754700 83.816093 -3.623047
v -38.508400 86.367493 15.346513
v -60.774094 70.059601 3.662071
v -35.860497 85.957291 -18.103685
v -42.897400 90.259987 -3.623046
v -38.670494 89.260193 11.278214
v -40.490898 85.077995 11.057513
v -62.821999 69.794098 -3.623049
v -22.841797 83.588593 -15.797088
v -47.886299 81.778488 -16.986586
v -40.249496 94.593788 4.244755
v -16.921898 82.536987 -3.623047
v -18.583797 79.837379 -13.797386
v -35.122696 81.326889 -22.230587
v -51.868500 72.276489 -17.638187
v -40.501198 96.776291 -3.623045
v -23.496798 88.956688 -3.623046
v -27.041098 80.744194 -20.803286
v -19.711197 74.851997 -19.000088
v -40.490898 85.077995 -18.303587
v -38.670494 89.260193 -18.524284
v -60.774094 70.059601 -10.908189
v -62.821999 69.794098 -3.623049
v -46.645096 71.966194 -22.065187
v -40.249496 94.593788 -11.490886
v -22.662497 68.887291 -21.954788
v -39.301399 80.740692 -22.216887
v -38.508400 86.367493 -22.592686
v -55.671394 70.073387 -18.134689
v -19.311298 62.191795 -18.569090
v -36.329399 75.827698 -24.688889
v -52.040894 66.422188 -17.076189
v -24.510498 59.416294 -14.866191
v -22.727999 58.040695 -18.979389
v -20.862797 63.601894 -25.574991
v -27.106598 70.904297 -24.157888
v -41.387299 69.928497 -24.650990
v -52.092598 69.900993 -22.565088
v -46.569298 67.801292 -22.134089
v -29.016697 54.117096 -18.803591
v -26.734297 64.919006 -25.605989
v -25.924097 65.112000 -28.895187
v -49.162003 57.489002 -15.276491
v -53.750999 57.364899 -3.623051
v -32.567894 68.618401 -25.812887
v -36.494896 62.322800 -24.423389
v -44.903999 57.185600 -19.120790
v -30.813000 51.831200 -16.348791
v -36.060493 52.558701 -17.962292
v -34.402100 57.237297 -22.082390
v -56.854004 66.387688 -3.623050
v -32.240395 63.491600 -28.864090
v -39.301399 80.740692 -22.216887
v -38.508400 86.367493 -22.592686
v -37.563698 55.458298 -20.603291
v -35.860497 85.957291 10.857513
v -36.632797 91.990692 -3.623045
v -38.670494 89.260193 11.278214
v -40.249496 94.593788 4.244755
v -40.501198 96.776291 -3.623045
v -38.670494 89.260193 -18.524284
v -40.249496 94.593788 -11.490886
v -36.632797 91.990692 -3.623045
v -35.860497 85.957291 -18.103685
v -62.821999 69.794098 -3.623049
v -56.854004 66.387688 -3.623050
v -60.774094 70.059601 3.662071
v -55.671394 70.073387 10.888610
v -52.040894 66.422188 9.830130
v -37.563698 55.458290 13.357207
v -46.241699 57.561394 5.385959
v -36.060493 52.558697 10.716208
v -39.959900 52.134594 -3.623052
v -50.068794 58.378498 -3.623051
v -30.813000 51.831196 9.102648
v -46.241699 57.561398 -12.632092
v -26.375698 50.414192 -3.623052
v -36.060493 52.558701 -17.962292
v -37.563698 55.458298 -20.603291
v -30.813000 51.831200 -16.348791
v -53.750999 57.364899 -3.623051
v -50.068794 58.378498 -3.623051
v -49.162003 57.488998 8.030389
v -46.241699 57.561394 5.385959
v -44.903999 57.185593 11.874608
v -37.563698 55.458290 13.357207
v -52.092598 69.900993 15.319012
v -46.645096 71.966194 14.819011
v -46.569298 67.801292 14.888011
v -41.387299 69.928490 17.404911
v -52.092598 69.900993 15.319012
v -46.569298 67.801292 14.888011
v -35.122696 81.326889 14.984512
v -38.508400 86.367493 15.346513
v -36.329399 75.827690 17.442810
v -36.494896 62.322792 17.177309
v -26.734297 64.918999 18.363312
v -32.240395 63.491592 21.618011
v -25.924097 65.111992 21.649012
v -20.862797 63.601887 18.332310
v -19.311298 62.191792 11.323011
v -62.821999 69.794098 -3.623049
v -60.774094 70.059601 -10.908189
v -56.854004 66.387688 -3.623050
v -55.671394 70.073387 -18.134689
v -52.040894 66.422188 -17.076189
v -53.750999 57.364899 -3.623051
v -49.162003 57.489002 -15.276491
v -50.068794 58.378498 -3.623051
v -46.241699 57.561398 -12.632092
v -44.903999 57.185600 -19.120790
v -37.563698 55.458298 -20.603291
v -52.092598 69.900993 -22.565088
v -46.569298 67.801292 -22.134089
v -46.645096 71.966194 -22.065187
v -41.387299 69.928497 -24.650990
v -46.569298 67.801292 -22.134089
v -52.092598 69.900993 -22.565088
v -35.122696 81.326889 -22.230587
v -36.329399 75.827698 -24.688889
v -38.508400 86.367493 -22.592686
v -36.494896 62.322800 -24.423389
v -32.240395 63.491600 -28.864090
v -26.734297 64.919006 -25.605989
v -25.924097 65.112000 -28.895187
v -20.862797 63.601894 -25.574991
v -19.311298 62.191795 -18.569090
v 32.577595 -9.018369 3.165589
v 32.829296 -7.163468 -2.540461
v 32.574196 -2.884789 2.438110
v 33.091297 -5.525779 7.920049
v 33.794697 -0.581688 -3.760969
v 34.046394 1.049110 7.199471
v 34.384193 3.417721 1.614091
v 14.145900 53.641300 -17.524389
v 18.524500 55.903004 -16.221189
v 15.693899 53.027599 -12.183891
v 12.480599 49.338497 -14.814492
v 21.737799 54.523899 -12.704491
v 15.997299 47.721497 -11.259892
v 20.510399 49.972897 -10.091091
v -18.525200 55.903004 -16.221189
v -14.146500 53.641300 -17.524389
v -15.694500 53.027599 -12.183891
v -21.738499 54.523899 -12.704491
v -12.481199 49.338497 -14.814492
v -20.511099 49.972897 -10.091091
v -15.997900 47.721497 -11.259892
v -32.829899 -7.163465 -2.540470
v -32.578300 -9.018366 3.165589
v -32.574799 -2.884787 2.438110
v -33.791901 -0.581686 -3.760969
v -33.092003 -5.525777 7.920050
v -34.384899 3.417723 1.614092
v -34.047001 1.049112 7.199471
v 28.274799 -60.869297 -7.777629
v 28.533400 -55.242599 -7.974148
v 27.899002 -58.359299 -3.423099
v 28.402399 -63.448200 -3.150730
v 28.647200 -52.115398 -3.167968
v 28.433399 -61.093399 1.941621
v 28.571299 -54.542698 2.020922
v 3.992191 -55.242603 -7.974148
v 4.250771 -60.869301 -7.777629
v 4.626581 -58.359303 -3.423099
v 3.878411 -52.115402 -3.167968
v 4.123211 -63.448204 -3.150730
v 4.092181 -61.093403 1.941621
v 3.954271 -54.542702 2.020922
v -28.534000 -55.242496 -7.974149
v -28.271999 -60.869293 -7.777630
v -27.899597 -58.359295 -3.423100
v -28.647797 -52.115395 -3.167969
v -28.403000 -63.448196 -3.150731
v -28.571898 -54.542694 2.020921
v -28.430597 -61.093395 1.941620
v -4.251409 -60.869293 -7.777630
v -3.989379 -55.242496 -7.974149
v -4.627218 -58.359295 -3.423100
v -4.120399 -63.448196 -3.150731
v -3.879059 -52.115395 -3.167969
v -4.092818 -61.093395 1.941620
v -3.951459 -54.542694 2.020921
v 58.770294 -6.956593 1.527899
v 58.515095 -6.480792 -1.930211
v 62.214596 -5.491292 -2.454271
v 55.270794 -8.570142 -1.981931
v 61.187195 -6.132571 -5.998581
v 56.329296 -8.166751 -6.033051
v 58.791000 -7.087601 -6.994981
v 19.710602 74.852013 11.757411
v 18.583101 79.837402 6.551303
v 19.138201 68.639107 6.292721
v 19.310600 62.191803 11.323010
v 16.921301 82.537010 -3.623046
v 24.509800 59.416302 7.620109
v 16.542101 67.356506 -3.623049
v 19.138201 68.639107 -13.538787
v 21.748199 54.579102 -3.623051
v 18.583101 79.837402 -13.797385
v 28.457499 54.130901 11.557508
v 24.509800 59.416306 -14.866189
v 19.710602 74.852013 -19.000086
v 30.812399 51.831203 9.102648
v 29.016100 54.117107 -18.803589
v 19.310600 62.191807 -18.569088
v 26.375099 50.414204 -3.623051
v 30.812399 51.831207 -16.348789
v -18.583797 79.837379 6.551303
v -19.711197 74.851997 11.757412
v -19.138897 68.639084 6.292721
v -16.921898 82.536987 -3.623047
v -19.311298 62.191792 11.323011
v -16.542698 67.356483 -3.623049
v -24.510498 59.416290 7.620110
v -19.138897 68.639084 -13.538788
v -21.748798 54.579090 -3.623051
v -18.583797 79.837379 -13.797386
v -28.458197 54.130890 11.557508
v -24.510498 59.416294 -14.866191
v -19.711197 74.851997 -19.000088
v -30.813000 51.831196 9.102648
v -29.016697 54.117096 -18.803591
v -19.311298 62.191795 -18.569090
v -26.375698 50.414192 -3.623052
v -30.813000 51.831200 -16.348791
v 3.150940 -7.080720 -3.426541
v 11.473799 -0.795448 -13.980200
v 8.967319 -44.895798 -0.654545
v 11.056700 -45.040596 -2.957647
v 9.236239 -52.698101 -3.074878
v 21.868797 -40.703297 -4.616026
v 16.317900 -53.329002 -6.681238
v 16.083500 -40.820496 -4.978036
v 20.769001 14.571197 15.436201
v 15.900799 -44.406197 -5.102157
v 22.758400 -52.560200 -3.550668
v 21.127598 -44.695793 -3.005917
v 18.193501 0.549178 18.777100
v 14.221700 7.551588 17.373802
v 15.297400 -12.059300 16.822197
v 17.972900 -46.533497 7.037423
v 21.551699 -51.939598 2.713922
v 7.136551 -3.050292 16.711800
v 18.110800 -50.960400 6.106522
v 11.480700 -44.361397 5.661763
v 7.181370 -33.011395 4.303345
v 12.194400 -50.888004 4.748102
v 7.815760 -30.856499 -1.833674
v 1.030561 -9.342461 3.031119
v 8.967319 -44.895798 -0.654545
v 9.236239 -52.698101 -3.074878
v 25.268398 20.525497 1.503764
v 13.825199 -0.085210 -4.364329
v 5.633330 -7.232420 1.931289
v 3.150940 -7.080720 -3.426541
v 20.769001 14.571197 15.436201
v 15.152599 6.724128 14.988002
v 14.221700 7.551588 17.373802
v 7.867480 -2.160762 15.443100
v 7.136551 -3.050292 16.711800
v 3.150940 -7.080720 -3.426541
v 1.030561 -9.342461 3.031119
v 5.633330 -7.232420 1.931289
v 4.319730 -7.811650 5.137709
v 2.888911 -7.590991 12.557300
v 7.136551 -3.050292 16.711800
v 7.867480 -2.160762 15.443100
v 4.916190 43.628998 20.438908
v 16.176600 46.463093 14.777707
v -0.000321 49.114395 30.709805
v 21.606800 53.196594 16.794607
v 14.942300 52.686295 21.383608
v 23.272099 54.696297 9.502588
v 4.916190 43.628998 20.438908
v 9.915450 31.496300 14.684604
v 16.176600 46.463093 14.777707
v 14.004499 31.810097 8.154505
v 14.501000 36.009399 7.282226
v 9.787880 14.519497 17.056601
v 18.941700 11.630298 12.746902
v 14.370000 19.387798 14.539803
v 5.850540 6.796527 17.401402
v 15.152599 6.724128 14.988002
v -0.000321 39.988197 -4.298813
v 2.523440 -3.236462 12.260798
v 7.867480 -2.160762 15.443100
v -0.000321 48.862694 -11.152993
v 14.942300 52.686295 21.383608
v 4.319730 -7.811650 5.137709
v 19.751900 22.501099 3.206964
v 12.842600 24.738699 -0.775205
v -0.000321 62.050392 19.687307
v -0.000321 49.114395 30.709805
v 2.323470 -5.098261 5.565229
v 9.363809 14.609200 -8.949858
v 11.532499 19.987700 -5.671036
v 5.764340 -1.719450 -5.164210
v 5.633330 -7.232420 1.931289
v 6.481480 6.999951 -10.591000
v -0.000321 14.623002 -8.667138
v 3.230240 -3.750180 -0.502836
v 3.478470 -1.747029 -5.646900
v 4.319730 -7.811650 5.137709
v -0.000321 -1.633249 -5.633111
v -0.000321 7.206822 -10.266899
v 2.323470 -5.098261 5.565229
v -0.000321 -6.170511 5.420419
v -0.000321 -3.981180 -0.061522
v -0.000321 54.086098 -16.534891
v 6.357360 54.289497 -16.400492
v -0.000321 48.862694 -11.152993
v 7.595110 49.579796 -11.659792
v 10.177500 58.540600 -16.303892
v -0.000321 49.114395 30.709805
v -16.173800 46.463093 14.777707
v -4.916830 43.628994 20.438908
v -14.942900 52.686295 21.383608
v -21.607500 53.196594 16.794607
v -23.272699 54.696297 9.502588
v -4.916830 43.628994 20.438908
v -16.173800 46.463093 14.777707
v -9.916090 31.496300 14.684604
v -0.000321 32.430695 20.925005
v -14.005099 31.810099 8.154505
v -0.000321 48.862694 -11.152993
v -0.000321 49.114395 30.709805
v -19.752600 22.501099 3.206964
v -12.843300 24.738699 -0.775205
v -19.642199 22.959700 8.123473
v -18.942299 11.630300 12.746902
v -15.149799 6.724128 14.988002
v -9.788529 14.519497 17.056601
v -0.000321 54.086098 -16.534891
v -14.153399 13.061101 -8.508548
v -9.361000 14.609201 -8.949858
v -2.524090 -3.236461 12.260798
v -2.324110 -5.098260 5.565229
v -0.000321 -6.170511 5.420419
v -6.482120 6.999952 -10.591000
v -3.479120 -1.747029 -5.646900
v -5.764980 -1.719449 -5.164210
v -0.000321 -1.633249 -5.633111
v -5.633970 -7.232419 1.931289
v -3.230880 -3.750179 -0.502837
v -4.316920 -7.811649 5.137709
v -2.324110 -5.098260 5.565229
v -0.000321 54.086098 -16.534891
v -0.000321 48.862694 -11.152993
v -6.358000 54.289497 -16.400492
v -7.595750 49.579796 -11.659792
v -10.178100 58.540600 -16.303892
v -3.148130 -7.080717 -3.426541
v -18.814800 8.461802 -13.504397
v -8.967958 -44.895794 -0.654545
v -27.261799 -7.977135 -5.115941
v -11.057299 -45.040596 -2.957647
v -9.236878 -52.698093 -3.074879
v -16.318598 -53.328999 -6.681239
v -16.084099 -40.820496 -4.978036
v -15.898001 -44.406197 -5.102157
v -20.769699 14.571198 15.436202
v -22.758999 -52.560196 -3.550669
v -21.124800 -44.695793 -3.005917
v -22.124599 6.748259 17.573801
v -18.194199 0.549179 18.777100
v -14.222400 7.551588 17.373802
v -21.552298 -51.939594 2.713922
v -15.294600 -12.059299 16.822197
v -17.973499 -46.533497 7.037422
v -7.133750 -3.050291 16.711800
v -18.111397 -50.960396 6.106522
v -11.012500 -30.890997 11.043694
v -8.357699 -17.217199 15.077597
v -11.481399 -44.361397 5.661762
v -2.889550 -7.590990 12.557299
v -12.195099 -50.888000 4.748102
v -7.182010 -33.011395 4.303345
v -4.123850 -21.568195 3.951677
v -1.031200 -9.342459 3.031118
v -8.967958 -44.895794 -0.654545
v -4.992680 -19.427197 -3.054183
v -3.148130 -7.080717 -3.426541
v -9.236878 -52.698093 -3.074879
v -7.812960 -30.856495 -1.833675
v -25.269001 20.525501 1.503764
v -24.317400 19.477400 8.278624
v -18.942299 11.630300 12.746902
v -20.769699 14.571198 15.436202
v -5.633970 -7.232419 1.931289
v -15.149799 6.724128 14.988002
v -3.148130 -7.080717 -3.426541
v -14.222400 7.551588 17.373802
v -4.316920 -7.811649 5.137709
v -1.031200 -9.342459 3.031118
v -5.633970 -7.232419 1.931289
v -3.148130 -7.080717 -3.426541
v -2.324110 -5.098260 5.565229
v -2.524090 -3.236461 12.260798
v -4.316920 -7.811649 5.137709
v -7.864670 -2.160761 15.443100
v -5.851180 6.796527 17.401402
v -15.149799 6.724128 14.988002
v -15.149799 6.724128 14.988002
v -14.222400 7.551588 17.373802
v -7.864670 -2.160761 15.443100
v -7.133750 -3.050291 16.711800
v -7.133750 -3.050291 16.711800
v -2.889550 -7.590990 12.557299
v -7.864670 -2.160761 15.443100
v -4.316920 -7.811649 5.137709
v -1.031200 -9.342459 3.031118
v -0.000321 73.917587 8.561353
v 6.567670 76.855087 0.324641
v 5.429910 77.575699 5.434233
v 5.526450 77.389496 -2.474946
v -0.000321 77.741196 -5.864097
v -0.000321 77.741196 -5.864097
v 6.567670 76.855087 0.324641
v 5.429910 77.575699 5.434233
v -5.523640 77.389496 -2.474946
v -0.000321 77.741196 -5.864097
v -0.000321 81.595795 -12.235586
v -0.000321 73.917587 8.561353
v -0.000321 73.917587 8.561353
v -5.430550 77.575699 5.434233
v -6.568310 76.855087 0.324641
v -5.523640 77.389496 -2.474946
v -0.000321 77.741196 -5.864097
v 16.262800 -52.543003 -9.835948
v 23.148001 -49.943298 -6.543327
v 23.723700 -46.085297 1.696833
v 24.368498 -46.661095 -2.309467
v 8.801820 -46.085300 1.696833
v 9.377600 -49.943302 -6.543327
v 8.157090 -46.661098 -2.309467
v 16.262800 -50.457100 4.220592
v 16.262800 -52.543003 -9.835948
v 23.072102 -104.394005 -1.940567
v 20.500099 -98.791306 -6.760546
v 25.399399 -51.225899 -3.598938
v 20.279402 -111.058006 5.520391
v 24.706402 -111.289009 -3.230038
v 24.368498 -46.661095 -2.309467
v 21.334501 -107.686005 -7.977607
v 16.262800 -97.150108 6.127193
v 16.262802 -110.383003 6.537481
v 23.723700 -46.085297 1.696833
v 23.148001 -49.943298 -6.543327
v 16.262800 -104.425011 -11.321917
v 16.262800 -93.905807 -9.704935
v 20.065701 -99.577400 3.631013
v 25.564901 -113.140999 -8.043117
v 16.262800 -52.543003 -9.835948
v 16.262802 -112.686005 -16.193617
v 16.262800 -84.734695 -10.018713
v 21.220701 -114.627007 -12.104618
v 25.751003 -118.742996 -4.922889
v 25.016701 -121.659988 -4.312640
v 16.262800 -97.150108 6.127193
v 12.459901 -99.577400 3.631013
v 9.453451 -104.394005 -1.940567
v 6.771091 -118.743004 -4.922889
v 11.598002 -102.511017 -1.392376
v 12.025500 -98.791306 -6.760546
v 7.819211 -111.289009 -3.230038
v 16.262800 -99.439514 0.896941
v 11.191101 -107.686012 -7.977607
v 11.301500 -114.627007 -12.104618
v 6.960721 -113.141006 -8.043117
v 16.262800 -104.425011 -11.321917
v 16.262800 -93.905807 -9.704935
v 16.262800 -84.734695 -10.018713
v 16.262800 -52.543003 -9.835948
v 8.801820 -46.085300 1.696833
v 8.801820 -46.085300 1.696833
v 23.072102 -104.394005 -1.940567
v 20.924200 -102.511017 -1.392376
v 9.453451 -104.394005 -1.940567
v 9.222450 -121.659996 -4.312640
v -16.263397 -52.542896 -9.835948
v -23.148598 -49.943295 -6.543328
v -24.369097 -46.661095 -2.309467
v -23.720900 -46.085297 1.696832
v -9.378239 -50.195000 -6.543328
v -8.157729 -46.912697 -2.309468
v -16.263397 -52.542896 -9.835948
v -16.263397 -50.708694 4.220592
v -24.369097 -46.661095 -2.309467
v -23.148598 -49.943295 -6.543328
v -16.263397 -52.542896 -9.835948
v -16.263397 -57.445690 -11.859809
v -20.500698 -98.791290 -6.760547
v -23.069300 -104.394005 -1.940567
v -24.707001 -111.289009 -3.230038
v -20.280100 -111.058006 5.520392
v -21.335100 -107.686005 -7.977608
v -20.066299 -99.577400 3.631013
v -16.263399 -97.150101 6.127193
v -25.565500 -113.141006 -8.043118
v -16.263399 -110.383003 6.537482
v -16.263397 -104.424995 -11.321918
v -16.263397 -84.734688 -10.018714
v -24.807001 -116.678009 -0.964855
v -21.221300 -114.627007 -12.104620
v -16.263399 -112.686005 -16.193619
v -16.263397 -93.905792 -9.704936
v -25.751699 -118.743004 -4.922889
v -16.263399 -97.150101 6.127193
v -9.223092 -121.659996 -4.312630
v -6.771732 -118.743004 -4.922890
v -12.460500 -99.577400 3.631013
v -11.302101 -114.627007 -12.104620
v -6.961361 -113.141006 -8.043118
v -9.454090 -104.394005 -1.940568
v -7.816401 -111.289009 -3.230038
v -11.598598 -102.510994 -1.392377
v -11.191800 -107.686005 -7.977608
v -16.263397 -99.439392 0.896940
v -16.263397 -104.424995 -11.321918
v -16.263397 -93.905792 -9.704936
v -16.263397 -84.734688 -10.018714
v -16.263397 -75.670593 -10.959913
v -8.805909 -46.336998 1.696832
v -16.263397 -52.542896 -9.835948
v -8.805909 -46.336998 1.696832
v -23.069300 -104.394005 -1.940567
v -20.066299 -99.577400 3.631013
v -20.924797 -102.510994 -1.392377
v -16.263399 -97.150101 6.127193
v -9.454090 -104.394005 -1.940568
v -25.186199 -121.659996 -4.312630
v 50.137100 29.155308 0.552183
v 38.673294 19.208502 -3.809237
v 39.969597 17.101900 -3.371377
v 38.945595 21.359903 -1.771607
v 41.821098 25.666204 0.590108
v 38.583595 24.518007 0.521152
v 44.237896 20.904799 1.021073
v 36.763199 28.462305 -2.964536
v 46.809998 28.117506 -0.140818
v 51.261002 26.762505 -1.223416
v 51.271400 29.265606 -4.378116
v 44.955093 34.275204 -6.064075
v 48.378696 28.772604 -8.477515
v 53.515900 26.476404 -4.353986
v 43.879395 27.293503 -8.643005
v 55.098396 24.176702 -4.367776
v 39.324894 24.635302 -8.601636
v 37.266594 23.138905 -3.678227
v 38.673294 19.208502 -3.809237
v 38.945595 21.359903 -1.771607
v 36.763199 28.462305 -2.964536
v 39.969597 17.101900 -3.371377
v 38.583595 24.518007 0.521152
v 49.478497 26.897005 -8.801605
v 66.114006 -8.328802 -2.199141
v 67.710304 -13.497003 1.717518
v 62.421497 -1.319490 -7.684529
v 63.693703 -3.943240 -8.822301
v 59.418503 -5.584379 -9.442890
v 58.384094 -2.919251 -8.125850
v -39.994400 27.555496 3.624145
v -41.821697 25.666096 0.590111
v -38.580799 24.517998 0.521155
v -38.946301 21.359898 -1.771607
v -38.580799 24.517998 0.521155
v -41.821697 25.666096 0.590111
v -46.810600 28.117496 -0.140815
v -42.462997 19.742897 -0.040831
v -50.203194 22.887199 -0.651085
v -51.261696 26.762497 -1.223416
v -38.946301 21.359898 -1.771607
v -53.516495 26.007498 -4.353986
v -49.479195 26.897001 -8.801596
v -43.879997 27.293497 -8.643006
v -42.797398 29.300098 -11.870096
v -45.172897 24.062899 -13.290597
v -40.022003 22.863100 -8.494747
v -50.196297 20.666899 -11.559796
v -48.096596 17.074299 -11.990797
v -43.631794 18.029299 -11.449497
v -38.580799 24.517998 0.521155
v -38.673897 19.208498 -3.809237
v -38.946301 21.359898 -1.771607
v -42.462997 19.742897 -0.040831
v -51.261696 26.762497 -1.223416
v -53.516495 26.007498 -4.353986
v -55.098999 24.176697 -4.367776
v -49.479195 26.897001 -8.801596
v -43.879997 27.293497 -8.643006
v -42.797398 29.300098 -11.870096
v -40.022003 22.863100 -8.494747
v -53.516495 26.007498 -4.353986
v -49.479195 26.897001 -8.801596
v -55.098999 24.176697 -4.367776
v -50.196297 20.666899 -11.559796
v -48.096596 17.074299 -11.990797
v -49.137890 15.143601 -11.990797
v -52.399391 16.581301 -11.559797
v -57.302193 20.091099 -4.367776
v -38.673897 19.208498 -3.809237
v -39.970295 17.101898 -3.371377
v -40.022003 22.863100 -8.494747
v -0.000321 39.660595 21.352606
v -0.000321 39.660595 21.352606
v -0.000321 32.430695 20.925005
v -0.000321 23.242395 20.580204
v -0.000321 15.536595 20.921602
v 12.177199 22.990698 14.867304
v 11.242800 26.100599 14.822503
v 9.056960 32.141098 -0.385607
v 16.486900 26.841797 8.847505
v 15.356001 28.793299 8.706144
v 9.722380 38.795200 -2.581834
v -0.000321 31.586002 -2.509425
v 10.291300 27.790001 -0.571786
v -0.000321 6.193167 19.332201
v -0.000321 26.283298 -3.867846
v -0.000321 -3.960502 12.567598
v -0.000321 22.828600 -5.219376
v -0.000321 -6.170511 5.420419
v -0.000321 19.408501 -7.015656
v -0.000321 39.660595 21.352606
v -0.000321 39.660595 21.352606
v -0.000321 23.242395 20.580204
v -15.246300 29.327700 8.502734
v -11.243500 26.100599 14.822503
v -9.061049 32.141098 -0.385607
v -12.174399 22.990698 14.867304
v -16.487499 26.841797 8.847505
v -0.000321 31.586002 -2.509425
v -10.295400 27.790001 -0.571786
v -0.000321 15.536595 20.921602
v -0.000321 26.283298 -3.867846
v -14.160299 19.270498 14.960402
v -0.000321 22.828600 -5.219376
v -21.635000 15.436600 8.171743
v -5.851180 6.796527 17.401402
v -0.000321 19.408501 -7.015656
v -0.000321 6.193167 19.332201
v -11.533100 19.987700 -5.671036
v -0.000321 -3.960502 12.567598
v -0.000321 14.623002 -8.667138
v -0.000321 7.206822 -10.266899
v -0.000321 -3.981180 -0.061522
v -0.000321 -6.170511 5.420419
vt 0.8013 -0.2371
vt 0.8314 -0.2143
vt 0.7851 -0.2980
vt 0.8321 -0.3383
vt 0.7841 -0.3381
vt 0.7866 -0.4094
vt 0.8314 -0.4093
vt 0.7941 -0.4392
vt 0.8350 -0.4641
vt 0.8094 -0.4565
vt 0.8013 -0.2371
vt 0.7851 -0.2980
vt 0.8314 -0.2143
vt 0.8321 -0.3383
vt 0.7841 -0.3381
vt 0.8094 -0.4565
vt 0.8350 -0.4641
vt 0.7941 -0.4392
vt 0.8314 -0.4093
vt 0.7866 -0.4094
vt 1.8013 -0.2371
vt 1.7850 -0.2980
vt 1.8313 -0.2143
vt 1.8321 -0.3383
vt 1.7841 -0.3381
vt 1.8094 -0.4565
vt 1.8349 -0.4641
vt 1.7941 -0.4392
vt 1.8314 -0.4093
vt 1.7866 -0.4094
vt 1.8013 -0.2371
vt 1.8313 -0.2143
vt 1.7850 -0.2980
vt 1.8321 -0.3383
vt 1.7841 -0.3381
vt 1.7866 -0.4094
vt 1.8314 -0.4093
vt 1.7941 -0.4392
vt 1.8349 -0.4641
vt 1.8094 -0.4565
vt 0.2388 -0.6144
vt 0.2693 -0.6173
vt 0.2586 -0.6235
vt 0.1792 -0.6569
vt 0.2020 -0.6302
vt 0.1926 -0.6550
vt 0.2388 -0.6144
vt 0.2586 -0.6235
vt 0.2693 -0.6173
vt 0.1792 -0.6569
vt 0.1926 -0.6550
vt 0.2020 -0.6302
vt 1.2388 -0.6144
vt 1.2586 -0.6235
vt 1.2693 -0.6173
vt 1.1792 -0.6569
vt 1.1926 -0.6550
vt 1.2021 -0.6302
vt 1.2388 -0.6144
vt 1.2693 -0.6173
vt 1.2586 -0.6235
vt 1.1792 -0.6569
vt 1.2021 -0.6302
vt 1.1926 -0.6550
vt 0.6003 -0.4419
vt 0.5219 -0.3934
vt 0.6697 -0.3786
vt 0.4216 -0.3816
vt 0.4858 -0.3606
vt 0.4216 -0.3464
vt 0.6016 -0.3435
vt 0.4457 -0.3370
vt 0.5594 -0.2972
vt 0.3975 -0.3566
vt 0.4772 -0.3210
vt 0.6686 -0.2850
vt 0.7107 -0.3163
vt 0.3812 -0.3354
vt 0.4007 -0.3242
vt 0.4169 -0.3165
vt 0.4599 -0.3057
vt 0.4584 -0.2892
vt 0.4739 -0.2788
vt 0.3921 -0.2983
vt 0.4146 -0.2818
vt 0.3698 -0.3189
vt 0.4453 -0.3149
vt 0.4436 -0.2816
vt 0.5296 -0.2501
vt 0.4190 -0.2379
vt 0.6817 -0.2179
vt 0.4326 -0.3063
vt 0.4420 -0.2619
vt 0.3795 -0.2629
vt 0.4306 -0.2928
vt 0.5199 -0.1815
vt 0.6667 -0.1807
vt 0.4403 -0.1389
vt 0.3820 -0.1264
vt 0.4565 -0.0725
vt 0.5256 -0.1198
vt 0.4453 -0.0104
vt 0.3721 -0.0067
vt 0.3975 -0.3566
vt 0.3866 -0.3849
vt 0.3648 -0.3522
vt 0.4216 -0.3816
vt 0.3443 -0.3271
vt 0.3812 -0.3354
vt 0.4587 -0.4066
vt 0.3698 -0.3189
vt 0.3334 -0.2903
vt 0.3167 -0.0125
vt 0.3167 -0.0743
vt 0.1947 -0.0076
vt 0.1964 -0.0329
vt 0.1097 -0.0089
vt 0.1505 -0.1991
vt 0.1478 -0.1659
vt 0.1777 -0.1489
vt 0.1414 -0.1134
vt 0.0805 -0.1834
vt 0.1836 -0.1076
vt 0.2068 -0.4672
vt 0.1658 -0.4736
vt 0.1911 -0.4071
vt 0.1070 -0.1569
vt 0.2094 -0.1536
vt 0.1008 -0.1351
vt 0.0399 -0.1732
vt 0.0753 -0.1629
vt 0.1634 -0.0786
vt 0.1863 -0.0579
vt 0.1935 -0.0695
vt 0.1173 -0.5048
vt 0.1202 -0.4517
vt 0.0870 -0.1536
vt 0.0946 -0.1184
vt 0.0917 -0.4803
vt 0.0837 -0.1397
vt 0.1228 -0.0695
vt 0.1648 -0.0678
vt 0.0675 -0.5082
vt 0.0812 -0.5544
vt 0.0723 -0.1175
vt 0.0678 -0.0850
vt 0.0719 -0.1361
vt 0.1016 -0.0826
vt 0.1132 -0.0518
vt 0.0455 -0.1291
vt 0.0383 -0.0974
vt 0.0619 -0.1430
vt 0.0595 -0.1581
vt 0.1718 -0.0343
vt 0.1097 -0.0089
vt 0.1964 -0.0329
vt 0.0744 -0.0680
vt 0.0826 -0.0439
vt 0.0795 -0.0608
vt 0.0294 -0.1451
vt 0.0017 -0.1032
vt 0.0522 -0.0632
vt 0.0524 -0.0530
vt 0.0568 -0.0093
vt 0.0013 -0.1480
vt 0.0056 -0.0541
vt 0.0293 -0.0568
vt 0.0550 -0.0377
vt 0.0284 -0.0458
vt 0.0317 -0.0313
vt 0.0231 -0.0067
vt 0.0080 -0.0404
vt 0.0124 -0.0257
vt 0.0080 -0.0404
vt 0.0284 -0.0458
vt 0.0056 -0.0541
vt 0.0293 -0.0568
vt 0.0524 -0.0530
vt 0.0522 -0.0632
vt 0.0795 -0.0608
vt 0.0744 -0.0680
vt 0.1228 -0.0695
vt 0.1016 -0.0826
vt 1.3167 -0.0125
vt 1.1948 -0.0076
vt 1.3167 -0.0743
vt 1.1964 -0.0329
vt 1.1097 -0.0089
vt 1.1478 -0.1659
vt 1.1506 -0.1991
vt 1.1777 -0.1489
vt 1.1413 -0.1134
vt 1.0805 -0.1834
vt 1.1836 -0.1076
vt 1.1070 -0.1569
vt 1.0882 -0.2598
vt 1.1667 -0.2782
vt 1.2094 -0.1536
vt 1.1009 -0.1351
vt 1.0400 -0.1732
vt 1.0070 -0.2573
vt 1.1634 -0.0786
vt 1.1863 -0.0579
vt 1.1648 -0.0678
vt 1.0869 -0.1536
vt 1.1228 -0.0695
vt 1.0945 -0.1184
vt 1.1934 -0.0695
vt 1.0836 -0.1397
vt 1.0753 -0.1629
vt 1.1016 -0.0826
vt 1.1964 -0.0329
vt 1.1132 -0.0518
vt 1.3167 -0.0743
vt 1.2440 -0.1507
vt 1.0724 -0.1175
vt 1.0678 -0.0850
vt 1.0826 -0.0439
vt 1.1718 -0.0343
vt 1.0719 -0.1361
vt 1.0744 -0.0680
vt 1.0795 -0.0608
vt 1.1097 -0.0089
vt 1.0383 -0.0974
vt 1.0454 -0.1291
vt 1.0618 -0.1430
vt 1.0595 -0.1581
vt 1.0522 -0.0632
vt 1.1658 -0.4736
vt 1.1202 -0.4517
vt 1.1173 -0.5048
vt 1.0524 -0.0530
vt 1.0568 -0.0093
vt 1.0294 -0.1451
vt 1.0292 -0.0568
vt 1.0551 -0.0377
vt 1.0056 -0.0541
vt 1.0017 -0.1032
vt 1.0284 -0.0458
vt 1.0316 -0.0313
vt 1.0675 -0.5082
vt 1.0812 -0.5544
vt 1.0231 -0.0067
vt 1.0080 -0.0404
vt 1.0124 -0.0257
vt 1.0080 -0.0404
vt 1.0056 -0.0541
vt 1.0284 -0.0458
vt 1.0292 -0.0568
vt 1.0524 -0.0530
vt 1.0522 -0.0632
vt 1.0795 -0.0608
vt 1.0744 -0.0680
vt 1.1228 -0.0695
vt 1.1016 -0.0826
vt 1.6003 -0.4419
vt 1.5219 -0.3934
vt 1.4587 -0.4066
vt 1.6696 -0.3786
vt 1.6016 -0.3435
vt 1.5595 -0.2972
vt 1.4858 -0.3606
vt 1.3975 -0.3566
vt 1.4216 -0.3464
vt 1.3812 -0.3354
vt 1.6686 -0.2850
vt 1.7107 -0.3163
vt 1.5296 -0.2501
vt 1.4739 -0.2788
vt 1.4008 -0.3242
vt 1.3921 -0.2983
vt 1.3698 -0.3189
vt 1.4169 -0.3165
vt 1.4420 -0.2619
vt 1.4436 -0.2816
vt 1.4584 -0.2892
vt 1.4599 -0.3057
vt 1.4453 -0.3149
vt 1.4458 -0.3370
vt 1.6817 -0.2179
vt 1.6579 -0.2443
vt 1.4190 -0.2379
vt 1.4146 -0.2818
vt 1.4307 -0.2928
vt 1.4326 -0.3063
vt 1.6667 -0.1807
vt 1.5199 -0.1815
vt 1.3648 -0.3522
vt 1.3812 -0.3354
vt 1.3442 -0.3271
vt 1.3975 -0.3566
vt 1.3866 -0.3849
vt 1.4216 -0.3816
vt 1.4226 -0.4518
vt 1.4587 -0.4066
vt 0.0357 -0.9813
vt 0.0049 -0.9043
vt 0.0924 -0.8922
vt 0.0257 -0.8379
vt 0.0556 -0.7951
vt 0.1071 -0.7839
vt 0.9367 -0.7559
vt 0.9643 -0.6743
vt 0.9661 -0.7414
vt 0.9951 -0.6738
vt 0.9666 -0.6026
vt 0.9775 -0.5964
vt 0.6033 -0.6021
vt 0.5524 -0.5962
vt 0.5937 -0.5661
vt 0.5452 -0.5566
vt 0.5040 -0.5686
vt 0.5101 -0.6027
vt 0.4729 -0.5999
vt 0.4730 -0.5661
vt 0.4239 -0.6024
vt 0.4286 -0.5652
vt 0.9676 -0.9463
vt 0.9381 -0.8947
vt 0.9644 -0.8452
vt 0.8776 -0.9948
vt 0.8135 -0.9924
vt 0.8273 -0.9127
vt 0.8647 -0.9154
vt 0.8883 -0.8712
vt 0.9282 -0.8616
vt 0.7517 -0.9635
vt 0.7799 -0.9139
vt 0.8534 -0.8674
vt 0.8953 -0.8348
vt 0.7457 -0.8726
vt 0.9092 -0.8128
vt 0.9558 -0.8097
vt 0.7983 -0.8673
vt 0.6907 -0.8993
vt 0.8749 -0.8100
vt 0.9036 -0.7842
vt 0.9367 -0.7559
vt 0.9173 -0.6742
vt 0.9643 -0.6743
vt 0.8131 -0.8042
vt 0.8272 -0.8449
vt 0.7310 -0.8051
vt 0.8816 -0.7726
vt 0.9049 -0.7486
vt 0.8709 -0.8387
vt 0.9317 -0.6136
vt 0.9666 -0.6026
vt 0.7879 -0.8056
vt 0.6670 -0.8034
vt 0.8810 -0.7408
vt 0.8505 -0.8257
vt 0.9604 -0.5954
vt 0.8892 -0.6810
vt 0.8938 -0.6429
vt 0.7391 -0.7382
vt 0.8559 -0.7837
vt 0.8270 -0.7467
vt 0.8313 -0.7591
vt 0.8447 -0.8029
vt 0.9305 -0.5969
vt 0.8657 -0.6853
vt 0.6905 -0.7121
vt 0.8545 -0.7461
vt 0.8579 -0.7355
vt 0.7883 -0.7521
vt 0.8799 -0.6258
vt 0.9281 -0.5835
vt 0.7723 -0.6864
vt 0.8274 -0.7004
vt 0.8748 -0.5916
vt 0.7482 -0.6351
vt 0.8259 -0.6514
vt 0.8176 -0.7053
vt 0.8315 -0.6025
vt 0.8151 -0.5951
vt 0.8140 -0.6497
vt 1.9604 -0.5954
vt 1.9305 -0.5969
vt 1.9671 -0.5842
vt 1.9281 -0.5835
vt 1.9305 -0.5969
vt 1.8799 -0.6258
vt 1.9604 -0.5954
vt 1.8748 -0.5916
vt 1.9317 -0.6136
vt 1.8938 -0.6429
vt 1.8656 -0.6853
vt 1.8315 -0.6025
vt 1.9666 -0.6026
vt 1.8892 -0.6810
vt 1.8259 -0.6514
vt 1.9172 -0.6742
vt 1.9643 -0.6743
vt 1.8274 -0.7004
vt 1.9049 -0.7486
vt 1.9367 -0.7559
vt 1.8270 -0.7467
vt 1.8579 -0.7355
vt 1.8810 -0.7408
vt 1.9558 -0.8097
vt 1.9676 -0.8078
vt 1.8545 -0.7461
vt 1.8313 -0.7591
vt 1.8816 -0.7726
vt 1.9661 -0.7414
vt 1.8131 -0.8042
vt 1.8559 -0.7837
vt 1.9036 -0.7842
vt 1.9282 -0.8616
vt 1.8884 -0.8712
vt 1.9382 -0.8947
vt 1.7723 -0.6864
vt 1.7883 -0.7521
vt 1.7879 -0.8056
vt 1.7983 -0.8673
vt 1.8447 -0.8029
vt 1.8749 -0.8100
vt 1.9092 -0.8128
vt 1.8647 -0.9154
vt 1.8776 -0.9948
vt 1.9676 -0.9463
vt 1.8176 -0.7053
vt 1.8271 -0.8449
vt 1.8505 -0.8257
vt 1.8953 -0.8348
vt 1.8272 -0.9127
vt 1.8141 -0.6497
vt 1.7391 -0.7382
vt 1.7310 -0.8051
vt 1.8534 -0.8674
vt 1.8709 -0.8387
vt 1.8134 -0.9924
vt 1.8151 -0.5951
vt 1.7482 -0.6351
vt 1.6905 -0.7121
vt 1.6670 -0.8034
vt 1.7457 -0.8726
vt 1.7800 -0.9139
vt 1.6907 -0.8993
vt 1.7518 -0.9635
vt 1.9671 -0.5842
vt 1.9775 -0.5964
vt 1.9604 -0.5954
vt 1.9666 -0.6026
vt 0.8151 -0.5951
vt 0.8315 -0.6025
vt 0.8140 -0.6497
vt 0.8259 -0.6514
vt 0.8274 -0.7004
vt 0.8176 -0.7053
vt 0.8270 -0.7467
vt 1.0358 -0.9813
vt 1.0925 -0.8922
vt 1.0049 -0.9043
vt 1.0257 -0.8379
vt 1.0556 -0.7951
vt 1.9367 -0.7559
vt 1.9661 -0.7414
vt 1.9643 -0.6743
vt 1.9775 -0.5964
vt 1.9604 -0.5954
vt 1.9666 -0.6026
vt 1.9671 -0.5842
vt 1.6032 -0.6021
vt 1.5937 -0.5661
vt 1.5524 -0.5962
vt 1.5452 -0.5566
vt 1.5040 -0.5686
vt 1.5101 -0.6027
vt 1.4730 -0.5661
vt 1.4729 -0.5999
vt 1.4287 -0.5652
vt 1.4239 -0.6024
vt 1.8151 -0.5951
vt 1.8141 -0.6497
vt 1.8315 -0.6025
vt 1.8176 -0.7053
vt 1.8274 -0.7004
vt 1.8259 -0.6514
vt 1.8270 -0.7467
vt 0.8892 -0.5147
vt 0.9416 -0.5286
vt 0.8981 -0.5525
vt 0.8464 -0.5785
vt 0.8892 -0.5147
vt 0.8464 -0.5785
vt 0.8464 -0.5785
vt 0.8380 -0.5195
vt 0.8892 -0.5147
vt 0.8870 -0.4577
vt 0.8442 -0.4243
vt 0.9114 -0.4901
vt 0.8765 -0.3969
vt 0.8464 -0.3658
vt 0.8823 -0.3595
vt 0.8420 -0.2051
vt 0.8836 -0.4175
vt 0.8711 -0.1746
vt 0.8924 -0.3842
vt 0.9060 -0.4395
vt 0.9041 -0.4216
vt 0.9210 -0.4434
vt 0.9134 -0.3823
vt 0.9181 -0.4066
vt 0.9116 -0.3393
vt 0.9398 -0.3808
vt 0.9503 -0.4124
vt 0.9442 -0.3260
vt 0.9339 -0.4347
vt 0.9564 -0.4392
vt 0.9666 -0.3793
vt 0.9953 -0.3925
vt 0.9336 -0.4189
vt 0.9900 -0.4359
vt 0.9871 -0.3342
vt 0.7639 -0.0932
vt 0.7042 -0.0569
vt 0.7834 -0.0455
vt 0.7834 -0.0455
vt 0.8542 -0.0432
vt 0.8634 -0.0749
vt 0.7938 -0.1327
vt 0.7348 -0.0212
vt 0.6863 -0.0312
vt 0.8572 -0.0234
vt 0.9842 -0.0483
vt 0.9332 -0.0420
vt 0.9562 -0.0054
vt 0.6801 -0.0081
vt 0.8108 -0.0082
vt 0.8556 -0.0058
vt 0.9936 -0.0118
vt 0.8167 -0.1187
vt 0.8634 -0.0749
vt 0.8542 -0.0432
vt 0.7348 -0.0212
vt 0.8104 -0.0243
vt 0.7335 -0.0010
vt 0.9254 -0.0033
vt 0.8863 -0.0062
vt 0.8572 -0.0234
vt 0.8104 -0.0243
vt 0.8854 -0.0409
vt 0.7335 -0.0010
vt 0.8108 -0.0082
vt 0.6801 -0.0081
vt 0.9116 -0.3393
vt 0.9398 -0.3808
vt 0.9442 -0.3260
vt 0.8823 -0.3595
vt 0.8420 -0.2051
vt 0.8464 -0.3658
vt 0.9134 -0.3823
vt 0.8863 -0.0062
vt 0.9332 -0.0420
vt 0.9254 -0.0033
vt 0.8556 -0.0058
vt 0.6863 -0.0312
vt 0.9503 -0.4124
vt 0.9666 -0.3793
vt 0.9953 -0.3925
vt 0.8765 -0.3969
vt 0.8442 -0.4243
vt 0.9181 -0.4066
vt 0.9871 -0.3342
vt 0.9562 -0.0054
vt 0.7042 -0.0569
vt 0.8380 -0.5195
vt 0.8870 -0.4577
vt 0.8924 -0.3842
vt 0.9336 -0.4189
vt 0.9564 -0.4392
vt 0.9900 -0.4359
vt 0.9842 -0.0483
vt 0.9800 -0.1052
vt 0.9936 -0.0118
vt 0.8892 -0.5147
vt 0.8836 -0.4175
vt 0.9339 -0.4347
vt 0.8464 -0.5785
vt 0.9041 -0.4216
vt 0.9210 -0.4434
vt 0.9060 -0.4395
vt 0.9244 -0.4576
vt 0.9415 -0.4650
vt 0.9239 -0.4739
vt 0.8312 -0.3806
vt 0.8314 -0.4093
vt 0.7858 -0.3805
vt 0.7866 -0.4094
vt 0.8321 -0.3383
vt 0.8317 -0.3560
vt 0.7841 -0.3381
vt 0.7845 -0.3536
vt 0.8420 -0.2051
vt 0.8136 -0.2019
vt 0.8334 -0.1841
vt 0.8334 -0.1841
vt 0.8711 -0.1746
vt 0.8317 -0.3560
vt 0.8312 -0.3806
vt 0.7845 -0.3536
vt 0.7858 -0.3805
vt 0.7866 -0.4094
vt 0.8314 -0.4093
vt 0.7858 -0.3805
vt 0.8312 -0.3806
vt 0.7845 -0.3536
vt 0.8317 -0.3560
vt 0.7841 -0.3381
vt 0.8321 -0.3383
vt 0.8312 -0.3806
vt 0.8317 -0.3560
vt 0.7845 -0.3536
vt 1.8892 -0.5147
vt 1.8981 -0.5525
vt 1.9416 -0.5286
vt 1.8464 -0.5785
vt 1.8892 -0.5147
vt 1.8464 -0.5785
vt 1.9114 -0.4901
vt 1.8464 -0.5785
vt 1.8892 -0.5147
vt 1.8380 -0.5195
vt 1.8870 -0.4577
vt 1.9114 -0.4901
vt 1.8442 -0.4243
vt 1.8764 -0.3969
vt 1.8464 -0.3658
vt 1.8823 -0.3595
vt 1.8419 -0.2051
vt 1.8837 -0.4175
vt 1.8711 -0.1746
vt 1.8924 -0.3842
vt 1.9244 -0.4576
vt 1.9564 -0.4392
vt 1.9210 -0.4434
vt 1.9060 -0.4395
vt 1.9041 -0.4216
vt 1.9181 -0.4066
vt 1.9134 -0.3823
vt 1.9340 -0.4347
vt 1.9115 -0.3393
vt 1.9503 -0.4124
vt 1.9399 -0.3808
vt 1.9667 -0.3793
vt 1.9953 -0.3925
vt 1.9336 -0.4189
vt 1.9442 -0.3260
vt 1.9871 -0.3342
vt 1.7639 -0.0932
vt 1.7834 -0.0455
vt 1.7043 -0.0569
vt 1.9843 -0.0483
vt 1.9936 -0.0118
vt 1.9562 -0.0054
vt 1.9331 -0.0420
vt 1.7834 -0.0455
vt 1.8542 -0.0432
vt 1.8571 -0.0234
vt 1.8854 -0.0409
vt 1.8103 -0.0243
vt 1.9253 -0.0033
vt 1.7938 -0.1327
vt 1.7348 -0.0212
vt 1.6862 -0.0312
vt 1.8863 -0.0062
vt 1.8108 -0.0082
vt 1.8542 -0.0432
vt 1.8634 -0.0749
vt 1.8167 -0.1187
vt 1.6801 -0.0081
vt 1.7348 -0.0212
vt 1.8556 -0.0058
vt 1.7335 -0.0010
vt 1.7335 -0.0010
vt 1.8103 -0.0243
vt 1.8571 -0.0234
vt 1.8108 -0.0082
vt 1.6862 -0.0312
vt 1.6801 -0.0081
vt 1.8556 -0.0058
vt 1.7043 -0.0569
vt 1.8863 -0.0062
vt 1.9253 -0.0033
vt 1.9331 -0.0420
vt 1.9562 -0.0054
vt 1.9843 -0.0483
vt 1.9800 -0.1052
vt 1.8823 -0.3595
vt 1.8464 -0.3658
vt 1.8419 -0.2051
vt 1.9115 -0.3393
vt 1.9159 -0.1964
vt 1.9442 -0.3260
vt 1.9936 -0.0118
vt 1.8924 -0.3842
vt 1.8764 -0.3969
vt 1.8442 -0.4243
vt 1.9399 -0.3808
vt 1.9134 -0.3823
vt 1.9181 -0.4066
vt 1.8870 -0.4577
vt 1.8380 -0.5195
vt 1.8837 -0.4175
vt 1.8892 -0.5147
vt 1.9503 -0.4124
vt 1.9667 -0.3793
vt 1.9953 -0.3925
vt 1.9060 -0.4395
vt 1.8464 -0.5785
vt 1.9041 -0.4216
vt 1.9900 -0.4359
vt 1.9336 -0.4189
vt 1.9210 -0.4434
vt 1.9564 -0.4392
vt 1.9340 -0.4347
vt 1.9415 -0.4650
vt 1.9244 -0.4576
vt 1.9239 -0.4739
vt 1.7866 -0.4094
vt 1.8314 -0.4093
vt 1.7859 -0.3805
vt 1.8312 -0.3806
vt 1.7845 -0.3536
vt 1.8317 -0.3560
vt 1.7841 -0.3381
vt 1.8321 -0.3383
vt 1.8419 -0.2051
vt 1.8334 -0.1841
vt 1.8711 -0.1746
vt 1.8419 -0.2051
vt 1.8135 -0.2019
vt 1.8312 -0.3806
vt 1.8317 -0.3560
vt 1.7845 -0.3536
vt 1.8312 -0.3806
vt 1.8314 -0.4093
vt 1.7859 -0.3805
vt 1.7866 -0.4094
vt 1.8321 -0.3383
vt 1.8317 -0.3560
vt 1.7841 -0.3381
vt 1.7845 -0.3536
vt 1.8317 -0.3560
vt 1.8312 -0.3806
vt 1.7845 -0.3536
vt 1.7859 -0.3805
vt 0.4805 -0.8216
vt 0.4481 -0.8194
vt 0.4801 -0.8016
vt 0.4520 -0.8009
vt 0.4347 -0.8029
vt 0.4137 -0.7377
vt 0.4429 -0.7271
vt 0.4406 -0.7739
vt 0.4250 -0.6673
vt 0.4646 -0.6679
vt 0.4603 -0.6104
vt 0.4218 -0.6145
vt 0.4643 -0.7286
vt 0.4524 -0.7578
vt 0.5007 -0.6086
vt 0.4481 -0.8194
vt 0.4805 -0.8216
vt 0.4450 -0.8419
vt 0.5003 -0.6681
vt 0.4646 -0.7490
vt 0.4805 -0.7621
vt 0.4765 -0.7735
vt 0.4968 -0.8053
vt 0.5221 -0.8280
vt 0.5288 -0.6072
vt 0.5062 -0.7280
vt 0.4831 -0.7308
vt 0.4810 -0.8441
vt 0.4423 -0.8637
vt 0.4870 -0.7725
vt 0.5212 -0.6644
vt 0.3952 -0.8760
vt 0.4358 -0.9054
vt 0.3774 -0.9167
vt 0.5222 -0.8985
vt 0.5355 -0.7343
vt 0.5500 -0.6084
vt 0.4160 -0.9898
vt 0.3621 -0.9915
vt 0.4800 -0.8671
vt 0.5476 -0.7864
vt 0.5537 -0.6628
vt 0.4246 -0.9319
vt 0.5627 -0.8813
vt 0.4569 -0.9027
vt 0.5563 -0.7555
vt 0.5701 -0.6102
vt 0.5656 -0.7346
vt 0.5473 -0.7375
vt 0.4475 -0.9904
vt 0.5607 -0.8989
vt 0.5252 -0.9353
vt 0.4762 -0.8937
vt 0.5836 -0.8243
vt 0.5857 -0.8805
vt 0.5746 -0.7821
vt 0.5726 -0.7702
vt 0.6030 -0.7782
vt 0.5733 -0.6598
vt 0.5949 -0.6118
vt 0.5685 -0.7437
vt 0.4570 -0.9378
vt 0.5685 -0.9344
vt 0.4818 -0.9413
vt 0.4762 -0.8937
vt 0.6160 -0.8321
vt 0.6183 -0.8730
vt 0.5987 -0.6548
vt 0.5855 -0.7514
vt 0.5789 -0.7326
vt 0.4843 -0.9935
vt 0.5856 -0.8995
vt 0.5963 -0.9331
vt 0.5957 -0.7230
vt 0.5988 -0.7425
vt 0.5213 -0.9936
vt 0.5675 -0.9939
vt 0.6241 -0.9878
vt 0.6247 -0.8985
vt 0.6560 -0.8679
vt 0.6361 -0.9247
vt 0.6214 -0.7151
vt 0.7134 -0.9920
vt 0.6781 -0.9049
vt 0.5746 -0.7821
vt 0.6030 -0.7782
vt 0.5757 -0.7955
vt 0.6264 -0.5856
vt 0.6307 -0.5722
vt 0.6438 -0.5879
vt 0.6361 -0.5527
vt 0.6540 -0.5301
vt 0.6624 -0.5482
vt 0.6487 -0.5738
vt 0.6815 -0.5208
vt 0.6306 -0.6021
vt 0.6539 -0.6200
vt 0.6157 -0.6117
vt 0.7158 -0.5371
vt 0.7052 -0.5469
vt 0.6656 -0.6003
vt 0.6748 -0.6334
vt 0.6582 -0.6405
vt 0.6318 -0.6254
vt 0.7326 -0.5712
vt 0.7192 -0.5740
vt 0.6720 -0.6478
vt 0.7296 -0.5915
vt 0.7109 -0.5864
vt 1.4968 -0.8053
vt 1.4801 -0.8016
vt 1.4805 -0.8216
vt 1.4106 -0.8217
vt 1.4422 -0.8637
vt 1.4450 -0.8419
vt 1.3952 -0.8760
vt 1.4481 -0.8194
vt 1.4805 -0.8216
vt 1.4358 -0.9054
vt 1.3774 -0.9167
vt 1.4645 -0.7488
vt 1.4540 -0.7747
vt 1.4765 -0.7733
vt 1.4968 -0.8053
vt 1.5221 -0.7966
vt 1.5011 -0.7891
vt 1.4810 -0.8441
vt 1.4160 -0.9898
vt 1.4245 -0.9319
vt 1.5221 -0.8280
vt 1.4800 -0.8671
vt 1.3621 -0.9915
vt 1.4475 -0.9904
vt 1.4570 -0.9378
vt 1.5502 -0.8383
vt 1.5222 -0.8985
vt 1.4569 -0.9027
vt 1.4843 -0.9935
vt 1.5493 -0.7962
vt 1.5627 -0.8813
vt 1.4762 -0.8937
vt 1.4818 -0.9413
vt 1.5252 -0.9353
vt 1.4762 -0.8937
vt 1.5607 -0.8989
vt 1.5835 -0.8243
vt 1.5212 -0.9936
vt 1.5685 -0.9344
vt 1.5858 -0.8805
vt 1.5675 -0.9939
vt 1.5963 -0.9331
vt 1.5856 -0.8995
vt 1.6160 -0.8321
vt 1.6036 -0.7872
vt 1.6241 -0.9878
vt 1.6361 -0.9247
vt 1.6246 -0.8985
vt 1.6183 -0.8730
vt 1.6316 -0.7799
vt 1.6416 -0.7664
vt 1.6285 -0.7593
vt 1.7135 -0.9920
vt 1.6377 -0.8098
vt 1.6560 -0.8679
vt 1.6781 -0.9049
vt 1.4497 -0.8055
vt 1.4752 -0.8114
vt 1.4811 -0.7950
vt 1.4751 -0.8111
vt 1.4497 -0.8055
vt 1.4681 -0.7900
vt 1.4433 -0.7706
vt 1.4718 -0.7686
vt 1.4718 -0.7846
vt 1.4832 -0.7777
vt 1.4835 -0.7702
vt 0.2458 -0.4899
vt 0.2664 -0.5135
vt 0.2273 -0.5008
vt 0.2407 -0.5359
vt 0.2612 -0.5354
vt 0.2015 -0.5379
vt 0.1883 -0.5066
vt 0.2943 -0.5623
vt 0.1586 -0.5110
vt 0.1875 -0.4814
vt 0.3248 -0.5711
vt 0.3119 -0.6296
vt 0.2339 -0.5661
vt 0.1753 -0.5448
vt 0.1519 -0.5628
vt 0.4134 -0.5808
vt 0.2693 -0.6173
vt 0.2020 -0.6302
vt 0.2013 -0.5890
vt 0.1085 -0.5810
vt 0.1701 -0.5855
vt 0.4007 -0.6542
vt 0.2388 -0.6144
vt 0.2068 -0.5652
vt 0.1392 -0.6346
vt 0.0725 -0.6178
vt 0.1882 -0.5595
vt 0.3139 -0.6572
vt 0.2913 -0.6634
vt 0.2586 -0.6235
vt 0.2592 -0.6379
vt 0.0990 -0.6458
vt 0.0115 -0.6552
vt 0.3458 -0.6785
vt 0.2025 -0.6630
vt 0.0423 -0.7150
vt 0.1792 -0.6569
vt 0.3824 -0.7059
vt 0.3437 -0.7305
vt 0.2444 -0.6992
vt 0.1661 -0.6938
vt 0.2025 -0.6630
vt 0.1926 -0.6550
vt 0.2819 -0.7712
vt 0.1926 -0.6550
vt 0.1197 -0.7757
vt 0.2913 -0.6634
vt 0.2444 -0.6992
vt 0.2126 -0.7909
vt 0.1987 -0.6988
vt 0.1661 -0.6938
vt 0.3139 -0.6572
vt 0.3119 -0.6296
vt 0.3824 -0.7059
vt 0.3458 -0.6785
vt 0.2592 -0.6379
vt 0.1718 -0.7508
vt 0.1787 -0.7128
vt 0.0990 -0.6458
vt 0.4007 -0.6542
vt 0.4134 -0.5808
vt 0.1987 -0.6988
vt 0.2693 -0.6173
vt 0.1620 -0.8011
vt 0.1792 -0.6569
vt 0.3248 -0.5711
vt 0.2025 -0.6630
vt 0.2943 -0.5623
vt 0.1787 -0.7128
vt 0.1718 -0.7508
vt 0.0115 -0.6552
vt 0.0423 -0.7150
vt 0.2586 -0.6235
vt 0.2388 -0.6144
vt 0.1926 -0.6550
vt 0.0725 -0.6178
vt 0.2020 -0.6302
vt 0.2339 -0.5661
vt 0.2407 -0.5359
vt 0.1392 -0.6346
vt 0.2664 -0.5135
vt 0.2273 -0.5008
vt 0.2612 -0.5354
vt 0.2013 -0.5890
vt 0.1085 -0.5810
vt 0.2458 -0.4899
vt 0.2015 -0.5379
vt 0.2068 -0.5652
vt 0.1926 -0.6550
vt 0.2025 -0.6630
vt 0.1701 -0.5855
vt 0.1519 -0.5628
vt 0.1883 -0.5066
vt 0.1882 -0.5595
vt 0.1753 -0.5448
vt 0.1586 -0.5110
vt 0.1875 -0.4814
vt 0.1661 -0.6938
vt 0.1787 -0.7128
vt 0.1197 -0.7757
vt 0.1718 -0.7508
vt 0.1620 -0.8011
vt 0.1718 -0.7508
vt 0.1787 -0.7128
vt 0.1661 -0.6938
vt 0.1197 -0.7757
vt 0.3824 -0.7059
vt 0.3458 -0.6785
vt 0.4007 -0.6542
vt 0.3139 -0.6572
vt 0.3119 -0.6296
vt 0.1235 -0.8982
vt 0.1385 -0.9175
vt 0.0762 -0.9427
vt 0.1167 -0.9918
vt 0.1665 -0.9294
vt 0.0555 -0.9906
vt 0.1842 -0.9946
vt 0.0762 -0.9427
vt 0.1665 -0.9294
vt 0.1385 -0.9175
vt 0.1235 -0.8982
vt 0.4134 -0.5808
vt 0.3248 -0.5711
vt 0.4066 -0.5473
vt 0.3311 -0.5461
vt 0.2943 -0.5623
vt 0.2612 -0.5354
vt 0.2586 -0.6235
vt 0.2693 -0.6173
vt 0.2592 -0.6379
vt 0.2339 -0.5661
vt 0.2068 -0.5652
vt 0.2015 -0.5379
vt 0.1882 -0.5595
vt 0.1753 -0.5448
vt 0.1586 -0.5110
vt 0.3824 -0.7059
vt 0.4007 -0.6542
vt 0.3458 -0.6785
vt 0.3139 -0.6572
vt 0.3119 -0.6296
vt 0.4134 -0.5808
vt 0.4066 -0.5473
vt 0.3248 -0.5711
vt 0.3311 -0.5461
vt 0.2943 -0.5623
vt 0.2612 -0.5354
vt 0.2586 -0.6235
vt 0.2592 -0.6379
vt 0.2693 -0.6173
vt 0.2339 -0.5661
vt 0.2015 -0.5379
vt 0.2068 -0.5652
vt 0.1882 -0.5595
vt 0.1753 -0.5448
vt 0.1586 -0.5110
vt 1.2458 -0.4899
vt 1.2273 -0.5008
vt 1.2664 -0.5135
vt 1.2407 -0.5359
vt 1.2015 -0.5379
vt 1.1884 -0.5066
vt 1.2613 -0.5354
vt 1.1875 -0.4814
vt 1.1586 -0.5110
vt 1.2943 -0.5623
vt 1.1519 -0.5628
vt 1.1753 -0.5448
vt 1.2339 -0.5661
vt 1.1084 -0.5810
vt 1.1701 -0.5855
vt 1.1881 -0.5595
vt 1.2388 -0.6144
vt 1.2021 -0.6302
vt 1.2693 -0.6173
vt 1.3119 -0.6296
vt 1.1392 -0.6346
vt 1.0725 -0.6178
vt 1.2013 -0.5890
vt 1.2592 -0.6379
vt 1.2586 -0.6235
vt 1.4007 -0.6542
vt 1.4133 -0.5808
vt 1.0115 -0.6552
vt 1.0990 -0.6458
vt 1.2068 -0.5652
vt 1.2913 -0.6634
vt 1.3247 -0.5711
vt 1.2025 -0.6630
vt 1.0423 -0.7150
vt 1.1792 -0.6569
vt 1.2443 -0.6992
vt 1.3436 -0.7305
vt 1.3139 -0.6572
vt 1.1197 -0.7757
vt 1.1661 -0.6938
vt 1.1926 -0.6550
vt 1.2025 -0.6630
vt 1.2820 -0.7712
vt 1.1926 -0.6550
vt 1.3458 -0.6785
vt 1.1661 -0.6938
vt 1.2127 -0.7909
vt 1.1787 -0.7128
vt 1.1987 -0.6988
vt 1.3824 -0.7059
vt 1.0990 -0.6458
vt 1.2443 -0.6992
vt 1.1719 -0.7508
vt 1.0115 -0.6552
vt 1.0725 -0.6178
vt 1.1792 -0.6569
vt 1.2913 -0.6634
vt 1.1620 -0.8011
vt 1.0423 -0.7150
vt 1.1392 -0.6346
vt 1.1084 -0.5810
vt 1.1987 -0.6988
vt 1.1787 -0.7128
vt 1.3458 -0.6785
vt 1.3824 -0.7059
vt 1.2592 -0.6379
vt 1.1719 -0.7508
vt 1.1519 -0.5628
vt 1.2025 -0.6630
vt 1.1926 -0.6550
vt 1.3139 -0.6572
vt 1.1586 -0.5110
vt 1.2021 -0.6302
vt 1.3119 -0.6296
vt 1.1875 -0.4814
vt 1.1884 -0.5066
vt 1.1753 -0.5448
vt 1.1701 -0.5855
vt 1.2388 -0.6144
vt 1.2586 -0.6235
vt 1.2693 -0.6173
vt 1.2273 -0.5008
vt 1.2015 -0.5379
vt 1.1881 -0.5595
vt 1.3247 -0.5711
vt 1.4133 -0.5808
vt 1.2013 -0.5890
vt 1.2339 -0.5661
vt 1.2943 -0.5623
vt 1.2458 -0.4899
vt 1.2664 -0.5135
vt 1.2407 -0.5359
vt 1.4007 -0.6542
vt 1.2068 -0.5652
vt 1.2025 -0.6630
vt 1.1926 -0.6550
vt 1.2613 -0.5354
vt 1.1661 -0.6938
vt 1.1197 -0.7757
vt 1.1787 -0.7128
vt 1.1719 -0.7508
vt 1.1620 -0.8011
vt 1.1787 -0.7128
vt 1.1719 -0.7508
vt 1.1197 -0.7757
vt 1.1661 -0.6938
vt 1.3824 -0.7059
vt 1.4007 -0.6542
vt 1.3458 -0.6785
vt 1.3139 -0.6572
vt 1.3119 -0.6296
vt 1.1235 -0.8982
vt 1.0762 -0.9427
vt 1.1384 -0.9175
vt 1.1168 -0.9918
vt 1.0555 -0.9906
vt 1.1665 -0.9294
vt 1.0762 -0.9427
vt 1.1842 -0.9946
vt 1.1384 -0.9175
vt 1.1235 -0.8982
vt 1.1665 -0.9294
vt 1.4133 -0.5808
vt 1.4066 -0.5473
vt 1.3247 -0.5711
vt 1.3312 -0.5461
vt 1.2943 -0.5623
vt 1.2613 -0.5354
vt 1.2586 -0.6235
vt 1.2592 -0.6379
vt 1.2693 -0.6173
vt 1.2339 -0.5661
vt 1.2015 -0.5379
vt 1.2068 -0.5652
vt 1.1881 -0.5595
vt 1.1753 -0.5448
vt 1.1586 -0.5110
vt 1.3824 -0.7059
vt 1.3458 -0.6785
vt 1.4007 -0.6542
vt 1.3139 -0.6572
vt 1.3119 -0.6296
vt 1.4133 -0.5808
vt 1.3247 -0.5711
vt 1.4066 -0.5473
vt 1.3312 -0.5461
vt 1.2943 -0.5623
vt 1.2613 -0.5354
vt 1.2586 -0.6235
vt 1.2693 -0.6173
vt 1.2592 -0.6379
vt 1.2339 -0.5661
vt 1.2068 -0.5652
vt 1.2015 -0.5379
vt 1.1881 -0.5595
vt 1.1753 -0.5448
vt 1.1586 -0.5110
vt 0.4584 -0.2892
vt 0.4599 -0.3057
vt 0.4450 -0.2980
vt 0.4436 -0.2816
vt 0.4453 -0.3149
vt 0.4306 -0.2928
vt 0.4326 -0.3063
vt 0.0619 -0.1430
vt 0.0719 -0.1361
vt 0.0725 -0.1494
vt 0.0595 -0.1581
vt 0.0837 -0.1397
vt 0.0753 -0.1629
vt 0.0870 -0.1536
vt 1.0719 -0.1361
vt 1.0618 -0.1430
vt 1.0725 -0.1494
vt 1.0836 -0.1397
vt 1.0595 -0.1581
vt 1.0869 -0.1536
vt 1.0753 -0.1629
vt 1.4599 -0.3057
vt 1.4584 -0.2892
vt 1.4450 -0.2980
vt 1.4453 -0.3149
vt 1.4436 -0.2816
vt 1.4326 -0.3063
vt 1.4307 -0.2928
vt 0.9336 -0.4189
vt 0.9339 -0.4347
vt 0.9204 -0.4261
vt 0.9181 -0.4066
vt 0.9210 -0.4434
vt 0.9041 -0.4216
vt 0.9060 -0.4395
vt 0.9339 -0.4347
vt 0.9336 -0.4189
vt 0.9204 -0.4261
vt 0.9210 -0.4434
vt 0.9181 -0.4066
vt 0.9041 -0.4216
vt 0.9060 -0.4395
vt 1.9340 -0.4347
vt 1.9336 -0.4189
vt 1.9204 -0.4261
vt 1.9210 -0.4434
vt 1.9181 -0.4066
vt 1.9060 -0.4395
vt 1.9041 -0.4216
vt 1.9336 -0.4189
vt 1.9340 -0.4347
vt 1.9204 -0.4261
vt 1.9181 -0.4066
vt 1.9210 -0.4434
vt 1.9041 -0.4216
vt 1.9060 -0.4395
vt 0.1913 -0.9006
vt 0.1774 -0.8690
vt 0.2103 -0.8498
vt 0.1424 -0.8836
vt 0.1855 -0.8216
vt 0.1369 -0.8420
vt 0.1580 -0.8226
vt 0.3013 -0.9041
vt 0.3323 -0.9336
vt 0.2712 -0.9357
vt 0.2388 -0.9106
vt 0.3481 -0.9915
vt 0.2190 -0.9349
vt 0.2717 -0.9881
vt 0.2712 -0.9357
vt 0.2123 -0.9923
vt 0.3323 -0.9336
vt 0.1821 -0.9179
vt 0.2190 -0.9349
vt 0.3013 -0.9041
vt 0.1665 -0.9294
vt 0.1821 -0.9179
vt 0.2388 -0.9106
vt 0.1842 -0.9946
vt 0.1665 -0.9294
vt 1.3323 -0.9336
vt 1.3013 -0.9041
vt 1.2712 -0.9357
vt 1.3482 -0.9915
vt 1.2387 -0.9106
vt 1.2716 -0.9881
vt 1.2189 -0.9349
vt 1.2712 -0.9357
vt 1.2124 -0.9923
vt 1.3323 -0.9336
vt 1.1820 -0.9179
vt 1.2189 -0.9349
vt 1.3013 -0.9041
vt 1.1665 -0.9294
vt 1.1820 -0.9179
vt 1.2387 -0.9106
vt 1.1842 -0.9946
vt 1.1665 -0.9294
vt 0.5281 -0.4808
vt 0.4587 -0.4066
vt 0.7391 -0.3091
vt 0.7283 -0.2936
vt 0.7707 -0.2796
vt 0.6580 -0.2443
vt 0.7587 -0.2342
vt 0.6836 -0.2788
vt 0.3584 -0.2872
vt 0.7062 -0.2650
vt 0.7336 -0.1914
vt 0.6861 -0.2278
vt 0.3872 -0.2341
vt 0.3475 -0.2417
vt 0.4287 -0.1861
vt 0.6488 -0.1303
vt 0.7077 -0.1486
vt 0.3557 -0.1731
vt 0.6818 -0.1183
vt 0.6189 -0.0876
vt 0.5364 -0.0681
vt 0.6647 -0.0759
vt 0.5267 -0.0250
vt 0.3898 -0.0801
vt 0.6180 -0.0415
vt 0.6649 -0.0183
vt 0.3812 -0.3354
vt 0.4225 -0.4518
vt 0.4886 -0.5156
vt 0.5281 -0.4808
vt 0.3584 -0.2872
vt 0.3322 -0.2430
vt 0.3475 -0.2417
vt 0.3514 -0.1859
vt 0.3557 -0.1731
vt 0.3721 -0.0067
vt 0.3898 -0.0801
vt 0.3431 -0.0395
vt 0.3649 -0.0944
vt 0.3820 -0.1264
vt 0.3557 -0.1731
vt 0.3571 -0.1613
vt 0.2838 -0.2193
vt 0.2166 -0.2029
vt 0.3401 -0.1712
vt 0.2094 -0.1536
vt 0.2440 -0.1507
vt 0.1777 -0.1489
vt 0.2838 -0.2193
vt 0.2504 -0.3087
vt 0.2166 -0.2029
vt 0.1730 -0.3202
vt 0.1667 -0.2782
vt 0.2994 -0.4154
vt 0.2496 -0.4661
vt 0.2537 -0.4037
vt 0.3397 -0.4384
vt 0.2948 -0.4774
vt 0.0071 -0.2573
vt 0.3819 -0.4773
vt 0.3596 -0.4983
vt 0.0052 -0.1843
vt 0.2440 -0.1507
vt 0.4121 -0.5324
vt 0.1607 -0.4244
vt 0.1026 -0.3965
vt 0.3167 -0.0743
vt 0.3401 -0.1712
vt 0.4166 -0.5131
vt 0.0676 -0.4734
vt 0.0882 -0.4410
vt 0.0441 -0.5567
vt 0.0462 -0.5937
vt 0.0468 -0.5054
vt 0.0102 -0.4624
vt 0.0326 -0.5817
vt 0.0328 -0.5575
vt 0.0406 -0.6235
vt 0.0172 -0.5567
vt 0.0125 -0.5047
vt 0.0214 -0.6181
vt 0.0074 -0.6135
vt 0.0181 -0.5795
vt 0.0013 -0.1480
vt 0.0294 -0.1451
vt 0.0052 -0.1843
vt 0.0399 -0.1732
vt 0.0455 -0.1291
vt 1.3401 -0.1712
vt 1.2166 -0.2029
vt 1.2838 -0.2193
vt 1.2440 -0.1507
vt 1.2094 -0.1536
vt 1.1777 -0.1489
vt 1.2838 -0.2193
vt 1.2166 -0.2029
vt 1.2504 -0.3087
vt 1.3196 -0.2856
vt 1.1730 -0.3202
vt 1.0052 -0.1843
vt 1.3401 -0.1712
vt 1.1607 -0.4244
vt 1.1026 -0.3965
vt 1.1912 -0.4071
vt 1.2496 -0.4661
vt 1.2948 -0.4774
vt 1.2993 -0.4154
vt 1.0013 -0.1480
vt 1.0917 -0.4803
vt 1.0675 -0.4734
vt 1.3820 -0.4773
vt 1.4166 -0.5131
vt 1.4333 -0.5092
vt 1.0468 -0.5054
vt 1.0328 -0.5575
vt 1.0441 -0.5567
vt 1.0172 -0.5567
vt 1.0462 -0.5937
vt 1.0325 -0.5817
vt 1.0406 -0.6235
vt 1.0214 -0.6181
vt 1.0013 -0.1480
vt 1.0052 -0.1843
vt 1.0294 -0.1451
vt 1.0400 -0.1732
vt 1.0454 -0.1291
vt 1.5281 -0.4808
vt 1.4216 -0.3816
vt 1.7392 -0.3091
vt 1.4772 -0.3210
vt 1.7283 -0.2936
vt 1.7707 -0.2796
vt 1.7587 -0.2342
vt 1.6836 -0.2788
vt 1.7062 -0.2650
vt 1.3584 -0.2872
vt 1.7336 -0.1914
vt 1.6861 -0.2278
vt 1.3795 -0.2629
vt 1.3872 -0.2341
vt 1.3475 -0.2417
vt 1.7077 -0.1486
vt 1.4287 -0.1861
vt 1.6488 -0.1303
vt 1.3557 -0.1731
vt 1.6817 -0.1183
vt 1.5257 -0.1198
vt 1.4403 -0.1389
vt 1.6190 -0.0876
vt 1.3820 -0.1264
vt 1.6647 -0.0759
vt 1.5363 -0.0681
vt 1.4565 -0.0725
vt 1.3897 -0.0801
vt 1.6180 -0.0415
vt 1.4453 -0.0104
vt 1.3721 -0.0067
vt 1.6649 -0.0183
vt 1.5267 -0.0250
vt 1.3812 -0.3354
vt 1.3698 -0.3189
vt 1.3333 -0.2903
vt 1.3584 -0.2872
vt 1.4886 -0.5156
vt 1.3323 -0.2430
vt 1.5281 -0.4808
vt 1.3475 -0.2417
vt 1.3650 -0.0944
vt 1.3897 -0.0801
vt 1.3431 -0.0395
vt 1.3721 -0.0067
vt 0.4166 -0.5131
vt 0.3819 -0.4773
vt 0.4121 -0.5324
vt 0.3596 -0.4983
vt 0.3397 -0.4384
vt 0.2948 -0.4774
vt 0.3322 -0.2430
vt 0.3475 -0.2417
vt 0.3514 -0.1859
vt 0.3557 -0.1731
vt 0.3557 -0.1731
vt 0.3820 -0.1264
vt 0.3571 -0.1613
vt 0.3649 -0.0944
vt 0.3898 -0.0801
vt 0.5890 -0.5329
vt 0.4988 -0.5279
vt 0.5423 -0.5124
vt 0.4733 -0.5297
vt 0.4258 -0.5318
vt 0.9919 -0.9214
vt 0.9676 -0.8078
vt 0.9661 -0.7414
vt 1.9644 -0.8452
vt 1.9919 -0.9214
vt 1.1071 -0.7839
vt 1.9951 -0.6738
vt 1.5890 -0.5329
vt 1.5423 -0.5124
vt 1.4988 -0.5279
vt 1.4733 -0.5297
vt 1.4258 -0.5318
vt 0.9815 -0.4616
vt 0.9415 -0.4650
vt 0.9114 -0.4901
vt 0.9239 -0.4739
vt 0.9114 -0.4901
vt 0.9415 -0.4650
vt 0.9239 -0.4739
vt 0.9416 -0.5286
vt 0.9815 -0.4616
vt 0.8763 -0.1556
vt 0.9159 -0.1964
vt 0.9244 -0.4576
vt 0.8167 -0.1187
vt 0.8802 -0.1081
vt 0.9239 -0.4739
vt 0.9178 -0.1323
vt 0.8136 -0.2019
vt 0.7938 -0.1327
vt 0.9114 -0.4901
vt 0.9415 -0.4650
vt 0.9539 -0.1537
vt 0.9536 -0.2230
vt 0.8334 -0.1841
vt 0.9075 -0.0927
vt 0.9815 -0.4616
vt 0.9800 -0.1052
vt 0.9744 -0.2780
vt 0.9425 -0.0881
vt 0.8887 -0.0615
vt 0.8854 -0.0409
vt 0.8136 -0.2019
vt 0.8334 -0.1841
vt 0.8763 -0.1556
vt 0.8887 -0.0615
vt 0.8711 -0.1746
vt 0.9159 -0.1964
vt 0.8802 -0.1081
vt 0.8420 -0.2051
vt 0.9178 -0.1323
vt 0.9425 -0.0881
vt 0.9075 -0.0927
vt 0.9539 -0.1537
vt 0.9536 -0.2230
vt 0.9744 -0.2780
vt 0.9815 -0.4616
vt 0.9114 -0.4901
vt 0.9114 -0.4901
vt 0.8763 -0.1556
vt 0.8711 -0.1746
vt 0.8763 -0.1556
vt 0.7858 -0.3805
vt 1.9815 -0.4616
vt 1.9415 -0.4650
vt 1.9239 -0.4739
vt 1.9114 -0.4901
vt 1.9415 -0.4650
vt 1.9239 -0.4739
vt 1.9815 -0.4616
vt 1.9416 -0.5286
vt 1.9239 -0.4739
vt 1.9415 -0.4650
vt 1.9815 -0.4616
vt 1.9900 -0.4359
vt 1.9159 -0.1964
vt 1.8762 -0.1556
vt 1.8802 -0.1081
vt 1.8167 -0.1187
vt 1.9178 -0.1323
vt 1.8334 -0.1841
vt 1.8135 -0.2019
vt 1.9075 -0.0927
vt 1.7938 -0.1327
vt 1.9538 -0.1537
vt 1.9744 -0.2780
vt 1.8634 -0.0749
vt 1.9425 -0.0881
vt 1.9800 -0.1052
vt 1.9536 -0.2230
vt 1.8887 -0.0615
vt 1.8135 -0.2019
vt 1.8854 -0.0409
vt 1.8887 -0.0615
vt 1.8334 -0.1841
vt 1.9425 -0.0881
vt 1.9075 -0.0927
vt 1.8762 -0.1556
vt 1.8802 -0.1081
vt 1.8711 -0.1746
vt 1.9178 -0.1323
vt 1.8419 -0.2051
vt 1.9538 -0.1537
vt 1.9536 -0.2230
vt 1.9744 -0.2780
vt 1.9871 -0.3342
vt 1.9114 -0.4901
vt 1.9815 -0.4616
vt 1.9114 -0.4901
vt 1.8762 -0.1556
vt 1.8334 -0.1841
vt 1.8711 -0.1746
vt 1.8135 -0.2019
vt 1.8762 -0.1556
vt 1.7859 -0.3805
vt 0.4968 -0.8053
vt 0.4185 -0.7800
vt 0.4204 -0.7693
vt 0.4288 -0.7875
vt 0.4520 -0.8009
vt 0.4347 -0.8029
vt 0.4540 -0.7749
vt 0.4106 -0.8217
vt 0.4801 -0.8016
vt 0.5010 -0.7891
vt 0.5221 -0.7966
vt 0.5502 -0.8383
vt 0.5493 -0.7962
vt 0.5180 -0.7757
vt 0.5757 -0.7955
vt 0.5173 -0.7668
vt 0.6036 -0.7872
vt 0.6316 -0.7799
vt 0.6285 -0.7593
vt 0.6416 -0.7664
vt 0.6377 -0.8098
vt 0.6284 -0.7494
vt 0.6588 -0.7819
vt 0.5476 -0.7864
vt 0.6840 -0.5707
vt 0.6801 -0.5381
vt 0.6838 -0.6150
vt 0.6945 -0.6061
vt 0.7062 -0.6182
vt 0.6981 -0.6310
vt 1.4481 -0.8194
vt 1.4520 -0.8009
vt 1.4347 -0.8029
vt 1.4288 -0.7875
vt 1.4347 -0.8029
vt 1.4520 -0.8009
vt 1.4801 -0.8016
vt 1.4425 -0.7740
vt 1.4870 -0.7725
vt 1.4943 -0.7905
vt 1.4361 -0.7875
vt 1.5180 -0.7757
vt 1.5475 -0.7864
vt 1.5756 -0.7955
vt 1.5746 -0.7821
vt 1.5726 -0.7702
vt 1.6030 -0.7782
vt 1.5563 -0.7555
vt 1.5685 -0.7437
vt 1.5855 -0.7514
vt 1.6587 -0.7819
vt 1.4825 -0.7862
vt 1.4800 -0.7799
vt 1.4679 -0.7902
vt 1.4797 -0.7799
vt 1.4824 -0.7863
vt 1.4810 -0.7947
vt 1.5475 -0.7864
vt 1.5756 -0.7955
vt 1.5746 -0.7821
vt 1.6030 -0.7782
vt 1.4423 -0.7942
vt 1.4582 -0.8053
vt 1.4419 -0.7860
vt 1.4715 -0.7847
vt 1.4832 -0.7777
vt 1.4835 -0.7702
vt 1.4723 -0.7689
vt 1.4428 -0.7703
vt 1.4423 -0.7940
vt 1.4423 -0.7863
vt 1.4586 -0.8047
vt 0.3154 -0.2417
vt 0.3154 -0.2417
vt 0.3196 -0.2856
vt 0.3341 -0.3400
vt 0.3511 -0.3795
vt 0.2509 -0.3728
vt 0.2498 -0.3515
vt 0.0913 -0.3169
vt 0.1802 -0.3697
vt 0.1762 -0.3465
vt 0.0882 -0.2598
vt 0.0140 -0.3302
vt 0.0962 -0.3636
vt 0.3736 -0.4220
vt 0.0133 -0.3717
vt 0.3995 -0.4628
vt 0.0124 -0.4013
vt 0.4333 -0.5092
vt 0.0105 -0.4291
vt 1.3154 -0.2417
vt 1.3154 -0.2417
vt 1.3341 -0.3400
vt 1.1762 -0.3465
vt 1.2498 -0.3515
vt 1.0914 -0.3169
vt 1.2510 -0.3728
vt 1.1803 -0.3697
vt 1.0140 -0.3302
vt 1.0962 -0.3636
vt 1.3511 -0.3795
vt 1.0133 -0.3717
vt 1.2538 -0.4037
vt 1.0124 -0.4013
vt 1.2067 -0.4672
vt 1.3396 -0.4384
vt 1.0106 -0.4291
vt 1.3737 -0.4220
vt 1.0882 -0.4410
vt 1.3995 -0.4628
vt 1.0102 -0.4624
vt 1.0125 -0.5047
vt 1.0182 -0.5795
vt 1.0074 -0.6135
vn 0.0000 -1.0000 0.0000
vn 0.1553 -0.5736 0.8043
vn -0.4848 0.2658 0.8332
vn 0.1553 -0.5736 -0.8043
vn -0.4848 0.2658 -0.8333
vn -0.1553 -0.5735 0.8044
vn 0.4850 0.2660 0.8331
vn -0.1553 -0.5735 -0.8044
vn 0.4851 0.2660 -0.8331
vn -0.6074 -0.2145 -0.7649
vn -0.2232 -0.2376 -0.9453
vn -0.6426 -0.1195 -0.7568
vn 0.5271 -0.0599 -0.8477
vn 0.3811 -0.1329 -0.9149
vn 0.8330 0.0884 -0.5461
vn -0.2110 -0.1561 -0.9649
vn 0.6217 0.0759 -0.7795
vn 0.7114 -0.1567 -0.6851
vn 0.8887 0.1709 -0.4254
vn 0.6803 -0.2845 -0.6754
vn -0.0540 -0.5430 -0.8380
vn -0.6799 -0.1521 -0.7173
vn 0.9304 0.3648 -0.0362
vn 0.9486 0.2972 -0.1085
vn 0.9012 0.4122 -0.1340
vn 0.3820 -0.6495 -0.6574
vn 0.4379 -0.8940 0.0942
vn 0.8608 -0.5071 0.0430
vn 0.8771 0.2407 0.4156
vn 0.7309 0.1906 0.6552
vn 0.8419 0.4082 0.3530
vn 0.4812 0.2634 -0.8361
vn 0.4675 -0.3717 0.8020
vn 0.9706 -0.1948 0.1412
vn 0.5437 -0.1352 0.8283
vn 0.7345 -0.1254 -0.6669
vn 0.5907 0.8032 -0.0767
vn 0.7049 -0.2463 0.6651
vn 0.4178 0.1667 0.8931
vn 0.5078 0.5126 0.6924
vn 0.4467 -0.2731 0.8519
vn 0.9291 -0.1481 0.3387
vn -0.4836 -0.2982 0.8229
vn -0.7833 -0.2252 0.5793
vn -0.9568 -0.2683 0.1122
vn -0.4724 -0.2968 0.8299
vn -0.9651 -0.1927 -0.1775
vn -0.9257 -0.2192 -0.3084
vn -0.8075 0.5782 -0.1166
vn -0.8157 0.5730 -0.0790
vn -0.7945 0.6068 -0.0228
vn -0.7822 0.6077 -0.1374
vn -0.8268 0.5621 -0.0204
vn -0.8081 0.5890 0.0091
vn -0.7351 0.6710 0.0963
vn -0.8326 0.5529 -0.0317
vn -0.8184 0.5706 -0.0669
vn 0.5937 0.2257 0.7723
vn 0.6093 0.2022 0.7667
vn 0.8863 0.1303 0.4444
vn 0.8300 0.0943 0.5498
vn 0.9799 0.1303 0.1508
vn 0.8309 -0.5516 -0.0731
vn 0.9651 -0.1814 -0.1889
vn 0.9855 0.1523 0.0749
vn 0.9740 0.1961 -0.1131
vn 0.3702 -0.8734 -0.3164
vn 0.8178 0.4883 0.3045
vn 0.8217 0.2460 0.5140
vn 0.8992 0.3918 -0.1947
vn 0.8250 0.4414 0.3529
vn 0.9292 -0.3690 -0.0203
vn 0.6023 0.5277 0.5989
vn 0.9820 0.0201 0.1878
vn -0.1028 -0.7318 -0.6737
vn 0.0783 -0.9955 0.0523
vn 0.9345 0.1740 0.3106
vn 0.2785 0.4896 0.8262
vn 0.3157 0.5433 0.7779
vn 0.5975 0.1364 -0.7901
vn 0.5387 0.5108 -0.6700
vn 0.7703 -0.5443 0.3323
vn 0.9322 0.3337 -0.1405
vn 0.3211 0.2336 -0.9178
vn 0.9797 0.1730 -0.1007
vn 0.9985 -0.0048 -0.0540
vn 0.7302 0.4375 0.5248
vn 0.2729 -0.2376 -0.9322
vn 0.3143 -0.5803 -0.7513
vn 0.5217 0.4478 -0.7261
vn 0.6621 0.1272 -0.7385
vn 0.4454 0.3920 -0.8049
vn 0.9473 0.1586 -0.2782
vn 0.8122 0.5607 0.1610
vn -0.1256 0.1882 -0.9740
vn 0.2596 0.0379 -0.9650
vn -0.2763 0.0251 -0.9607
vn -0.4385 -0.6587 -0.6114
vn -0.2856 0.7137 0.6395
vn 0.1456 0.8832 0.4458
vn -0.2292 0.6399 0.7335
vn 0.8047 -0.0729 -0.5892
vn 0.7634 0.6450 -0.0343
vn 0.8964 0.0560 -0.4396
vn 0.0371 0.0989 -0.9944
vn 0.2486 -0.0136 -0.9685
vn 0.5236 -0.2234 -0.8221
vn 0.7286 0.2197 -0.6487
vn 0.1563 0.9428 0.2944
vn 0.0215 -0.0115 -0.9997
vn 0.2069 -0.2506 -0.9457
vn 0.2212 -0.2988 -0.9283
vn 0.6115 0.7346 -0.2939
vn 0.3799 0.2871 -0.8793
vn 0.3468 0.8070 -0.4779
vn 0.0911 0.9501 0.2983
vn 0.1123 0.2936 -0.9493
vn 0.1792 0.8780 -0.4439
vn 0.0136 -0.4986 -0.8667
vn 0.1599 -0.6108 -0.7755
vn 0.0390 -0.5449 -0.8376
vn 0.2196 -0.6141 -0.7580
vn 0.4542 -0.4701 -0.7567
vn 0.5154 -0.4387 -0.7361
vn 0.6934 -0.4982 -0.5205
vn 0.7300 -0.3898 -0.5614
vn 0.9130 0.0099 -0.4078
vn 0.9088 0.1945 -0.3690
vn -0.5937 0.2257 0.7723
vn -0.8866 0.1293 0.4440
vn -0.6094 0.2021 0.7667
vn -0.8303 0.0933 0.5495
vn -0.9801 0.1291 0.1503
vn -0.9651 -0.1814 -0.1889
vn -0.8309 -0.5516 -0.0730
vn -0.9855 0.1523 0.0750
vn -0.9740 0.1961 -0.1131
vn -0.3702 -0.8734 -0.3164
vn -0.8178 0.4883 0.3045
vn -0.9292 -0.3690 -0.0203
vn -0.4555 -0.4553 -0.7650
vn -0.9258 -0.3057 -0.2221
vn -0.6023 0.5277 0.5989
vn -0.9820 0.0201 0.1878
vn 0.1028 -0.7318 -0.6737
vn -0.1304 -0.4342 -0.8913
vn -0.9344 0.1740 0.3106
vn -0.2781 0.4899 0.8262
vn -0.7300 0.4375 0.5250
vn -0.7703 -0.5443 0.3323
vn -0.9985 -0.0049 -0.0541
vn -0.9322 0.3337 -0.1405
vn -0.3158 0.5433 0.7779
vn -0.9797 0.1730 -0.1007
vn -0.0783 -0.9955 0.0523
vn -0.9473 0.1586 -0.2782
vn 0.2289 0.6402 0.7333
vn -0.8122 0.5607 0.1610
vn -0.2793 0.6244 0.7295
vn -0.3525 0.5913 0.7253
vn -0.5217 0.4478 -0.7261
vn -0.6621 0.1272 -0.7385
vn -0.7635 0.6448 -0.0344
vn 0.2850 0.7140 0.6395
vn -0.4454 0.3920 -0.8049
vn -0.8047 -0.0729 -0.5893
vn -0.8964 0.0554 -0.4398
vn -0.1456 0.8832 0.4458
vn -0.2596 0.0379 -0.9650
vn 0.1256 0.1882 -0.9740
vn 0.2763 0.0251 -0.9607
vn 0.4385 -0.6587 -0.6114
vn -0.5236 -0.2234 -0.8221
vn -0.8992 0.3918 -0.1948
vn -0.5387 0.5107 -0.6700
vn -0.5976 0.1364 -0.7901
vn -0.7285 0.2196 -0.6488
vn -0.1562 0.9428 0.2944
vn -0.0371 0.0989 -0.9944
vn -0.2212 -0.2988 -0.9283
vn -0.6114 0.7347 -0.2939
vn -0.2069 -0.2506 -0.9457
vn -0.2486 -0.0136 -0.9685
vn -0.3797 0.2869 -0.8795
vn -0.3469 0.8070 -0.4780
vn -0.2729 -0.2376 -0.9322
vn -0.3143 -0.5803 -0.7513
vn -0.0911 0.9501 0.2983
vn -0.1123 0.2935 -0.9493
vn -0.1792 0.8780 -0.4439
vn -0.0137 -0.4986 -0.8667
vn -0.0390 -0.5449 -0.8376
vn -0.1598 -0.6106 -0.7756
vn -0.2197 -0.6140 -0.7581
vn -0.4543 -0.4700 -0.7567
vn -0.5156 -0.4386 -0.7360
vn -0.6940 -0.4973 -0.5206
vn -0.7305 -0.3888 -0.5614
vn -0.9130 0.0104 -0.4077
vn -0.9088 0.1945 -0.3690
vn 0.6074 -0.2144 -0.7649
vn 0.2232 -0.2376 -0.9454
vn -0.0227 -0.2304 -0.9728
vn 0.6424 -0.1196 -0.7569
vn 0.2109 -0.1562 -0.9649
vn -0.7114 -0.1567 -0.6851
vn -0.3812 -0.1329 -0.9149
vn -0.8889 0.1706 -0.4252
vn -0.8330 0.0883 -0.5461
vn -0.9304 0.3648 -0.0363
vn 0.0540 -0.5430 -0.8380
vn 0.6798 -0.1522 -0.7174
vn -0.9706 -0.1948 0.1412
vn -0.8608 -0.5071 0.0429
vn -0.9486 0.2972 -0.1087
vn -0.8771 0.2407 0.4156
vn -0.8419 0.4082 0.3530
vn -0.9012 0.4122 -0.1342
vn -0.7049 -0.2463 0.6651
vn -0.4675 -0.3717 0.8020
vn -0.4378 -0.8941 0.0942
vn -0.3819 -0.6496 -0.6574
vn -0.4812 0.2634 -0.8361
vn -0.6217 0.0759 -0.7795
vn -0.7345 -0.1255 -0.6669
vn -0.4693 -0.2937 -0.8327
vn -0.5437 -0.1352 0.8283
vn -0.7309 0.1906 0.6552
vn -0.5078 0.5126 0.6924
vn -0.5907 0.8032 -0.0768
vn -0.9291 -0.1481 0.3387
vn -0.4467 -0.2731 0.8519
vn 0.7945 0.6068 -0.0228
vn 0.8081 0.5890 0.0091
vn 0.8268 0.5621 -0.0204
vn 0.8073 0.5784 -0.1167
vn 0.8156 0.5731 -0.0792
vn 0.7821 0.6077 -0.1378
vn 0.7451 0.6533 0.1339
vn 0.7352 0.6710 0.0963
vn -0.2795 0.9461 -0.1635
vn -0.4306 0.9021 0.0293
vn -0.4244 0.8453 0.3246
vn -0.5437 0.7271 0.4190
vn -0.3206 0.6385 0.6997
vn -0.1757 0.5936 0.7853
vn 0.3068 -0.9134 -0.2674
vn 0.4651 -0.8553 -0.2285
vn 0.3464 -0.9040 -0.2506
vn 0.4539 -0.8606 -0.2309
vn 0.1572 -0.9583 -0.2384
vn 0.0263 -0.9744 -0.2231
vn 0.3145 0.0291 0.9488
vn 0.6468 0.0925 0.7570
vn 0.3661 -0.0690 0.9280
vn 0.7413 0.0430 0.6698
vn 0.9741 0.2042 -0.0967
vn 0.9717 0.2361 -0.0074
vn 0.6046 0.2402 -0.7594
vn 0.6216 0.1382 -0.7710
vn 0.4272 0.2973 -0.8539
vn 0.3815 0.0462 -0.9232
vn 0.1863 -0.7748 -0.6041
vn 0.4396 -0.7120 -0.5474
vn 0.3540 -0.8889 -0.2907
vn 0.3735 -0.1420 -0.9167
vn 0.3336 0.2970 -0.8947
vn 0.6239 0.2313 -0.7465
vn 0.6251 -0.0899 -0.7753
vn 0.6904 -0.2426 -0.6815
vn 0.5347 -0.6988 -0.4751
vn 0.1605 0.6860 -0.7097
vn 0.4195 0.6023 -0.6791
vn 0.7614 0.1068 -0.6394
vn 0.6096 -0.4845 -0.6274
vn 0.4110 0.8633 -0.2928
vn 0.5685 -0.7984 -0.1983
vn 0.3318 -0.9413 -0.0615
vn 0.8031 0.4713 -0.3645
vn 0.1596 0.9376 -0.3088
vn 0.9726 -0.1969 -0.1238
vn 0.6364 -0.7491 0.1840
vn 0.3577 -0.9209 0.1547
vn 0.7314 -0.5980 0.3277
vn 0.7023 -0.7031 0.1117
vn 0.8610 0.4929 0.1252
vn 0.8336 0.4061 -0.3743
vn 0.4619 0.8777 0.1275
vn 0.8123 -0.2245 0.5382
vn 0.6861 -0.5845 0.4331
vn 0.6431 -0.0350 -0.7650
vn 0.6759 -0.2425 0.6959
vn 0.9113 -0.4005 0.0957
vn 0.8442 0.5313 0.0709
vn 0.1640 0.9724 0.1661
vn 0.7887 0.1164 0.6037
vn 0.8162 0.4167 -0.4002
vn 0.9003 -0.3498 0.2590
vn 0.8357 -0.0756 0.5440
vn 0.5773 0.1027 0.8101
vn 0.4175 0.7331 0.5369
vn 0.8341 0.1709 0.5245
vn 0.9276 0.0574 0.3691
vn 0.9065 0.1424 0.3975
vn 0.8643 0.4848 0.1336
vn 0.1927 0.1390 0.9713
vn 0.7794 0.1233 0.6142
vn 0.1487 0.7863 0.5996
vn 0.7736 -0.0415 0.6323
vn 0.8791 -0.0330 0.4755
vn 0.8285 0.3958 0.3961
vn 0.3289 0.2016 0.9226
vn 0.1149 0.1607 0.9803
vn 0.4766 0.4621 0.7479
vn 0.8330 -0.0261 0.5526
vn 0.3113 0.0839 0.9466
vn 0.2385 0.4902 0.8383
vn 0.5535 0.0988 0.8269
vn 0.7276 0.4731 0.4967
vn 0.3110 0.1596 0.9369
vn 0.2574 0.3577 0.8977
vn 0.3847 0.3366 0.8594
vn 0.0203 0.0973 0.9950
vn -0.0178 0.1117 0.9936
vn 0.0000 0.1014 0.9948
vn -0.0457 0.1331 0.9901
vn -0.1359 0.1321 0.9819
vn -0.3289 0.2016 0.9226
vn -0.5739 -0.1548 0.8041
vn -0.3113 0.0839 0.9466
vn -0.6760 -0.2428 0.6957
vn -0.5773 0.1024 0.8101
vn -0.7794 0.1233 0.6142
vn -0.3110 0.1596 0.9369
vn -0.9114 -0.4006 0.0941
vn -0.8357 -0.0755 0.5439
vn -0.5535 0.0988 0.8269
vn -0.7313 -0.5981 0.3278
vn -0.7022 -0.7031 0.1119
vn -0.8330 -0.0261 0.5526
vn -0.6861 -0.5842 0.4334
vn -0.3577 -0.9209 0.1547
vn -0.9276 0.0572 0.3690
vn -0.8796 -0.0332 0.4745
vn -0.7888 0.1169 0.6035
vn -0.3318 -0.9413 -0.0616
vn -0.3365 -0.9413 -0.0243
vn -0.7743 -0.0419 0.6315
vn -0.9065 0.1420 0.3977
vn -0.8123 -0.2244 0.5384
vn -0.3964 -0.8927 0.2141
vn -0.8610 0.4929 0.1252
vn -0.8340 0.1709 0.5246
vn -0.6364 -0.7491 0.1840
vn -0.5347 -0.6990 -0.4748
vn -0.6904 -0.2427 -0.6815
vn -0.4397 -0.7121 -0.5473
vn -0.4764 0.4623 0.7479
vn -0.8284 0.3959 0.3962
vn -0.8442 0.5313 0.0709
vn -0.8031 0.4713 -0.3645
vn -0.8643 0.4848 0.1336
vn -0.9726 -0.1969 -0.1237
vn -0.5684 -0.7984 -0.1984
vn -0.6251 -0.0899 -0.7753
vn -0.3735 -0.1420 -0.9167
vn -0.1863 -0.7748 -0.6041
vn -0.7273 0.4736 0.4966
vn -0.8336 0.4061 -0.3744
vn -0.8162 0.4167 -0.4002
vn -0.6095 -0.4846 -0.6274
vn -0.6239 0.2313 -0.7465
vn -0.3847 0.3368 0.8594
vn -0.4174 0.7331 0.5369
vn -0.4619 0.8777 0.1276
vn -0.7614 0.1068 -0.6394
vn -0.6431 -0.0350 -0.7650
vn -0.3336 0.2970 -0.8947
vn -0.2574 0.3577 0.8977
vn -0.2386 0.4903 0.8383
vn -0.1488 0.7863 0.5996
vn -0.1640 0.9724 0.1661
vn -0.4110 0.8633 -0.2928
vn -0.4195 0.6023 -0.6791
vn -0.1596 0.9376 -0.3088
vn -0.1605 0.6860 -0.7097
vn 0.0316 -0.9922 0.1207
vn 0.0326 -0.9923 0.1196
vn 0.0328 -0.9923 0.1194
vn 0.0337 -0.9924 0.1183
vn 0.3650 -0.9310 -0.0047
vn 0.3668 -0.9302 0.0107
vn 0.3922 -0.9139 0.1042
vn 0.3960 -0.9113 0.1129
vn 0.4548 -0.8852 0.0980
vn 0.4622 -0.8826 0.0864
vn 0.4772 -0.8773 0.0508
vn 0.2795 0.9461 -0.1635
vn 0.4244 0.8453 0.3246
vn 0.4306 0.9021 0.0293
vn 0.5437 0.7271 0.4191
vn 0.3206 0.6384 0.6997
vn -0.3068 -0.9134 -0.2674
vn -0.3464 -0.9040 -0.2506
vn -0.4651 -0.8553 -0.2284
vn -0.0300 -0.9983 -0.0501
vn -0.0328 -0.9923 0.1194
vn -0.1047 -0.9910 -0.0828
vn -0.0316 -0.9922 0.1207
vn -0.3145 0.0291 0.9488
vn -0.3662 -0.0689 0.9280
vn -0.6467 0.0927 0.7570
vn -0.7412 0.0430 0.6699
vn -0.9741 0.2044 -0.0966
vn -0.9717 0.2360 -0.0076
vn -0.6216 0.1382 -0.7710
vn -0.6044 0.2398 -0.7597
vn -0.3816 0.0461 -0.9232
vn -0.4274 0.2972 -0.8538
vn -0.3650 -0.9310 -0.0047
vn -0.3922 -0.9139 0.1042
vn -0.3668 -0.9302 0.0107
vn -0.4622 -0.8826 0.0864
vn -0.4548 -0.8852 0.0980
vn -0.3960 -0.9113 0.1129
vn -0.4772 -0.8773 0.0508
vn -0.2625 0.6797 -0.6849
vn -0.0413 0.8224 -0.5673
vn 0.0000 0.6027 -0.7979
vn -0.0059 0.6871 -0.7266
vn 0.2625 0.6797 -0.6849
vn 0.0059 0.6871 -0.7266
vn 0.6835 -0.1293 0.7183
vn 0.6795 -0.2191 0.7002
vn 0.7765 -0.2059 0.5955
vn 0.6498 0.0373 0.7591
vn 0.4237 -0.1212 0.8976
vn 0.9600 -0.1075 0.2585
vn 0.3908 -0.0836 0.9167
vn 0.2855 -0.1287 0.9497
vn 0.6017 -0.1815 0.7778
vn 0.3587 -0.1306 0.9243
vn 0.3816 -0.1043 0.9184
vn 0.8263 0.2741 0.4920
vn 0.7541 -0.2255 0.6168
vn 0.2628 0.5035 0.8230
vn 0.2108 -0.5553 0.8045
vn 0.2370 0.9659 -0.1036
vn 0.9359 -0.3296 0.1237
vn 0.8929 -0.4495 0.0258
vn 0.9780 -0.1805 0.1049
vn 0.8397 -0.1699 -0.5157
vn 0.4902 -0.0413 -0.8706
vn 0.7216 -0.1872 -0.6665
vn 0.1560 0.5148 -0.8430
vn 0.3310 0.2853 -0.8994
vn 0.4440 -0.0888 -0.8916
vn 0.3161 0.0312 -0.9482
vn 0.3170 -0.4855 -0.8147
vn 0.3263 0.2139 -0.9207
vn 0.3402 -0.2000 -0.9188
vn 0.0000 0.6744 0.7383
vn 0.2043 0.8169 0.5393
vn 0.7949 0.4862 0.3629
vn -0.8079 0.4864 0.3326
vn 0.9814 0.1044 0.1610
vn 0.9544 0.1266 0.2701
vn -0.2614 0.2358 0.9359
vn 0.7891 0.3131 0.5284
vn 0.5935 0.2007 0.7794
vn 0.9744 0.1874 0.1239
vn 0.4613 -0.0425 -0.8862
vn 0.7840 0.0019 -0.6207
vn 0.5742 0.0310 -0.8181
vn 0.6026 0.0040 0.7980
vn 0.9843 -0.0130 0.1759
vn 0.9911 0.0498 0.1230
vn 0.3479 0.0056 -0.9375
vn -0.6628 0.2755 0.6963
vn -0.9586 0.0060 0.2845
vn -0.9940 -0.0645 0.0879
vn -0.7889 0.3135 0.5285
vn 0.9667 0.2027 0.1562
vn 0.8279 0.0085 0.5608
vn 0.8994 -0.0151 -0.4368
vn 0.9496 -0.0029 -0.3134
vn -0.9730 0.2298 -0.0205
vn -0.9631 0.2679 0.0260
vn -0.9255 -0.3787 0.0028
vn -0.8279 0.0094 0.5608
vn -0.9982 -0.0108 0.0595
vn -0.6025 0.0042 0.7981
vn -0.9780 -0.1804 0.1046
vn -0.8397 -0.1698 -0.5157
vn -0.7215 -0.1872 -0.6666
vn -0.6017 -0.1813 0.7778
vn -0.3026 -0.1189 0.9456
vn -0.2853 -0.1286 0.9497
vn -0.9360 -0.3294 0.1237
vn -0.9987 0.0271 -0.0426
vn -0.8268 -0.0313 -0.5616
vn -0.9620 0.0258 -0.2716
vn -0.9928 0.0490 -0.1088
vn -0.5935 0.2007 0.7794
vn -0.4902 -0.0413 -0.8706
vn -0.4440 -0.0888 -0.8916
vn -0.3161 0.0312 -0.9482
vn -0.3908 -0.0836 0.9167
vn -0.4237 -0.1212 0.8976
vn -0.8929 -0.4495 0.0258
vn -0.3402 -0.2000 -0.9188
vn -0.5742 0.0310 -0.8181
vn -0.5480 0.4358 0.7140
vn -0.6795 -0.2191 0.7002
vn -0.6498 0.0373 0.7591
vn -0.7542 -0.2252 0.6168
vn -0.3170 -0.4855 -0.8147
vn -0.3310 0.2853 -0.8994
vn -0.3263 0.2139 -0.9207
vn -0.4613 -0.0425 -0.8862
vn -0.6415 0.1798 -0.7458
vn -0.3479 0.0056 -0.9375
vn -0.7765 -0.2059 0.5955
vn -0.3816 -0.1043 0.9184
vn -0.1560 0.5148 -0.8430
vn -0.6835 -0.1293 0.7183
vn -0.2108 -0.5553 0.8045
vn -0.2370 0.9659 -0.1036
vn -0.2628 0.5035 0.8230
vn -0.7370 0.6434 -0.2071
vn -0.7040 0.2897 -0.6484
vn -0.9924 0.0811 0.0925
vn 0.0144 -0.1112 0.9937
vn -0.0107 -0.0718 0.9973
vn -0.0301 -0.0412 0.9987
vn -0.0554 -0.0012 0.9984
vn 0.0104 -0.0361 -0.9993
vn 0.0115 -0.0328 -0.9994
vn 0.0150 -0.0225 -0.9996
vn 0.0161 -0.0188 -0.9997
vn 0.0000 0.9024 -0.4308
vn 0.0000 0.9161 -0.4010
vn 0.3512 0.8465 -0.4001
vn -0.3512 0.8465 -0.4000
vn -0.5119 0.7772 -0.3660
vn -0.0132 -0.8342 -0.5513
vn -0.0099 -0.8305 -0.5568
vn -0.0056 -0.8259 -0.5638
vn -0.0023 -0.8222 -0.5691
vn 0.0692 -0.0008 0.9976
vn 0.0191 -0.0645 0.9977
vn 0.0319 -0.0483 0.9983
vn -0.0179 -0.1112 0.9936
vn -0.0198 -0.0186 -0.9996
vn -0.0143 -0.0321 -0.9994
vn -0.0180 -0.0230 -0.9995
vn -0.0127 -0.0361 -0.9992
vn 0.0114 -0.8299 -0.5578
vn 0.0162 -0.8341 -0.5513
vn 0.0077 -0.8266 -0.5627
vn 0.2738 0.6862 -0.6739
vn 0.0000 0.6028 -0.7978
vn 0.0468 0.8254 -0.5626
vn 0.0054 0.6872 -0.7264
vn -0.2623 0.6797 -0.6849
vn -0.0054 0.6872 -0.7264
vn -0.5893 0.7367 -0.3316
vn -0.6807 -0.1332 0.7204
vn -0.7759 -0.2131 0.5938
vn -0.6761 -0.2221 0.7024
vn -0.6502 0.0363 0.7588
vn -0.9697 -0.1176 0.2142
vn -0.2855 -0.1287 0.9497
vn -0.6017 -0.1814 0.7778
vn -0.3587 -0.1306 0.9243
vn -0.8265 0.2738 0.4918
vn -0.7542 -0.2256 0.6166
vn -0.3310 0.2852 -0.8995
vn -0.2629 0.5036 0.8230
vn -0.2109 -0.5553 0.8044
vn -0.8928 -0.4496 0.0256
vn -0.9359 -0.3298 0.1234
vn -0.9780 -0.1803 0.1048
vn -0.4901 -0.0413 -0.8706
vn -0.8397 -0.1698 -0.5158
vn -0.3163 0.0312 -0.9481
vn -0.7216 -0.1871 -0.6665
vn -0.7975 0.4846 0.3592
vn -0.2043 0.8169 0.5393
vn -0.7798 0.0048 -0.6260
vn 0.8079 0.4864 0.3326
vn -0.9851 -0.0203 0.1704
vn -0.9848 0.1195 0.1257
vn -0.9800 -0.1331 -0.1479
vn -0.9672 0.2324 0.1025
vn -0.8921 -0.0189 -0.4513
vn 0.2614 0.2358 0.9359
vn -0.7892 0.3131 0.5283
vn -0.9414 -0.0057 -0.3372
vn -0.9894 0.0246 0.1433
vn 0.9940 -0.0645 0.0879
vn 0.9586 0.0058 0.2846
vn 0.6627 0.2755 0.6963
vn -0.6026 0.0040 0.7980
vn 0.7889 0.3135 0.5285
vn -0.9344 0.3283 0.1380
vn -0.8279 0.0086 0.5607
vn 0.8279 0.0094 0.5608
vn 0.9631 0.2679 0.0260
vn 0.9730 0.2298 -0.0205
vn 0.9982 -0.0108 0.0595
vn 0.6025 0.0042 0.7981
vn 0.9928 0.0490 -0.1088
vn 0.5480 0.4358 0.7140
vn 0.9987 0.0271 -0.0426
vn 0.9620 0.0258 -0.2716
vn 0.8268 -0.0313 -0.5616
vn 0.6415 0.1798 -0.7458
vn 0.6017 -0.1814 0.7778
vn 0.2853 -0.1287 0.9497
vn 0.3026 -0.1189 0.9456
vn 0.9780 -0.1803 0.1048
vn 0.8540 0.0501 -0.5178
vn 0.7542 -0.2254 0.6167
vn 0.3909 -0.0836 0.9166
vn 0.8397 -0.1698 -0.5158
vn 0.9359 -0.3297 0.1237
vn 0.8928 -0.4498 0.0257
vn 0.6500 0.0355 0.7590
vn 0.6763 -0.2220 0.7023
vn 0.3815 -0.1043 0.9184
vn 0.7718 -0.2145 0.5985
vn 0.4901 -0.0413 -0.8707
vn 0.2628 0.5036 0.8230
vn 0.6809 -0.1332 0.7202
vn 0.2109 -0.5553 0.8044
vn 0.3262 0.2139 -0.9208
vn 0.2371 0.9659 -0.1036
vn 0.3301 0.2892 -0.8985
vn 0.6952 0.3018 -0.6524
vn 0.7283 0.6520 -0.2109
vn 0.9914 0.0889 0.0961
vn 0.0544 -0.0013 0.9985
vn 0.0101 -0.0725 0.9973
vn 0.0299 -0.0406 0.9987
vn -0.0142 -0.1112 0.9937
vn -0.0176 -0.0135 -0.9997
vn -0.0116 -0.0319 -0.9994
vn -0.0157 -0.0192 -0.9997
vn -0.0103 -0.0361 -0.9993
vn 0.0360 0.9019 -0.4304
vn 0.3512 0.8465 -0.4000
vn 0.5119 0.7771 -0.3660
vn -0.0361 0.9018 -0.4305
vn 0.3061 0.8721 -0.3817
vn 0.0103 -0.8302 -0.5573
vn 0.0143 -0.8341 -0.5513
vn 0.0057 -0.8256 -0.5643
vn 0.0179 -0.1112 0.9936
vn -0.0191 -0.0645 0.9977
vn -0.0319 -0.0483 0.9983
vn -0.0692 -0.0008 0.9976
vn 0.0127 -0.0361 -0.9992
vn 0.0143 -0.0321 -0.9994
vn 0.0180 -0.0230 -0.9995
vn 0.0198 -0.0186 -0.9996
vn -0.0162 -0.8341 -0.5513
vn -0.0114 -0.8299 -0.5578
vn -0.0077 -0.8266 -0.5627
vn -0.0028 -0.8223 -0.5690
vn 0.2776 -0.8140 0.5102
vn 0.3341 -0.7276 0.5991
vn 0.2739 -0.7960 0.5398
vn 0.3466 -0.6883 0.6373
vn 0.2515 -0.7463 0.6162
vn -0.7087 -0.3721 0.5993
vn -0.5805 -0.3721 0.7243
vn -0.5857 -0.1917 0.7875
vn -0.6047 -0.3352 0.7225
vn 0.0523 -0.1291 0.9902
vn 0.0392 -0.0319 0.9987
vn -0.6144 -0.2755 0.7393
vn 0.0311 -0.0414 0.9987
vn -0.5414 -0.0554 0.8389
vn 0.9218 0.3315 0.2007
vn -0.4496 -0.1998 0.8706
vn 0.5205 0.3301 0.7874
vn -0.5758 -0.0782 0.8138
vn 0.8820 0.2213 0.4160
vn -0.0031 0.1136 0.9935
vn 0.3743 0.4417 0.8153
vn 0.1538 0.3461 0.9255
vn 0.7268 0.2363 0.6449
vn 0.8642 0.4985 -0.0683
vn 0.6608 0.2479 -0.7084
vn 0.9241 0.2738 0.2664
vn 0.5918 0.2172 0.7762
vn 0.4388 0.2732 0.8560
vn -0.3860 -0.3700 0.8450
vn 0.5742 0.2772 0.7703
vn 0.8917 0.1672 -0.4206
vn -0.6869 -0.6354 0.3527
vn -0.4045 -0.6448 0.6485
vn -0.8070 -0.5127 0.2929
vn 0.9987 0.0120 0.0496
vn 0.8237 0.2480 -0.5098
vn 0.0633 -0.0354 -0.9973
vn -0.7526 -0.2774 0.5972
vn -0.8260 -0.3970 0.4000
vn 0.4117 0.0474 0.9101
vn 0.5677 0.4005 -0.7192
vn 0.1935 -0.1111 -0.9748
vn -0.6389 -0.4101 0.6508
vn 0.6968 -0.1951 -0.6902
vn 0.1593 -0.4312 0.8881
vn 0.4416 0.2055 -0.8733
vn -0.6292 -0.3811 -0.6774
vn 0.1410 -0.1806 -0.9734
vn 0.4295 0.0397 -0.9022
vn -0.1000 -0.0263 0.9946
vn 0.7954 -0.2781 -0.5384
vn 0.9803 0.1952 0.0303
vn 0.6761 -0.3892 0.6255
vn -0.0679 0.0804 -0.9944
vn 0.2926 -0.4914 -0.8203
vn -0.1249 0.2066 -0.9704
vn -0.0533 0.1313 -0.9899
vn -0.7134 -0.1793 -0.6774
vn -0.5238 -0.4608 -0.7164
vn -0.8418 -0.4624 -0.2785
vn 0.0537 -0.1050 -0.9930
vn 0.0746 -0.1191 0.9901
vn 0.6553 0.0506 -0.7537
vn 0.6579 0.1129 0.7446
vn 0.7470 0.0174 0.6646
vn -0.6788 -0.2519 -0.6897
vn -0.3175 -0.6803 -0.6606
vn -0.7861 -0.5477 -0.2866
vn -0.3949 -0.1206 -0.9108
vn -0.1764 -0.2572 -0.9501
vn 0.6219 0.2702 0.7350
vn 0.3729 -0.4052 -0.8347
vn 0.0747 -0.1651 -0.9834
vn -0.6157 -0.5070 -0.6031
vn -0.7373 -0.2766 -0.6163
vn 0.9138 0.4019 0.0588
vn 0.6282 0.2738 -0.7282
vn -0.4311 -0.1441 -0.8907
vn -0.4057 -0.6197 -0.6718
vn -0.6981 -0.6242 -0.3506
vn -0.6030 -0.4480 -0.6601
vn -0.8397 -0.5211 -0.1525
vn -0.8662 -0.3280 -0.3769
vn -0.7961 -0.5423 -0.2685
vn -0.3072 0.7587 0.5745
vn -0.6191 0.5571 0.5535
vn -0.2874 0.7673 0.5732
vn -0.0583 0.3922 0.9180
vn 0.0126 0.2919 0.9563
vn 0.2294 0.8681 0.4402
vn 0.1276 0.1018 0.9866
vn 0.2812 -0.2831 0.9169
vn 0.6970 0.0691 0.7137
vn 0.5806 0.4265 0.6935
vn 0.6908 -0.5415 0.4790
vn -0.9581 0.2839 -0.0384
vn -0.9339 0.3576 0.0002
vn -0.9138 -0.4050 -0.0305
vn 0.9141 -0.4010 -0.0601
vn 0.9945 -0.0979 -0.0372
vn 0.4367 0.8996 -0.0034
vn -0.9697 0.2342 0.0691
vn -0.9108 -0.4112 0.0365
vn -0.8836 -0.4667 -0.0369
vn 0.5747 -0.3968 -0.7158
vn 0.7936 -0.1656 -0.5854
vn -0.9171 -0.3919 0.0728
vn 0.2016 -0.0606 -0.9776
vn 0.7055 0.1763 -0.6865
vn -0.1544 -0.8412 0.5182
vn -0.2739 -0.7960 0.5398
vn -0.2776 -0.8140 0.5102
vn 0.8867 -0.2652 0.3786
vn 0.3862 -0.3703 0.8448
vn 0.5755 -0.0783 0.8140
vn 0.6870 -0.6354 0.3526
vn 0.4492 -0.1997 0.8708
vn -0.5205 0.3306 0.7872
vn 0.4046 -0.6447 0.6485
vn 0.8070 -0.5128 0.2928
vn 0.0897 0.4051 0.9098
vn 0.2868 0.1014 0.9526
vn -0.2366 0.3075 0.9216
vn -0.7268 0.2365 0.6448
vn -0.8109 0.5618 -0.1633
vn -0.8264 0.1731 0.5358
vn -0.4387 0.2733 0.8560
vn 0.7526 -0.2776 0.5971
vn 0.6388 -0.4102 0.6509
vn -0.8641 0.4987 -0.0680
vn -0.4119 0.0477 0.9100
vn 0.8261 -0.3971 0.3997
vn 0.1002 -0.0264 0.9946
vn -0.0747 -0.1191 0.9901
vn -0.6197 0.2527 -0.7430
vn -0.9987 0.0121 0.0496
vn -0.1594 -0.4311 0.8881
vn -0.6220 0.2702 0.7349
vn -0.3844 0.4088 -0.8277
vn -0.6969 -0.1947 -0.6902
vn -0.6763 -0.3888 0.6257
vn -0.6579 0.1129 0.7445
vn -0.9803 0.1952 0.0304
vn -0.7471 0.0174 0.6645
vn -0.7955 -0.2779 -0.5384
vn 0.0679 0.0804 -0.9944
vn -0.9138 0.4019 0.0588
vn -0.6554 0.0505 -0.7535
vn -0.2927 -0.4913 -0.8203
vn -0.6283 0.2738 -0.7281
vn -0.0747 -0.1651 -0.9834
vn -0.3731 -0.4051 -0.8346
vn 0.6788 -0.2519 -0.6897
vn 0.5421 -0.1402 -0.8285
vn 0.4311 -0.1441 -0.8907
vn 0.6030 -0.4480 -0.6601
vn 0.4057 -0.6197 -0.6718
vn 0.3175 -0.6803 -0.6606
vn 0.9659 -0.2572 -0.0302
vn 0.8403 -0.3459 0.4173
vn 0.9395 -0.3337 -0.0771
vn 0.8662 -0.3280 -0.3769
vn 0.9636 -0.1701 -0.2062
vn 0.6981 -0.6242 -0.3505
vn 0.7961 -0.5423 -0.2685
vn 0.6138 -0.3286 0.7178
vn 0.6133 -0.3307 0.7172
vn 0.6305 -0.3616 0.6868
vn -0.5367 0.3312 0.7760
vn -0.5426 0.3865 0.7457
vn -0.6041 0.2719 0.7491
vn 0.8016 -0.4323 -0.4129
vn 0.5025 -0.2710 -0.8209
vn 0.7082 -0.3562 -0.6096
vn 0.1354 -0.0730 -0.9881
vn -0.0885 -0.7679 0.6344
vn -0.0558 -0.6939 0.7179
vn -0.2296 -0.7356 0.6373
vn 0.0183 -0.5390 0.8421
vn 0.1387 -0.4756 0.8686
vn -0.2619 -0.4758 0.8396
vn -0.6628 -0.7322 0.1566
vn 0.4638 -0.3446 0.8161
vn -0.9052 -0.1764 0.3865
vn -0.5433 -0.6255 -0.5600
vn 0.7700 -0.3549 0.5302
vn 0.6432 -0.2456 0.7252
vn 0.2894 -0.2390 0.9269
vn -0.7579 0.5245 0.3879
vn -0.6771 0.3186 0.6633
vn 0.8863 -0.3240 0.3308
vn 0.5240 -0.2107 0.8252
vn 0.0916 0.2225 0.9706
vn 0.1928 0.2967 0.9353
vn -0.5402 0.3123 0.7814
vn -0.3410 0.4346 0.8335
vn 0.8954 -0.3083 0.3213
vn 0.2279 0.0440 0.9727
vn 0.4453 0.4368 0.7816
vn -0.3273 0.5433 0.7731
vn -0.6704 0.5692 0.4759
vn -0.2475 0.6155 0.7482
vn 0.2558 0.6102 0.7497
vn 0.6212 0.3584 0.6969
vn 0.1547 0.5985 0.7860
vn 0.4259 0.3454 0.8362
vn -0.5081 0.6718 0.5390
vn -0.6821 0.6784 0.2730
vn 0.4113 0.8943 0.1762
vn 0.3662 0.6230 0.6912
vn -0.3726 0.9246 0.0784
vn -0.1357 0.7141 0.6868
vn 0.4798 0.8713 0.1031
vn 0.6787 0.7344 0.0000
vn 0.6236 0.5647 0.5405
vn -0.1216 0.6474 0.7524
vn 0.6072 0.0325 0.7938
vn 0.7765 0.6301 0.0000
vn 0.0062 0.0675 -0.9977
vn -0.2250 0.9743 0.0000
vn 0.6212 0.3584 -0.6969
vn 0.6236 0.5647 -0.5405
vn 0.8287 0.5597 0.0000
vn 0.4193 0.5818 0.6969
vn -0.1216 0.6474 -0.7524
vn 0.2558 0.6102 -0.7497
vn 0.6432 -0.2456 -0.7252
vn 0.4798 0.8713 -0.1031
vn 0.4113 0.8943 -0.1762
vn 0.4259 0.3454 -0.8362
vn 0.9589 0.1575 0.2359
vn 0.7157 0.2028 0.6683
vn -0.5081 0.6718 -0.5390
vn 0.8954 -0.3083 -0.3213
vn 0.8863 -0.3240 -0.3308
vn 0.4193 0.5818 -0.6969
vn 0.5241 -0.2107 -0.8252
vn 0.9385 0.3451 0.0000
vn -0.1357 0.7141 -0.6868
vn 0.7700 -0.3549 -0.5302
vn 0.3662 0.6230 -0.6912
vn 0.4638 -0.3446 -0.8162
vn 0.7157 0.2028 -0.6683
vn 0.9589 0.1575 -0.2359
vn -0.6821 0.6784 -0.2730
vn -0.6731 0.6894 -0.2677
vn 0.1547 0.5985 -0.7860
vn 0.2279 0.0440 -0.9727
vn 0.0062 0.0675 0.9977
vn -0.6705 0.5691 -0.4760
vn 0.0916 0.2225 -0.9706
vn 0.2893 -0.2389 -0.9269
vn 0.0146 -0.5398 -0.8417
vn -0.3273 0.5433 -0.7731
vn -0.0584 -0.6931 -0.7185
vn -0.2344 -0.7242 -0.6485
vn 0.1387 -0.4756 -0.8686
vn 0.1928 0.2967 -0.9353
vn -0.5405 0.3123 -0.7812
vn -0.0917 -0.7613 -0.6418
vn -0.2679 -0.4927 -0.8279
vn 0.4453 0.4368 -0.7816
vn 0.6072 0.0325 -0.7938
vn -0.3410 0.4346 -0.8335
vn -0.6771 0.3186 -0.6633
vn -0.6476 -0.7371 -0.1927
vn -0.2476 0.6155 -0.7482
vn -0.7580 0.5243 -0.3879
vn -0.8888 -0.2137 -0.4053
vn -0.5595 -0.6822 0.4706
vn -0.7570 0.6165 0.2163
vn -0.7773 0.5914 0.2145
vn -0.8003 0.5993 0.0174
vn -0.8142 0.5476 0.1927
vn -0.7779 0.6283 0.0000
vn -0.8142 0.5476 -0.1927
vn -0.7773 0.5914 -0.2145
vn -0.7570 0.6165 -0.2163
vn 0.4888 -0.8559 0.1686
vn 0.4003 -0.8866 0.2316
vn 0.4856 -0.8486 0.2098
vn 0.5687 -0.7850 0.2458
vn 0.6540 -0.7187 0.2360
vn 0.5708 -0.6944 0.4382
vn 0.3844 -0.8954 0.2248
vn 0.5211 -0.8320 0.1903
vn 0.3568 -0.9342 0.0000
vn 0.1214 -0.9905 0.0637
vn 0.5256 -0.8507 0.0000
vn 0.1256 -0.9921 0.0000
vn 0.5211 -0.8320 -0.1903
vn 0.1214 -0.9905 -0.0637
vn 0.3844 -0.8954 -0.2248
vn 0.5708 -0.6944 -0.4382
vn -0.2642 -0.9599 -0.0938
vn -0.0037 -0.9979 -0.0647
vn -0.2150 -0.9724 -0.0909
vn 0.0691 -0.9960 -0.0561
vn 0.1785 -0.9837 -0.0202
vn 0.2272 -0.9738 -0.0096
vn 0.0846 -0.0180 -0.9962
vn -0.2561 -0.9666 0.0090
vn -0.2544 -0.9671 0.0060
vn -0.0090 -0.9978 0.0657
vn -0.0245 -0.9983 0.0526
vn 0.2159 -0.9666 0.1381
vn 0.2156 -0.9654 0.1465
vn 0.4888 -0.8559 -0.1686
vn 0.4856 -0.8486 -0.2098
vn 0.4003 -0.8866 -0.2316
vn 0.5687 -0.7850 -0.2458
vn 0.6540 -0.7187 -0.2360
vn -0.2642 -0.9599 0.0938
vn -0.2150 -0.9724 0.0909
vn -0.0037 -0.9979 0.0647
vn 0.0691 -0.9960 0.0561
vn 0.1785 -0.9837 0.0201
vn 0.2272 -0.9738 0.0096
vn 0.0846 -0.0180 0.9962
vn -0.2561 -0.9666 -0.0090
vn -0.0089 -0.9978 -0.0657
vn -0.2544 -0.9671 -0.0060
vn -0.0246 -0.9983 -0.0525
vn 0.2159 -0.9666 -0.1381
vn 0.2156 -0.9654 -0.1465
vn 0.0886 -0.7679 0.6344
vn 0.2296 -0.7356 0.6373
vn 0.0558 -0.6939 0.7179
vn -0.0183 -0.5390 0.8421
vn 0.2619 -0.4759 0.8396
vn 0.6627 -0.7323 0.1565
vn -0.1388 -0.4756 0.8686
vn 0.5433 -0.6255 -0.5600
vn 0.9052 -0.1764 0.3865
vn -0.4638 -0.3446 0.8162
vn 0.6772 0.3186 0.6632
vn 0.7580 0.5244 0.3879
vn -0.2894 -0.2389 0.9269
vn 0.5402 0.3123 0.7814
vn 0.3412 0.4346 0.8334
vn 0.2474 0.6154 0.7483
vn -0.2279 0.0439 0.9727
vn -0.0915 0.2225 0.9706
vn -0.5241 -0.2106 0.8252
vn -0.6432 -0.2454 0.7253
vn 0.3273 0.5433 0.7731
vn 0.6704 0.5692 0.4759
vn -0.1928 0.2967 0.9353
vn -0.4260 0.3454 0.8362
vn -0.1547 0.5984 0.7861
vn -0.8955 -0.3080 0.3212
vn -0.8864 -0.3238 0.3307
vn 0.6821 0.6784 0.2730
vn 0.5081 0.6718 0.5390
vn -0.4453 0.4368 0.7816
vn -0.6213 0.3585 0.6968
vn -0.7700 -0.3550 0.5302
vn -0.3662 0.6229 0.6912
vn 0.3726 0.9246 0.0784
vn 0.1357 0.7142 0.6867
vn -0.6236 0.5647 0.5405
vn -0.6786 0.7344 0.0000
vn -0.2558 0.6105 0.7496
vn 0.2250 0.9743 0.0000
vn 0.1216 0.6474 0.7524
vn -0.6069 0.0325 0.7941
vn -0.7765 0.6301 0.0000
vn -0.0062 0.0675 -0.9977
vn -0.4112 0.8943 0.1763
vn 0.1216 0.6474 -0.7524
vn -0.8287 0.5597 0.0000
vn -0.7157 0.2028 0.6683
vn -0.4194 0.5817 0.6969
vn -0.4798 0.8713 0.1031
vn 0.5081 0.6718 -0.5390
vn -0.6236 0.5647 -0.5405
vn -0.9589 0.1575 0.2359
vn 0.6821 0.6784 -0.2730
vn 0.6705 0.5691 -0.4760
vn 0.1357 0.7141 -0.6867
vn -0.6213 0.3584 -0.6968
vn -0.9385 0.3451 0.0000
vn 0.6731 0.6894 -0.2677
vn 0.3273 0.5433 -0.7731
vn 0.5405 0.3123 -0.7812
vn -0.4194 0.5817 -0.6969
vn -0.7157 0.2028 -0.6683
vn -0.4112 0.8943 -0.1763
vn -0.4798 0.8713 -0.1031
vn -0.4260 0.3454 -0.8362
vn -0.9589 0.1575 -0.2359
vn 0.6773 0.3186 -0.6631
vn -0.3662 0.6229 -0.6912
vn -0.0062 0.0675 0.9977
vn -0.2558 0.6105 -0.7496
vn 0.8888 -0.2138 -0.4053
vn -0.0915 0.2225 -0.9706
vn -0.6432 -0.2454 -0.7253
vn 0.5595 -0.6822 0.4706
vn 0.6476 -0.7372 -0.1926
vn 0.7581 0.5242 -0.3879
vn 0.3413 0.4346 -0.8334
vn -0.2279 0.0439 -0.9727
vn -0.1547 0.5984 -0.7861
vn -0.5241 -0.2106 -0.8252
vn 0.2344 -0.7242 -0.6484
vn 0.2680 -0.4927 -0.8278
vn 0.2475 0.6154 -0.7483
vn -0.7700 -0.3550 -0.5302
vn -0.8864 -0.3238 -0.3307
vn -0.1928 0.2967 -0.9353
vn -0.2893 -0.2389 -0.9269
vn -0.4638 -0.3446 -0.8162
vn 0.0918 -0.7613 -0.6418
vn 0.0584 -0.6931 -0.7185
vn -0.0146 -0.5398 -0.8417
vn -0.8955 -0.3080 -0.3212
vn -0.4453 0.4367 -0.7816
vn -0.6068 0.0325 -0.7942
vn -0.1388 -0.4756 -0.8686
vn 0.7570 0.6165 0.2165
vn 0.8001 0.5996 0.0175
vn 0.7772 0.5915 0.2146
vn 0.8140 0.5479 0.1929
vn 0.7777 0.6286 0.0000
vn 0.7772 0.5915 -0.2146
vn 0.8140 0.5479 -0.1929
vn 0.7570 0.6165 -0.2165
vn -0.4886 -0.8560 0.1685
vn -0.4855 -0.8487 0.2097
vn -0.4002 -0.8867 0.2315
vn -0.5686 -0.7850 0.2457
vn -0.6540 -0.7187 0.2358
vn -0.5706 -0.6947 0.4379
vn -0.5210 -0.8321 0.1902
vn -0.3843 -0.8954 0.2246
vn -0.3567 -0.9342 0.0000
vn -0.5255 -0.8508 0.0000
vn -0.1215 -0.9905 0.0637
vn -0.5210 -0.8321 -0.1902
vn -0.1256 -0.9921 0.0000
vn -0.3843 -0.8954 -0.2246
vn -0.5706 -0.6947 -0.4379
vn -0.1215 -0.9905 -0.0637
vn 0.2642 -0.9599 -0.0938
vn 0.2150 -0.9724 -0.0909
vn 0.0037 -0.9979 -0.0647
vn -0.0691 -0.9960 -0.0561
vn -0.1785 -0.9837 -0.0202
vn -0.2272 -0.9738 -0.0096
vn -0.0846 -0.0180 -0.9962
vn 0.2560 -0.9666 0.0091
vn 0.0088 -0.9978 0.0658
vn 0.2543 -0.9671 0.0061
vn 0.0246 -0.9983 0.0526
vn -0.2161 -0.9666 0.1380
vn -0.2158 -0.9654 0.1464
vn -0.4886 -0.8560 -0.1685
vn -0.4002 -0.8867 -0.2315
vn -0.4855 -0.8487 -0.2097
vn -0.5686 -0.7850 -0.2457
vn -0.6540 -0.7187 -0.2358
vn 0.2642 -0.9599 0.0938
vn 0.0037 -0.9979 0.0647
vn 0.2150 -0.9724 0.0909
vn -0.0691 -0.9960 0.0561
vn -0.1785 -0.9837 0.0202
vn -0.2272 -0.9738 0.0096
vn -0.0846 -0.0180 0.9962
vn 0.2560 -0.9666 -0.0091
vn 0.2543 -0.9671 -0.0061
vn 0.0087 -0.9978 -0.0658
vn 0.0247 -0.9983 -0.0525
vn -0.2161 -0.9666 -0.1380
vn -0.2158 -0.9654 -0.1465
vn 0.9997 -0.0023 -0.0240
vn 0.9935 -0.0562 0.0992
vn 0.9900 -0.1409 -0.0081
vn 0.9874 -0.0843 -0.1337
vn 0.9741 -0.1910 0.1208
vn 0.9675 -0.2264 -0.1121
vn 0.9615 -0.2742 0.0149
vn 0.6715 -0.6886 -0.2738
vn 0.3309 -0.8627 -0.3824
vn 0.4996 -0.5462 -0.6723
vn 0.7898 -0.3110 -0.5286
vn 0.1132 -0.7020 -0.7031
vn 0.5037 -0.1202 -0.8554
vn 0.1783 -0.3491 -0.9199
vn -0.3309 -0.8627 -0.3824
vn -0.6715 -0.6886 -0.2738
vn -0.4996 -0.5462 -0.6723
vn -0.1132 -0.7020 -0.7031
vn -0.7898 -0.3110 -0.5286
vn -0.1783 -0.3491 -0.9199
vn -0.5037 -0.1202 -0.8554
vn -0.9935 -0.0560 0.0990
vn -0.9997 -0.0023 -0.0240
vn -0.9900 -0.1409 -0.0083
vn -0.9742 -0.1908 0.1204
vn -0.9874 -0.0843 -0.1337
vn -0.9615 -0.2742 0.0146
vn -0.9675 -0.2264 -0.1121
vn 0.9971 0.0273 0.0703
vn 0.9931 -0.0861 0.0794
vn 0.9999 -0.0140 0.0004
vn 0.9951 0.0977 -0.0143
vn 0.9929 -0.1191 0.0025
vn 0.9960 0.0321 -0.0828
vn 0.9948 -0.0711 -0.0730
vn -0.9931 -0.0861 0.0794
vn -0.9971 0.0273 0.0703
vn -0.9999 -0.0140 0.0004
vn -0.9929 -0.1191 0.0025
vn -0.9951 0.0977 -0.0143
vn -0.9960 0.0321 -0.0828
vn -0.9948 -0.0711 -0.0730
vn -0.9931 -0.0864 0.0792
vn -0.9972 0.0270 0.0697
vn -0.9999 -0.0142 0.0004
vn -0.9948 -0.0714 -0.0728
vn -0.9961 0.0319 -0.0823
vn 0.9930 -0.0864 0.0800
vn 0.9999 -0.0140 0.0005
vn 0.9950 0.0983 -0.0143
vn 0.9947 -0.0713 -0.0735
vn 0.3965 -0.9051 -0.1538
vn 0.3982 -0.9166 -0.0340
vn 0.2602 -0.9654 0.0141
vn 0.5416 -0.8404 -0.0183
vn 0.3003 -0.9467 0.1162
vn 0.4802 -0.8712 0.1021
vn 0.3814 -0.9151 0.1304
vn -0.9903 -0.0281 0.1357
vn -0.9869 -0.0524 0.1523
vn -0.9779 -0.1783 0.1090
vn -0.8402 -0.3473 -0.4163
vn -0.9998 -0.0158 0.0000
vn -0.8850 -0.4288 0.1815
vn -0.9771 -0.2126 0.0000
vn -0.9779 -0.1782 -0.1091
vn -0.8303 -0.5573 -0.0029
vn -0.9869 -0.0524 -0.1523
vn -0.6963 -0.6573 0.2883
vn -0.8713 -0.4529 -0.1886
vn -0.9903 -0.0281 -0.1358
vn -0.5712 -0.7858 0.2372
vn -0.7041 -0.6351 -0.3177
vn -0.8402 -0.3473 0.4164
vn -0.6690 -0.7432 0.0000
vn -0.6073 -0.7467 -0.2713
vn 0.9869 -0.0524 0.1523
vn 0.9903 -0.0281 0.1357
vn 0.9779 -0.1783 0.1091
vn 0.9998 -0.0158 0.0000
vn 0.8402 -0.3473 -0.4163
vn 0.9771 -0.2126 0.0000
vn 0.8850 -0.4288 0.1816
vn 0.9779 -0.1782 -0.1091
vn 0.8303 -0.5573 -0.0029
vn 0.9869 -0.0524 -0.1523
vn 0.6963 -0.6572 0.2883
vn 0.8714 -0.4529 -0.1886
vn 0.9903 -0.0281 -0.1358
vn 0.5712 -0.7858 0.2372
vn 0.7041 -0.6351 -0.3177
vn 0.8402 -0.3473 0.4164
vn 0.6690 -0.7432 0.0000
vn 0.6073 -0.7467 -0.2713
vn -0.7393 -0.1302 -0.6606
vn 0.0227 -0.2303 -0.9728
vn -0.7649 -0.0261 -0.6436
vn -0.5662 0.0023 -0.8242
vn -0.5071 0.1336 -0.8515
vn 0.4694 -0.2936 -0.8327
vn -0.0007 0.1685 -0.9857
vn -0.0342 -0.6513 -0.7580
vn 0.5225 0.3326 0.7851
vn -0.0073 0.0784 -0.9969
vn 0.8163 0.0639 -0.5740
vn 0.1829 -0.1035 -0.9777
vn -0.0127 -0.0271 0.9995
vn -0.0474 0.1275 0.9907
vn 0.0323 -0.1814 0.9828
vn 0.2501 -0.2538 0.9344
vn 0.8701 -0.1371 0.4733
vn -0.2268 -0.0822 0.9705
vn 0.2983 -0.1753 0.9382
vn -0.6921 -0.2472 0.6781
vn -0.9405 -0.2982 0.1631
vn -0.6602 -0.1733 0.7308
vn -0.9579 -0.2600 -0.1217
vn -0.9623 -0.2512 -0.1038
vn -0.9208 -0.1026 0.3762
vn -0.9129 -0.1493 0.3797
vn -0.8073 0.5790 -0.1138
vn -0.7450 0.6534 0.1339
vn -0.4909 0.8553 0.1658
vn -0.4033 0.8901 0.2120
vn -0.8213 0.5622 -0.0969
vn -0.7205 0.5501 -0.4222
vn -0.7100 0.5430 -0.4482
vn -0.8191 0.5603 -0.1227
vn -0.8259 0.5573 -0.0851
vn -0.3693 0.9082 0.1968
vn -0.3865 0.9213 0.0417
vn -0.3909 0.9131 0.1157
vn -0.4431 0.8932 -0.0754
vn -0.6466 0.7518 -0.1292
vn -0.7461 0.6648 0.0362
vn -0.7289 0.6839 -0.0294
vn 0.5061 -0.6364 0.5821
vn 0.5852 -0.6305 0.5098
vn 0.5230 -0.6083 0.5970
vn 0.6934 -0.6514 0.3078
vn 0.5152 -0.5737 0.6367
vn 0.7709 -0.6353 0.0454
vn 0.4479 -0.1742 0.8769
vn 0.6481 -0.0462 0.7602
vn 0.7726 -0.3591 0.5235
vn 0.9966 0.0719 -0.0403
vn 0.9257 -0.3058 -0.2224
vn 0.3690 0.0185 0.9292
vn 0.5721 0.1556 0.8052
vn 0.5449 0.1904 0.8166
vn 0.2404 -0.2357 0.9416
vn 0.3341 -0.0399 0.9417
vn 0.1304 -0.4342 -0.8913
vn 0.0144 -0.7648 0.6440
vn -0.2019 -0.4111 0.8889
vn 0.0049 -0.6112 -0.7914
vn 0.3525 0.5913 0.7253
vn -0.5793 -0.7444 0.3320
vn 0.7283 0.6201 -0.2915
vn 0.4390 0.6435 -0.6269
vn 0.2793 0.6243 0.7295
vn 0.3048 0.6177 0.7249
vn -0.2650 -0.9269 0.2656
vn 0.1005 0.3309 -0.9383
vn 0.1729 0.5893 -0.7892
vn 0.1260 -0.7355 -0.6656
vn -0.4334 -0.7576 -0.4880
vn 0.0332 -0.1529 -0.9877
vn -0.0315 0.2721 -0.9617
vn -0.2345 -0.8683 -0.4371
vn 0.0425 -0.7570 -0.6521
vn -0.7353 -0.6093 -0.2966
vn -0.0269 -0.7445 -0.6670
vn -0.0536 -0.1291 -0.9902
vn -0.1956 -0.9507 -0.2404
vn 0.3036 -0.9285 -0.2138
vn 0.0144 -0.9254 -0.3787
vn 0.0376 -0.7171 -0.6959
vn 0.3317 -0.6279 -0.7040
vn 0.0282 -0.7118 -0.7018
vn 0.1705 -0.6764 -0.7165
vn 0.5740 -0.5011 -0.6476
vn -0.5230 -0.6083 0.5970
vn -0.5852 -0.6307 0.5097
vn -0.5061 -0.6363 0.5821
vn -0.5152 -0.5738 0.6366
vn -0.6933 -0.6516 0.3077
vn -0.7707 -0.6355 0.0453
vn -0.4480 -0.1741 0.8769
vn -0.7726 -0.3590 0.5236
vn -0.6492 -0.0475 0.7591
vn -0.4859 -0.0989 0.8683
vn -0.9950 0.0926 -0.0381
vn -0.0049 -0.6112 -0.7914
vn -0.3048 0.6177 0.7249
vn -0.7284 0.6201 -0.2915
vn -0.4391 0.6434 -0.6271
vn -0.8253 0.4434 0.3497
vn -0.5774 0.1458 0.8033
vn -0.3668 0.0054 0.9303
vn -0.3655 -0.0096 0.9308
vn -0.0215 -0.0115 -0.9997
vn -0.3212 0.2336 -0.9178
vn -0.1004 0.3309 -0.9383
vn -0.3061 -0.7354 0.6045
vn -0.3951 -0.8880 0.2351
vn -0.3712 -0.8951 0.2470
vn -0.0332 -0.1529 -0.9877
vn -0.0425 -0.7570 -0.6521
vn -0.1260 -0.7355 -0.6656
vn 0.0269 -0.7445 -0.6670
vn 0.4331 -0.7576 -0.4883
vn 0.2345 -0.8682 -0.4372
vn 0.7355 -0.6089 -0.2969
vn 0.1960 -0.9506 -0.2405
vn -0.0376 -0.7171 -0.6959
vn -0.0282 -0.7118 -0.7018
vn -0.3317 -0.6279 -0.7040
vn -0.1705 -0.6764 -0.7165
vn -0.5740 -0.5011 -0.6476
vn 0.7391 -0.1303 -0.6608
vn -0.5273 -0.0600 -0.8476
vn 0.7648 -0.0261 -0.6437
vn -0.6803 -0.2844 -0.6755
vn 0.5663 0.0023 -0.8242
vn 0.5071 0.1336 -0.8515
vn 0.0007 0.1685 -0.9857
vn 0.0342 -0.6513 -0.7580
vn 0.0076 0.0784 -0.9969
vn -0.5225 0.3326 0.7851
vn -0.8163 0.0640 -0.5740
vn -0.1828 -0.1035 -0.9777
vn -0.4178 0.1667 0.8931
vn 0.0127 -0.0271 0.9995
vn 0.0474 0.1276 0.9907
vn -0.8701 -0.1371 0.4733
vn -0.0323 -0.1814 0.9828
vn -0.2501 -0.2538 0.9344
vn 0.2269 -0.0822 0.9704
vn -0.2983 -0.1753 0.9382
vn 0.4724 -0.2968 0.8299
vn 0.4836 -0.2982 0.8229
vn 0.6921 -0.2473 0.6781
vn 0.7834 -0.2252 0.5792
vn 0.6602 -0.1733 0.7308
vn 0.9404 -0.2981 0.1633
vn 0.9568 -0.2683 0.1123
vn 0.9623 -0.2512 -0.1036
vn 0.9208 -0.1027 0.3763
vn 0.9650 -0.1928 -0.1775
vn 0.9257 -0.2192 -0.3081
vn 0.9129 -0.1493 0.3797
vn 0.9580 -0.2598 -0.1212
vn 0.8073 0.5790 -0.1138
vn 0.8326 0.5529 -0.0317
vn 0.8184 0.5708 -0.0671
vn 0.8213 0.5622 -0.0968
vn 0.4907 0.8554 0.1659
vn 0.7389 0.5513 -0.3874
vn 0.4030 0.8902 0.2122
vn 0.7089 0.5340 -0.4607
vn 0.4182 0.9083 -0.0077
vn 0.3929 0.9132 0.1079
vn 0.3909 0.9131 0.1156
vn 0.3692 0.9082 0.1970
vn 0.7767 -0.6004 0.1901
vn 0.3260 -0.7146 0.6189
vn 0.5799 -0.7440 0.3319
vn 0.2021 -0.4110 0.8889
vn -0.0391 -0.2050 0.9780
vn -0.2471 -0.1536 0.9567
vn 0.6975 0.5483 -0.4613
vn 0.7114 0.5521 -0.4347
vn 0.8191 0.5605 -0.1224
vn 0.8258 0.5575 -0.0849
vn 0.7463 0.6646 0.0360
vn 0.6470 0.7515 -0.1291
vn 0.7291 0.6837 -0.0294
vn 0.4566 0.8823 -0.1141
vn 0.3678 0.9247 -0.0982
vn 0.4588 -0.1453 0.8765
vn 0.9774 0.2110 0.0056
vn 0.8382 0.0301 0.5445
vn 0.7279 0.1367 -0.6719
vn 0.4261 -0.0482 -0.9034
vn 0.0504 -0.9816 -0.1840
vn 0.3365 -0.9413 -0.0240
vn 0.3964 -0.8927 0.2141
vn -0.3539 -0.8889 -0.2907
vn -0.0504 -0.9816 -0.1840
vn 0.1758 0.5936 0.7853
vn -0.4539 -0.8606 -0.2308
vn -0.4590 -0.1454 0.8764
vn -0.8383 0.0295 0.5444
vn -0.9775 0.2109 0.0053
vn -0.7277 0.1369 -0.6720
vn -0.4262 -0.0480 -0.9033
vn -0.2902 0.9466 -0.1404
vn -0.4411 0.8726 -0.2099
vn -0.7967 0.5668 -0.2097
vn 0.5892 0.7367 -0.3316
vn 0.4411 0.8726 -0.2099
vn 0.7967 0.5667 -0.2097
vn 0.2902 0.9466 -0.1404
vn 0.9597 0.2564 0.1146
vn 0.8542 0.0502 -0.5175
vn 0.7370 0.6434 -0.2071
vn 0.9528 0.2698 0.1387
vn 0.9924 0.0811 0.0925
vn 0.7653 0.3374 -0.5481
vn 0.5210 0.1135 0.8460
vn 0.2616 0.2358 0.9359
vn 0.9763 -0.1271 0.1754
vn 0.7040 0.2897 -0.6484
vn 0.6501 0.2447 -0.7193
vn 0.5795 0.0114 -0.8149
vn 0.7285 0.1244 0.6736
vn 0.8921 0.1841 -0.4126
vn 0.2587 0.3833 -0.8867
vn 0.6416 0.1798 -0.7456
vn 0.4263 -0.0827 -0.9008
vn 0.6968 0.1453 -0.7024
vn 0.9885 -0.0928 -0.1193
vn 0.9821 -0.1294 -0.1368
vn -0.5209 0.1137 0.8460
vn -0.7286 0.1246 0.6735
vn -0.9598 0.2563 0.1144
vn -0.9602 -0.2747 -0.0493
vn -0.8266 0.2739 0.4916
vn -0.8540 0.0502 -0.5178
vn -0.9528 0.2699 0.1386
vn -0.3653 -0.1320 0.9215
vn -0.7653 0.3375 -0.5481
vn -0.6967 0.1453 -0.7025
vn -0.8920 0.1845 -0.4125
vn -0.6501 0.2447 -0.7193
vn -0.5795 0.0114 -0.8149
vn -0.4263 -0.0827 -0.9008
vn -0.2587 0.3833 -0.8867
vn -0.9600 -0.1075 0.2586
vn -0.9763 -0.1271 0.1754
vn 0.5694 0.7485 -0.3398
vn 0.5113 0.7773 -0.3666
vn -0.5702 0.7482 -0.3391
vn 0.0028 -0.8223 -0.5690
vn 0.2983 0.9464 -0.1235
vn 0.4529 0.8691 -0.1990
vn 0.7961 0.5674 -0.2103
vn 0.6039 0.7317 -0.3160
vn -0.4283 0.8809 -0.2013
vn -0.7961 0.5673 -0.2103
vn -0.2663 0.9558 -0.1247
vn -0.9923 0.0814 0.0927
vn -0.3263 0.2138 -0.9207
vn -0.8542 0.0502 -0.5175
vn -0.9597 0.2564 0.1146
vn -0.9528 0.2700 0.1387
vn -0.6627 0.2756 0.6963
vn -0.7653 0.3375 -0.5480
vn -0.7286 0.1244 0.6735
vn -0.5210 0.1135 0.8460
vn -0.8921 0.1841 -0.4126
vn -0.2616 0.2358 0.9359
vn -0.9532 0.1384 0.2688
vn -0.6968 0.1453 -0.7024
vn -0.6416 0.1798 -0.7456
vn -0.9894 -0.0703 -0.1270
vn 0.5209 0.1137 0.8460
vn 0.9255 -0.3787 0.0028
vn 0.9602 -0.2748 -0.0493
vn 0.7286 0.1246 0.6735
vn 0.6967 0.1453 -0.7025
vn 0.8919 0.1844 -0.4128
vn 0.9597 0.2565 0.1144
vn 0.9528 0.2699 0.1385
vn 0.8266 0.2739 0.4916
vn 0.7652 0.3375 -0.5481
vn 0.3653 -0.1320 0.9215
vn 0.6502 0.2446 -0.7193
vn 0.4261 -0.0827 -0.9008
vn 0.3400 -0.2000 -0.9189
vn 0.9595 -0.1108 0.2589
vn 0.2612 0.3888 -0.8835
vn 0.9755 -0.1308 0.1766
vn -0.5701 0.7481 -0.3395
vn -0.3512 0.8465 -0.4001
vn -0.5118 0.7771 -0.3663
vn -0.3061 0.8721 -0.3817
vn 0.5703 0.7482 -0.3391
vn 0.0023 -0.8220 -0.5694
vn 0.1544 -0.8412 0.5182
vn -0.7797 -0.3757 0.5009
vn -0.6623 -0.3415 0.6669
vn -0.4696 -0.3540 0.8087
vn -0.0942 -0.1158 0.9888
vn -0.4105 -0.5016 0.7615
vn -0.2869 0.1238 0.9499
vn -0.8866 -0.2654 0.3789
vn 0.1411 -0.0069 0.9900
vn 0.6887 0.1567 0.7078
vn 0.7952 0.5849 -0.1596
vn 0.6195 0.2526 -0.7432
vn 0.3844 0.4088 -0.8277
vn 0.8406 0.5409 0.0268
vn 0.0383 -0.0445 -0.9983
vn 0.9459 0.3179 -0.0644
vn -0.5422 -0.1406 -0.8284
vn -0.9659 -0.2572 -0.0301
vn -0.8092 -0.4532 -0.3738
vn -0.8404 -0.3457 0.4175
vn -0.9636 -0.1701 -0.2060
vn -0.9197 -0.3241 -0.2214
vn -0.9036 -0.2324 0.3597
vn 0.0751 0.8579 0.5083
vn 0.9350 0.3544 0.0145
vn 0.9138 -0.2119 0.3465
vn 0.2383 0.8704 -0.4307
vn 0.5699 0.4139 -0.7098
vn 0.0285 0.2521 -0.9673
vn -0.0678 0.4207 -0.9046
vn -0.3340 -0.7276 0.5991
vn -0.3465 -0.6883 0.6373
vn -0.2513 -0.7464 0.6162
vn -0.1825 -0.5637 0.8055
vn 0.4109 -0.5012 0.7615
vn 0.0943 -0.1164 0.9887
vn -0.1411 -0.0070 0.9899
vn 0.4839 -0.0945 0.8700
vn -0.5306 0.1141 0.8399
vn -0.3556 0.1464 0.9231
vn 0.4896 -0.1446 0.8598
vn -0.8221 0.5658 -0.0631
vn -0.5044 0.4144 -0.7574
vn -0.0384 -0.0445 -0.9983
vn 0.1251 0.2065 -0.9704
vn 0.0531 0.1313 -0.9899
vn 0.6432 -0.1943 -0.7406
vn -0.4010 0.1310 -0.9067
vn -0.0584 -0.1589 -0.9856
vn 0.4042 -0.1709 -0.8985
vn 0.9038 -0.2326 0.3591
vn 0.7797 -0.3757 0.5009
vn 0.6244 -0.4018 0.6698
vn 0.5927 -0.3533 0.7238
vn -0.7900 -0.1272 0.5997
vn -0.6117 0.2437 0.7526
vn -0.5114 0.3370 0.7905
vn -0.0751 0.8579 0.5082
vn 0.2869 0.7674 0.5734
vn 0.3072 0.7585 0.5747
vn 0.6185 0.5572 0.5540
vn -0.6601 0.5742 -0.4843
vn -0.6792 0.3972 -0.6171
vn -0.6776 0.4171 -0.6057
vn -0.5464 0.2932 -0.7845
vn -0.1060 0.0571 -0.9927
vn -0.4209 0.2269 -0.8783
vn -0.6767 0.3649 -0.6394
vn 0.6338 -0.5108 -0.5808
vn 0.7741 -0.4362 -0.4587
vn 0.8019 -0.3929 -0.4500
vn 0.5734 -0.5763 0.5823
vn 0.2271 -0.0575 0.9722
vn 0.4859 -0.0989 0.8683
vn 0.4584 0.0370 0.8879
vn 0.3784 -0.0284 0.9252
vn 0.5339 0.2055 0.8202
vn 0.5910 0.1880 0.7844
vn 0.6030 -0.0524 -0.7960
vn 0.7864 0.5760 0.2232
vn 0.8948 0.4392 0.0802
vn 0.4555 -0.4554 -0.7649
vn 0.2011 0.0039 -0.9796
vn 0.5426 0.3289 -0.7729
vn 0.3215 -0.3413 0.8832
vn 0.2476 0.2842 -0.9262
vn 0.2905 -0.7745 0.5619
vn 0.2429 0.4111 -0.8786
vn 0.3712 -0.8951 0.2470
vn 0.0894 0.4625 -0.8821
vn -0.5734 -0.5763 0.5823
vn -0.2271 -0.0575 0.9722
vn -0.4585 0.0370 0.8879
vn -0.9042 0.4244 0.0483
vn -0.5922 0.1899 0.7831
vn -0.6031 -0.0523 -0.7959
vn -0.5290 0.2291 0.8171
vn -0.7968 0.5588 0.2297
vn -0.2011 0.0040 -0.9796
vn -0.5416 0.3284 -0.7738
vn -0.3751 -0.0291 0.9265
vn -0.2476 0.2842 -0.9262
vn -0.5304 0.1923 0.8257
vn -0.2429 0.4111 -0.8786
vn -0.8251 0.2434 0.5099
vn -0.3163 -0.2449 0.9165
vn -0.0894 0.4625 -0.8821
vn -0.3215 -0.3413 0.8832
vn -0.1730 0.5892 -0.7892
vn -0.2905 -0.7745 0.5619
vn 0.0315 0.2721 -0.9617
vn 0.0536 -0.1291 -0.9902
vn -0.0144 -0.9254 -0.3787
vn -0.3036 -0.9285 -0.2138
usemtl mesh_0_material
s off
f 528/1/1 529/2/1 530/3/1
f 529/2/1 531/4/1 530/3/1
f 531/4/1 532/5/1 530/3/1
f 533/6/1 534/7/1 535/8/1
f 534/7/1 536/9/1 535/8/1
f 536/9/1 537/10/1 535/8/1
f 555/11/1 556/12/1 557/13/1
f 556/12/1 558/14/1 557/13/1
f 556/12/1 559/15/1 558/14/1
f 560/16/1 561/17/1 562/18/1
f 561/17/1 563/19/1 562/18/1
f 563/19/1 564/20/1 562/18/1
f 682/21/1 683/22/1 684/23/1
f 683/22/1 685/24/1 684/23/1
f 683/22/1 686/25/1 685/24/1
f 687/26/1 688/27/1 689/28/1
f 688/27/1 690/29/1 689/28/1
f 690/29/1 691/30/1 689/28/1
f 708/31/1 709/32/1 710/33/1
f 709/32/1 711/34/1 710/33/1
f 711/34/1 712/35/1 710/33/1
f 713/36/1 714/37/1 715/38/1
f 714/37/1 716/39/1 715/38/1
f 716/39/1 717/40/1 715/38/1
f 1033/41/2 1034/42/2 1035/43/2
f 1036/44/3 1037/45/3 1038/46/3
f 1059/47/4 1060/48/4 1061/49/4
f 1062/50/5 1063/51/5 1064/52/5
f 1202/53/6 1203/54/6 1204/55/6
f 1205/56/7 1206/57/7 1207/58/7
f 1228/59/8 1229/60/8 1230/61/8
f 1231/62/9 1232/63/9 1233/64/9
s 1
f 1/65/10 2/66/11 3/67/12
f 2/66/11 4/68/13 5/69/14
f 4/68/13 6/70/15 5/69/14
f 2/66/11 5/69/14 7/71/16
f 2/66/11 7/71/16 3/67/12
f 6/70/15 8/72/17 5/69/14
f 7/71/16 5/69/14 9/73/18
f 4/68/13 10/74/19 6/70/15
f 8/72/17 11/75/20 5/69/14
f 5/69/14 11/75/20 9/73/18
f 7/71/16 12/76/21 13/77/22
f 7/71/16 9/73/18 12/76/21
f 10/74/19 14/78/23 6/70/15
f 6/70/15 14/78/23 15/79/24
f 6/70/15 15/79/24 8/72/17
f 8/72/17 15/79/24 16/80/25
f 11/75/20 8/72/17 17/81/26
f 11/75/20 17/81/26 18/82/27
f 9/73/18 11/75/20 19/83/28
f 11/75/20 18/82/27 19/83/28
f 15/79/24 20/84/29 16/80/25
f 16/80/25 20/84/29 21/85/30
f 15/79/24 22/86/31 20/84/29
f 8/72/17 23/87/32 17/81/26
f 8/72/17 16/80/25 23/87/32
f 18/82/27 24/88/33 19/83/28
f 9/73/18 19/83/28 25/89/34
f 21/85/30 20/84/29 26/90/35
f 9/73/18 25/89/34 27/91/36
f 16/80/25 21/85/30 28/92/37
f 16/80/25 28/92/37 23/87/32
f 24/88/33 29/93/38 19/83/28
f 19/83/28 29/93/38 25/89/34
f 20/84/29 30/94/39 26/90/35
f 31/95/40 29/93/38 24/88/33
f 31/95/40 21/85/30 29/93/38
f 28/92/37 21/85/30 31/95/40
f 29/93/38 26/90/35 32/96/41
f 25/89/34 29/93/38 32/96/41
f 25/89/34 32/96/41 33/97/42
f 34/98/43 35/99/44 36/100/45
f 34/98/43 36/100/45 37/101/46
f 38/102/47 36/100/45 39/103/48
f 40/104/49 41/105/50 42/106/51
f 40/104/49 43/107/52 41/105/50
f 42/106/51 44/108/53 45/109/54
f 43/107/52 46/110/55 41/105/50
f 44/108/53 47/111/56 45/109/54
f 44/108/53 48/112/57 47/111/56
f 49/113/58 50/114/59 51/115/60
f 50/114/59 52/116/61 51/115/60
f 52/116/61 53/117/62 51/115/60
f 54/118/63 55/119/64 56/120/65
f 56/120/65 55/119/64 57/121/66
f 54/118/63 58/122/67 55/119/64
f 57/121/66 59/123/68 56/120/65
f 60/124/69 61/125/70 62/126/71
f 55/119/64 58/122/67 63/127/72
f 55/119/64 63/127/72 57/121/66
f 56/120/65 59/123/68 64/128/73
f 63/127/72 65/129/74 57/121/66
f 58/122/67 66/130/75 67/131/76
f 68/132/77 69/133/78 70/134/79
f 61/125/70 71/135/80 72/136/81
f 63/127/72 58/122/67 73/137/82
f 58/122/67 67/131/76 73/137/82
f 65/129/74 74/138/83 57/121/66
f 71/135/80 75/139/84 72/136/81
f 63/127/72 76/140/85 65/129/74
f 63/127/72 73/137/82 76/140/85
f 65/129/74 76/140/85 74/138/83
f 57/121/66 77/141/86 68/132/77
f 68/132/77 77/141/86 78/142/87
f 71/135/80 79/143/88 75/139/84
f 71/135/80 80/144/89 79/143/88
f 76/140/85 81/145/90 74/138/83
f 74/138/83 81/145/90 82/146/91
f 76/140/85 83/147/92 81/145/90
f 74/138/83 84/148/93 57/121/66
f 57/121/66 84/148/93 77/141/86
f 74/138/83 82/146/91 84/148/93
f 78/142/87 77/141/86 85/149/94
f 78/142/87 85/149/94 69/133/78
f 86/150/95 87/151/96 81/145/90
f 81/145/90 87/151/96 82/146/91
f 81/145/90 88/152/97 86/150/95
f 89/153/98 86/150/95 88/152/97
f 81/145/90 83/147/92 88/152/97
f 90/154/99 91/155/100 92/156/101
f 84/148/93 82/146/91 93/157/102
f 85/149/94 94/158/103 91/155/100
f 85/149/94 77/141/86 94/158/103
f 77/141/86 95/159/104 94/158/103
f 86/150/95 96/160/105 87/151/96
f 87/151/96 96/160/105 97/161/106
f 82/146/91 98/162/107 93/157/102
f 82/146/91 87/151/96 98/162/107
f 95/159/104 99/163/108 94/158/103
f 91/155/100 94/158/103 100/164/109
f 97/161/106 96/160/105 101/165/110
f 87/151/96 97/161/106 102/166/111
f 87/151/96 102/166/111 103/167/112
f 87/151/96 103/167/112 98/162/107
f 94/158/103 104/168/113 100/164/109
f 99/163/108 104/168/113 94/158/103
f 99/163/108 105/169/114 104/168/113
f 100/164/109 104/168/113 106/170/115
f 104/168/113 105/169/114 106/170/115
f 100/164/109 106/170/115 107/171/116
f 105/169/114 108/172/117 106/170/115
f 109/173/118 106/170/115 108/172/117
f 107/171/116 106/170/115 109/173/118
f 110/174/119 111/175/120 112/176/121
f 111/175/120 113/177/122 112/176/121
f 111/175/120 114/178/123 113/177/122
f 114/178/123 115/179/124 113/177/122
f 114/178/123 116/180/125 115/179/124
f 116/180/125 117/181/126 115/179/124
f 116/180/125 118/182/127 117/181/126
f 118/182/127 119/183/128 117/181/126
f 120/184/129 121/185/130 122/186/131
f 121/185/130 123/187/132 122/186/131
f 121/185/130 124/188/133 123/187/132
f 125/189/134 126/190/135 127/191/136
f 127/191/136 128/192/137 125/189/134
f 126/190/135 125/189/134 129/193/138
f 127/191/136 130/194/139 128/192/137
f 125/189/134 131/195/140 129/193/138
f 125/189/134 128/192/137 131/195/140
f 126/190/135 132/196/141 133/197/142
f 126/190/135 129/193/138 132/196/141
f 127/191/136 134/198/143 130/194/139
f 131/195/140 128/192/137 135/199/144
f 129/193/138 136/200/145 137/201/146
f 138/202/147 139/203/148 140/204/149
f 131/195/140 141/205/150 129/193/138
f 138/202/147 140/204/149 142/206/151
f 128/192/137 138/202/147 142/206/151
f 135/199/144 128/192/137 143/207/152
f 139/203/148 138/202/147 144/208/153
f 131/195/140 145/209/154 141/205/150
f 135/199/144 145/209/154 131/195/140
f 135/199/144 143/207/152 145/209/154
f 129/193/138 146/210/155 136/200/145
f 129/193/138 141/205/150 146/210/155
f 128/192/137 147/211/156 143/207/152
f 128/192/137 142/206/151 147/211/156
f 139/203/148 144/208/153 148/212/157
f 140/204/149 139/203/148 149/213/158
f 140/204/149 149/213/158 142/206/151
f 150/214/159 144/208/153 151/215/160
f 145/209/154 143/207/152 152/216/161
f 143/207/152 153/217/162 152/216/161
f 147/211/156 153/217/162 143/207/152
f 142/206/151 149/213/158 154/218/163
f 139/203/148 148/212/157 155/219/164
f 145/209/154 152/216/161 156/220/165
f 147/211/156 157/221/166 153/217/162
f 142/206/151 154/218/163 158/222/167
f 155/219/164 148/212/157 159/223/168
f 149/213/158 159/223/168 154/218/163
f 139/203/148 159/223/168 149/213/158
f 155/219/164 159/223/168 139/203/148
f 152/216/161 160/224/169 161/225/170
f 152/216/161 153/217/162 160/224/169
f 152/216/161 161/225/170 162/226/171
f 162/226/171 161/225/170 163/227/172
f 156/220/165 152/216/161 162/226/171
f 153/217/162 164/228/173 160/224/169
f 157/221/166 164/228/173 153/217/162
f 165/229/174 166/230/175 167/231/176
f 158/222/167 154/218/163 168/232/177
f 159/223/168 169/233/178 154/218/163
f 161/225/170 160/224/169 170/234/179
f 164/228/173 171/235/180 160/224/169
f 154/218/163 169/233/178 172/236/181
f 168/232/177 154/218/163 172/236/181
f 171/235/180 173/237/182 160/224/169
f 160/224/169 173/237/182 174/238/183
f 168/232/177 172/236/181 175/239/184
f 172/236/181 176/240/185 175/239/184
f 169/233/178 176/240/185 172/236/181
f 167/231/176 177/241/186 178/242/187
f 169/233/178 179/243/188 176/240/185
f 175/239/184 176/240/185 180/244/189
f 179/243/188 181/245/190 176/240/185
f 176/240/185 181/245/190 180/244/189
f 182/246/191 183/247/192 184/248/193
f 183/247/192 185/249/194 184/248/193
f 185/249/194 186/250/195 184/248/193
f 185/249/194 187/251/196 186/250/195
f 187/251/196 188/252/197 186/250/195
f 187/251/196 189/253/198 188/252/197
f 189/253/198 190/254/199 188/252/197
f 189/253/198 191/255/200 190/254/199
f 192/256/201 193/257/202 194/258/203
f 192/256/201 195/259/204 193/257/202
f 196/260/205 197/261/206 198/262/207
f 199/263/208 200/264/209 201/265/210
f 196/260/205 202/266/211 197/261/206
f 196/260/205 203/267/212 202/266/211
f 197/261/206 204/268/213 205/269/214
f 206/270/215 207/271/216 208/272/217
f 209/273/218 207/271/216 206/270/215
f 204/268/213 210/274/219 205/269/214
f 205/269/214 210/274/219 211/275/220
f 212/276/221 205/269/214 211/275/220
f 213/277/222 214/278/223 215/279/224
f 197/261/206 216/280/225 204/268/213
f 197/261/206 217/281/226 216/280/225
f 210/274/219 218/282/227 219/283/228
f 219/283/228 218/282/227 207/271/216
f 219/283/228 207/271/216 209/273/218
f 211/275/220 210/274/219 220/284/229
f 219/283/228 220/284/229 210/274/219
f 219/283/228 221/285/230 220/284/229
f 214/278/223 221/285/230 209/273/218
f 219/283/228 209/273/218 221/285/230
f 204/268/213 216/280/225 222/286/231
f 210/274/219 204/268/213 223/287/232
f 204/268/213 222/286/231 223/287/232
f 210/274/219 223/287/232 218/282/227
f 224/288/233 225/289/234 226/290/235
f 227/291/236 224/288/233 228/292/237
f 227/291/236 228/292/237 229/293/238
f 228/292/237 230/294/239 231/295/240
f 228/292/237 231/295/240 229/293/238
f 232/296/241 233/297/242 234/298/243
f 233/297/242 235/299/244 234/298/243
f 235/299/244 236/300/245 234/298/243
f 236/300/245 237/301/246 234/298/243
f 238/302/247 239/303/248 240/304/249
f 239/303/248 241/305/250 240/304/249
f 239/303/248 242/306/251 241/305/250
f 242/306/251 243/307/252 241/305/250
f 244/308/253 245/309/254 246/310/255
f 245/309/254 247/311/256 246/310/255
f 245/309/254 248/312/257 247/311/256
f 245/309/254 249/313/258 248/312/257
f 249/313/258 250/314/259 251/315/260
f 249/313/258 251/315/260 248/312/257
f 250/314/259 252/316/261 253/317/262
f 250/314/259 253/317/262 251/315/260
f 254/318/263 255/319/264 256/320/265
f 254/318/263 257/321/266 255/319/264
f 257/321/266 258/322/267 259/323/268
f 257/321/266 259/323/268 260/324/269
f 255/319/264 257/321/266 260/324/269
f 255/319/264 260/324/269 261/325/270
f 255/319/264 261/325/270 262/326/271
f 258/322/267 263/327/272 264/328/273
f 258/322/267 264/328/273 259/323/268
f 260/324/269 265/329/274 261/325/270
f 260/324/269 259/323/268 265/329/274
f 262/326/271 261/325/270 266/330/275
f 261/325/270 265/329/274 266/330/275
f 263/327/272 267/331/276 264/328/273
f 262/326/271 266/330/275 268/332/277
f 262/326/271 268/332/277 269/333/278
f 259/323/268 264/328/273 270/334/279
f 259/323/268 270/334/279 265/329/274
f 264/328/273 267/331/276 270/334/279
f 263/327/272 271/335/280 267/331/276
f 268/332/277 266/330/275 272/336/281
f 273/337/282 268/332/277 272/336/281
f 274/338/283 275/339/284 276/340/285
f 270/334/279 277/341/286 278/342/287
f 265/329/274 270/334/279 278/342/287
f 271/335/280 279/343/288 267/331/276
f 267/331/276 279/343/288 270/334/279
f 273/337/282 272/336/281 280/344/289
f 274/338/283 273/337/282 281/345/290
f 273/337/282 280/344/289 281/345/290
f 274/338/283 281/345/290 275/339/284
f 266/330/275 282/346/291 272/336/281
f 265/329/274 278/342/287 282/346/291
f 266/330/275 265/329/274 282/346/291
f 276/340/285 275/339/284 283/347/292
f 276/340/285 283/347/292 284/348/293
f 277/341/286 270/334/279 285/349/294
f 270/334/279 279/343/288 285/349/294
f 271/335/280 286/350/295 279/343/288
f 280/344/289 287/351/296 281/345/290
f 282/346/291 288/352/297 272/336/281
f 278/342/287 288/352/297 282/346/291
f 278/342/287 277/341/286 288/352/297
f 284/348/293 283/347/292 289/353/298
f 275/339/284 281/345/290 290/354/299
f 281/345/290 287/351/296 290/354/299
f 275/339/284 290/354/299 291/355/300
f 275/339/284 291/355/300 283/347/292
f 285/349/294 279/343/288 292/356/301
f 279/343/288 286/350/295 292/356/301
f 280/344/289 293/357/302 287/351/296
f 280/344/289 272/336/281 293/357/302
f 277/341/286 285/349/294 294/358/303
f 277/341/286 294/358/303 295/359/304
f 296/360/305 277/341/286 295/359/304
f 288/352/297 296/360/305 272/336/281
f 296/360/305 293/357/302 272/336/281
f 296/360/305 288/352/297 277/341/286
f 296/360/305 295/359/304 293/357/302
f 283/347/292 291/355/300 297/361/306
f 289/353/298 283/347/292 297/361/306
f 290/354/299 298/362/307 291/355/300
f 286/350/295 299/363/308 292/356/301
f 287/351/296 293/357/302 300/364/309
f 300/364/309 293/357/302 295/359/304
f 300/364/309 295/359/304 294/358/303
f 287/351/296 300/364/309 301/365/310
f 300/364/309 294/358/303 301/365/310
f 287/351/296 301/365/310 290/354/299
f 290/354/299 301/365/310 298/362/307
f 285/349/294 292/356/301 302/366/311
f 285/349/294 302/366/311 294/358/303
f 291/355/300 298/362/307 303/367/312
f 291/355/300 303/367/312 297/361/306
f 297/361/306 303/367/312 304/368/313
f 302/366/311 292/356/301 305/369/314
f 299/363/308 305/369/314 292/356/301
f 302/366/311 305/369/314 294/358/303
f 301/365/310 294/358/303 306/370/315
f 301/365/310 306/370/315 298/362/307
f 304/368/313 303/367/312 307/371/316
f 299/363/308 308/372/317 305/369/314
f 298/362/307 306/370/315 309/373/318
f 298/362/307 309/373/318 303/367/312
f 294/358/303 305/369/314 310/374/319
f 311/375/320 303/367/312 309/373/318
f 307/371/316 303/367/312 311/375/320
f 308/372/317 312/376/321 313/377/322
f 305/369/314 308/372/317 313/377/322
f 313/377/322 310/374/319 305/369/314
f 314/378/323 315/379/324 316/380/325
f 315/379/324 317/381/326 316/380/325
f 316/380/325 317/381/326 318/382/327
f 317/381/326 319/383/328 318/382/327
f 316/380/325 318/382/327 320/384/329
f 319/383/328 317/381/326 321/385/330
f 320/384/329 318/382/327 322/386/331
f 318/382/327 323/387/332 322/386/331
f 319/383/328 324/388/333 323/387/332
f 318/382/327 319/383/328 323/387/332
f 321/385/330 325/389/334 319/383/328
f 320/384/329 322/386/331 326/390/335
f 324/388/333 327/391/336 323/387/332
f 325/389/334 328/392/337 319/383/328
f 319/383/328 328/392/337 324/388/333
f 322/386/331 323/387/332 329/393/338
f 323/387/332 327/391/336 329/393/338
f 326/390/335 322/386/331 330/394/339
f 322/386/331 329/393/338 330/394/339
f 328/392/337 331/395/340 324/388/333
f 327/391/336 332/396/341 329/393/338
f 329/393/338 332/396/341 333/397/342
f 331/395/340 334/398/343 335/399/344
f 324/388/333 331/395/340 335/399/344
f 324/388/333 335/399/344 327/391/336
f 332/396/341 327/391/336 336/400/345
f 327/391/336 335/399/344 336/400/345
f 333/397/342 337/401/346 338/402/347
f 335/399/344 334/398/343 339/403/348
f 335/399/344 339/403/348 336/400/345
f 334/398/343 340/404/349 339/403/348
f 332/396/341 336/400/345 341/405/350
f 333/397/342 338/402/347 342/406/351
f 340/404/349 334/398/343 343/407/352
f 336/400/345 344/408/353 341/405/350
f 339/403/348 340/404/349 344/408/353
f 336/400/345 339/403/348 344/408/353
f 332/396/341 341/405/350 345/409/354
f 333/397/342 345/409/354 337/401/346
f 333/397/342 332/396/341 345/409/354
f 346/410/355 347/411/356 348/412/357
f 334/398/343 349/413/358 350/414/359
f 334/398/343 350/414/359 351/415/360
f 334/398/343 351/415/360 343/407/352
f 343/407/352 351/415/360 352/416/361
f 340/404/349 353/417/362 344/408/353
f 340/404/349 343/407/352 353/417/362
f 344/408/353 353/417/362 354/418/363
f 341/405/350 354/418/363 345/409/354
f 344/408/353 354/418/363 341/405/350
f 345/409/354 354/418/363 355/419/364
f 347/411/356 356/420/365 348/412/357
f 348/412/357 356/420/365 357/421/366
f 358/422/367 348/412/357 357/421/366
f 334/398/343 359/423/368 349/413/358
f 352/416/361 360/424/369 343/407/352
f 343/407/352 360/424/369 361/425/370
f 343/407/352 361/425/370 353/417/362
f 353/417/362 361/425/370 354/418/363
f 346/410/355 355/419/364 362/426/371
f 346/410/355 362/426/371 347/411/356
f 355/419/364 354/418/363 362/426/371
f 356/420/365 363/427/372 357/421/366
f 359/423/368 364/428/373 349/413/358
f 350/414/359 349/413/358 365/429/374
f 350/414/359 365/429/374 351/415/360
f 351/415/360 365/429/374 366/430/375
f 352/416/361 351/415/360 366/430/375
f 360/424/369 352/416/361 367/431/376
f 356/420/365 347/411/356 367/431/376
f 347/411/356 362/426/371 367/431/376
f 356/420/365 367/431/376 363/427/372
f 367/431/376 352/416/361 363/427/372
f 368/432/377 367/431/376 362/426/371
f 368/432/377 361/425/370 360/424/369
f 368/432/377 362/426/371 354/418/363
f 361/425/370 368/432/377 354/418/363
f 368/432/377 360/424/369 367/431/376
f 357/421/366 363/427/372 369/433/378
f 364/428/373 370/434/379 371/435/380
f 364/428/373 371/435/380 349/413/358
f 372/436/381 349/413/358 371/435/380
f 365/429/374 349/413/358 372/436/381
f 365/429/374 373/437/382 366/430/375
f 365/429/374 372/436/381 373/437/382
f 352/416/361 366/430/375 374/438/383
f 352/416/361 374/438/383 375/439/384
f 352/416/361 375/439/384 363/427/372
f 363/427/372 375/439/384 369/433/378
f 373/437/382 376/440/385 366/430/375
f 366/430/375 376/440/385 374/438/383
f 377/441/386 374/438/383 376/440/385
f 374/438/383 377/441/386 375/439/384
f 369/433/378 375/439/384 377/441/386
f 378/442/387 379/443/388 380/444/389
f 379/443/388 381/445/390 380/444/389
f 382/446/391 383/447/392 384/448/393
f 383/447/392 385/449/394 384/448/393
f 385/449/394 386/450/395 384/448/393
f 386/450/395 387/451/396 384/448/393
f 386/450/395 388/452/397 387/451/396
f 389/453/398 390/454/399 391/455/400
f 392/456/401 390/454/399 393/457/402
f 391/455/400 390/454/399 392/456/401
f 394/458/403 395/459/404 396/460/405
f 397/461/406 398/462/407 399/463/408
f 397/461/406 400/464/409 398/462/407
f 401/465/410 402/466/411 403/467/412
f 403/467/412 404/468/413 405/469/414
f 403/467/412 405/469/414 406/470/415
f 406/470/415 405/469/414 407/471/416
f 406/470/415 407/471/416 408/472/417
f 408/472/417 407/471/416 409/473/418
f 408/472/417 409/473/418 410/474/419
f 411/475/420 412/476/421 413/477/422
f 412/476/421 414/478/423 415/479/424
f 416/480/425 412/476/421 415/479/424
f 413/477/422 412/476/421 416/480/425
f 414/478/423 417/481/426 415/479/424
f 418/482/427 419/483/428 420/484/429
f 418/482/427 420/484/429 421/485/430
f 422/486/431 420/484/429 419/483/428
f 420/484/429 422/486/431 423/487/432
f 424/488/433 425/489/434 426/490/435
f 425/489/434 427/491/436 426/490/435
f 425/489/434 428/492/437 427/491/436
f 426/490/435 427/491/436 429/493/438
f 428/492/437 430/494/439 427/491/436
f 428/492/437 431/495/440 430/494/439
f 431/495/440 432/496/441 430/494/439
f 431/495/440 433/497/442 432/496/441
f 430/494/439 434/498/443 427/491/436
f 433/497/442 435/499/444 432/496/441
f 430/494/439 436/500/445 434/498/443
f 430/494/439 432/496/441 436/500/445
f 437/501/446 434/498/443 438/502/447
f 437/501/446 439/503/448 427/491/436
f 432/496/441 440/504/449 436/500/445
f 434/498/443 436/500/445 441/505/450
f 434/498/443 441/505/450 438/502/447
f 436/500/445 440/504/449 441/505/450
f 432/496/441 442/506/451 440/504/449
f 440/504/449 442/506/451 443/507/452
f 440/504/449 443/507/452 441/505/450
f 441/505/450 443/507/452 444/508/453
f 442/506/451 445/509/454 443/507/452
f 439/503/448 446/510/455 447/511/456
f 443/507/452 445/509/454 448/512/457
f 443/507/452 448/512/457 444/508/453
f 444/508/453 448/512/457 449/513/458
f 450/514/459 447/511/456 446/510/455
f 441/505/450 444/508/453 450/514/459
f 450/514/459 444/508/453 447/511/456
f 449/513/458 451/515/460 444/508/453
f 447/511/456 444/508/453 451/515/460
f 448/512/457 452/516/461 449/513/458
f 453/517/462 454/518/463 455/519/464
f 453/517/462 456/520/465 454/518/463
f 455/519/464 457/521/466 458/522/467
f 453/517/462 459/523/468 456/520/465
f 454/518/463 460/524/469 455/519/464
f 454/518/463 461/525/470 460/524/469
f 455/519/464 462/526/471 457/521/466
f 463/527/472 464/528/473 465/529/474
f 461/525/470 466/530/475 460/524/469
f 462/526/471 467/531/476 468/532/477
f 463/527/472 465/529/474 469/533/478
f 456/520/465 470/534/479 471/535/480
f 456/520/465 471/535/480 472/536/481
f 454/518/463 456/520/465 473/537/482
f 455/519/464 474/538/483 462/526/471
f 462/526/471 474/538/483 467/531/476
f 455/519/464 460/524/469 474/538/483
f 475/539/484 467/531/476 474/538/483
f 474/538/483 460/524/469 475/539/484
f 466/530/475 475/539/484 460/524/469
f 464/528/473 476/540/485 465/529/474
f 477/541/486 476/540/485 464/528/473
f 456/520/465 472/536/481 478/542/487
f 456/520/465 479/543/488 473/537/482
f 456/520/465 478/542/487 479/543/488
f 472/536/481 480/544/489 478/542/487
f 479/543/488 481/545/490 473/537/482
f 478/542/487 482/546/491 479/543/488
f 479/543/488 482/546/491 481/545/490
f 473/537/482 481/545/490 483/547/492
f 484/548/493 485/549/494 486/550/495
f 487/551/496 488/552/497 489/553/498
f 484/548/493 487/551/496 490/554/499
f 484/548/493 490/554/499 485/549/494
f 491/555/500 492/556/501 493/557/502
f 478/542/487 494/558/503 482/546/491
f 473/537/482 483/547/492 495/559/504
f 485/549/494 496/560/505 497/561/506
f 497/561/506 496/560/505 498/562/507
f 489/553/498 499/563/508 487/551/496
f 489/553/498 500/564/509 499/563/508
f 485/549/494 501/565/510 496/560/505
f 485/549/494 490/554/499 501/565/510
f 497/561/506 498/562/507 502/566/511
f 493/557/502 492/556/501 503/567/512
f 473/537/482 495/559/504 504/568/513
f 500/564/509 505/569/514 506/570/515
f 500/564/509 506/570/515 499/563/508
f 487/551/496 499/563/508 507/571/516
f 490/554/499 487/551/496 507/571/516
f 490/554/499 507/571/516 501/565/510
f 496/560/505 501/565/510 508/572/517
f 496/560/505 508/572/517 509/573/518
f 498/562/507 496/560/505 510/574/519
f 496/560/505 509/573/518 510/574/519
f 492/556/501 511/575/520 503/567/512
f 511/575/520 492/556/501 512/576/521
f 503/567/512 511/575/520 513/577/522
f 505/569/514 514/578/523 506/570/515
f 499/563/508 515/579/524 507/571/516
f 507/571/516 515/579/524 501/565/510
f 499/563/508 506/570/515 515/579/524
f 508/572/517 516/580/525 509/573/518
f 505/569/514 517/581/526 514/578/523
f 501/565/510 515/579/524 518/582/527
f 516/580/525 519/583/528 509/573/518
f 520/584/529 506/570/515 519/583/528
f 515/579/524 520/584/529 518/582/527
f 520/584/529 515/579/524 506/570/515
f 509/573/518 521/585/530 522/586/531
f 509/573/518 519/583/528 521/585/530
f 521/585/530 506/570/515 523/587/532
f 524/588/533 525/589/534 526/590/535
f 525/589/534 527/591/536 526/590/535
f 538/592/537 539/593/538 540/594/539
f 539/593/538 541/595/540 540/594/539
f 542/596/541 543/597/542 544/598/543
f 542/596/541 545/599/544 543/597/542
f 542/596/541 546/600/545 545/599/544
f 547/601/546 548/602/547 549/603/548
f 548/602/547 550/604/549 549/603/548
f 551/605/550 552/606/551 553/607/552
f 552/606/551 554/608/553 553/607/552
f 565/609/554 566/610/555 567/611/556
f 566/610/555 568/612/557 567/611/556
f 569/613/558 570/614/559 571/615/560
f 572/616/561 573/617/562 574/618/563
f 572/616/561 575/619/564 573/617/562
f 573/617/562 576/620/565 574/618/563
f 573/617/562 577/621/566 576/620/565
f 576/620/565 578/622/567 574/618/563
f 579/623/568 580/624/569 581/625/570
f 580/624/569 582/626/571 581/625/570
f 580/624/569 583/627/572 582/626/571
f 581/625/570 582/626/571 584/628/509
f 584/628/509 582/626/571 585/629/508
f 584/628/509 585/629/508 586/630/573
f 586/630/573 585/629/508 587/631/574
f 586/630/573 587/631/574 588/632/575
f 585/629/508 582/626/571 589/633/524
f 588/632/575 587/631/574 590/634/576
f 585/629/508 591/635/577 587/631/574
f 585/629/508 589/633/524 591/635/577
f 592/636/530 593/637/578 594/638/528
f 589/633/524 595/639/579 596/640/580
f 589/633/524 596/640/580 597/641/581
f 589/633/524 597/641/581 591/635/577
f 591/635/577 597/641/581 598/642/582
f 591/635/577 598/642/582 587/631/574
f 594/638/528 593/637/578 599/643/525
f 587/631/574 600/644/583 590/634/576
f 587/631/574 598/642/582 600/644/583
f 597/641/581 601/645/584 602/646/585
f 598/642/582 597/641/581 602/646/585
f 598/642/582 602/646/585 600/644/583
f 601/645/584 603/647/506 602/646/585
f 604/648/586 603/647/506 601/645/584
f 601/645/584 597/641/581 605/649/517
f 605/649/517 599/643/525 593/637/578
f 593/637/578 601/645/584 605/649/517
f 602/646/585 606/650/587 600/644/583
f 602/646/585 603/647/506 606/650/587
f 603/647/506 607/651/511 606/650/587
f 604/648/586 607/651/511 603/647/506
f 608/652/462 609/653/588 610/654/589
f 611/655/520 612/656/522 613/657/512
f 611/655/520 613/657/512 614/658/590
f 608/652/462 610/654/589 615/659/591
f 616/660/592 617/661/593 609/653/588
f 616/660/592 618/662/594 617/661/593
f 609/653/588 617/661/593 619/663/595
f 613/657/512 620/664/596 614/658/590
f 608/652/462 615/659/591 621/665/597
f 609/653/588 619/663/595 622/666/598
f 609/653/588 622/666/598 610/654/589
f 610/654/589 622/666/598 623/667/504
f 624/668/599 614/658/590 620/664/596
f 617/661/593 625/669/600 619/663/595
f 615/659/591 626/670/601 627/671/602
f 615/659/591 627/671/602 628/672/603
f 623/667/504 622/666/598 629/673/604
f 610/654/589 630/674/605 615/659/591
f 617/661/593 631/675/606 625/669/600
f 632/676/607 619/663/595 625/669/600
f 632/676/607 629/673/604 622/666/598
f 619/663/595 632/676/607 622/666/598
f 630/674/605 633/677/608 634/678/609
f 615/659/591 630/674/605 634/678/609
f 615/659/591 634/678/609 635/679/610
f 615/659/591 635/679/610 626/670/601
f 634/678/609 636/680/611 635/679/610
f 633/677/608 636/680/611 634/678/609
f 630/674/605 637/681/470 638/682/612
f 638/682/612 633/677/608 630/674/605
f 636/680/611 639/683/613 635/679/610
f 637/681/470 630/674/605 640/684/614
f 641/685/615 642/686/616 643/687/617
f 642/686/616 644/688/474 643/687/617
f 643/687/617 645/689/472 646/690/618
f 644/688/474 645/689/472 643/687/617
f 647/691/619 648/692/620 649/693/621
f 650/694/622 651/695/623 652/696/454
f 644/688/474 653/697/478 645/689/472
f 647/691/619 654/698/624 655/699/625
f 648/692/620 647/691/619 655/699/625
f 648/692/620 655/699/625 656/700/437
f 650/694/622 652/696/454 657/701/626
f 658/702/627 647/691/619 650/694/622
f 658/702/627 650/694/622 657/701/626
f 658/702/627 654/698/624 647/691/619
f 658/702/627 657/701/626 659/703/628
f 654/698/624 658/702/627 659/703/628
f 656/700/437 655/699/625 660/704/629
f 656/700/437 660/704/629 661/705/630
f 655/699/625 662/706/631 660/704/629
f 654/698/624 659/703/628 662/706/631
f 655/699/625 654/698/624 662/706/631
f 661/705/630 660/704/629 663/707/632
f 657/701/626 664/708/633 659/703/628
f 665/709/457 666/710/458 664/708/633
f 665/709/457 664/708/633 657/701/626
f 662/706/631 667/711/634 660/704/629
f 661/705/630 663/707/632 668/712/635
f 659/703/628 669/713/636 662/706/631
f 662/706/631 669/713/636 667/711/634
f 666/710/458 670/714/637 664/708/633
f 659/703/628 664/708/633 671/715/459
f 667/711/634 672/716/638 660/704/629
f 664/708/633 673/717/639 671/715/459
f 664/708/633 670/714/637 673/717/639
f 674/718/455 671/715/459 673/717/639
f 673/717/639 675/719/640 676/720/641
f 676/720/641 675/719/640 677/721/642
f 678/722/643 679/723/644 680/724/645
f 679/723/644 681/725/646 680/724/645
f 692/726/647 693/727/648 694/728/649
f 693/727/648 695/729/650 694/728/649
f 696/730/651 697/731/652 698/732/653
f 699/733/654 700/734/655 697/731/652
f 701/735/656 702/736/657 703/737/658
f 704/738/659 705/739/660 706/740/661
f 705/739/660 707/741/662 706/740/661
f 718/742/663 719/743/664 720/744/665
f 719/743/664 721/745/666 720/744/665
f 722/746/667 723/747/668 724/748/669
f 723/747/668 725/749/670 724/748/669
f 726/750/671 727/751/672 728/752/673
f 727/751/672 729/753/674 728/752/673
f 727/751/672 730/754/675 729/753/674
f 731/755/676 732/756/677 733/757/678
f 731/755/676 734/758/679 735/759/680
f 731/755/676 735/759/680 732/756/677
f 734/758/679 736/760/681 735/759/680
f 734/758/679 737/761/682 736/760/681
f 732/756/677 735/759/680 738/762/683
f 732/756/677 738/762/683 739/763/684
f 732/756/677 739/763/684 733/757/678
f 736/760/681 740/764/685 735/759/680
f 741/765/686 742/766/687 743/767/688
f 740/764/685 744/768/689 735/759/680
f 745/769/690 746/770/691 747/771/692
f 738/762/683 746/770/691 745/769/690
f 742/766/687 748/772/693 749/773/694
f 740/764/685 750/774/695 744/768/689
f 735/759/680 744/768/689 751/775/696
f 735/759/680 751/775/696 752/776/697
f 735/759/680 752/776/697 738/762/683
f 738/762/683 752/776/697 746/770/691
f 743/767/688 753/777/698 754/778/699
f 743/767/688 742/766/687 753/777/698
f 742/766/687 749/773/694 753/777/698
f 752/776/697 751/775/696 755/779/700
f 750/774/695 756/780/701 744/768/689
f 757/781/702 754/778/699 758/782/703
f 757/781/702 758/782/703 759/783/704
f 753/777/698 749/773/694 760/784/705
f 744/768/689 756/780/701 761/785/706
f 751/775/696 744/768/689 761/785/706
f 750/774/695 762/786/707 756/780/701
f 759/783/704 763/787/708 764/788/709
f 754/778/699 753/777/698 765/789/710
f 753/777/698 760/784/705 765/789/710
f 754/778/699 765/789/710 758/782/703
f 751/775/696 761/785/706 766/790/711
f 762/786/707 767/791/712 756/780/701
f 759/783/704 758/782/703 768/792/713
f 759/783/704 768/792/713 763/787/708
f 760/784/705 749/773/694 769/793/714
f 758/782/703 770/794/715 768/792/713
f 765/789/710 770/794/715 758/782/703
f 761/785/706 771/795/716 766/790/711
f 762/786/707 772/796/717 767/791/712
f 756/780/701 767/791/712 773/797/718
f 761/785/706 774/798/719 771/795/716
f 756/780/701 773/797/718 774/798/719
f 756/780/701 774/798/719 761/785/706
f 763/787/708 768/792/713 775/799/720
f 769/793/714 776/800/721 760/784/705
f 760/784/705 776/800/721 777/801/722
f 765/789/710 778/802/723 770/794/715
f 778/802/723 765/789/710 760/784/705
f 769/793/714 779/803/724 780/804/725
f 769/793/714 780/804/725 776/800/721
f 781/805/726 782/806/727 783/807/728
f 767/791/712 772/796/717 784/808/729
f 772/796/717 785/809/730 784/808/729
f 767/791/712 784/808/729 773/797/718
f 774/798/719 773/797/718 786/810/731
f 774/798/719 786/810/731 771/795/716
f 768/792/713 770/794/715 787/811/732
f 768/792/713 787/811/732 775/799/720
f 777/801/722 776/800/721 788/812/733
f 760/784/705 777/801/722 789/813/734
f 790/814/735 789/813/734 787/811/732
f 790/814/735 787/811/732 770/794/715
f 760/784/705 789/813/734 790/814/735
f 780/804/725 791/815/736 792/816/737
f 785/809/730 793/817/738 784/808/729
f 782/806/727 794/818/739 783/807/728
f 782/806/727 786/810/731 794/818/739
f 773/797/718 795/819/740 786/810/731
f 773/797/718 784/808/729 795/819/740
f 775/799/720 787/811/732 796/820/741
f 789/813/734 777/801/722 796/820/741
f 789/813/734 796/820/741 787/811/732
f 780/804/725 797/821/742 776/800/721
f 780/804/725 792/816/737 797/821/742
f 776/800/721 798/822/743 788/812/733
f 776/800/721 797/821/742 798/822/743
f 794/818/739 795/819/740 799/823/744
f 795/819/740 784/808/729 799/823/744
f 793/817/738 799/823/744 784/808/729
f 794/818/739 799/823/744 800/824/745
f 777/801/722 788/812/733 801/825/746
f 777/801/722 801/825/746 796/820/741
f 802/826/747 788/812/733 798/822/743
f 788/812/733 802/826/747 801/825/746
f 798/822/743 803/827/748 802/826/747
f 804/828/749 797/821/742 792/816/737
f 804/828/749 792/816/737 805/829/750
f 798/822/743 806/830/751 803/827/748
f 798/822/743 797/821/742 806/830/751
f 797/821/742 804/828/749 806/830/751
f 804/828/749 805/829/750 806/830/751
f 807/831/752 799/823/744 793/817/738
f 799/823/744 807/831/752 800/824/745
f 803/827/748 806/830/751 808/832/753
f 806/830/751 809/833/754 808/832/753
f 805/829/750 809/833/754 806/830/751
f 810/834/755 811/835/756 812/836/757
f 813/837/758 814/838/759 815/839/760
f 816/840/761 817/841/762 818/842/763
f 816/840/761 818/842/763 819/843/764
f 817/841/762 820/844/765 818/842/763
f 821/845/766 822/846/767 823/847/768
f 820/844/765 824/848/769 825/849/770
f 822/846/767 826/850/771 827/851/772
f 822/846/767 827/851/772 828/852/773
f 822/846/767 828/852/773 829/853/774
f 824/848/769 830/854/775 831/855/776
f 824/848/769 831/855/776 825/849/770
f 827/851/772 832/856/777 828/852/773
f 830/854/775 833/857/778 834/858/779
f 835/859/780 836/860/781 837/861/782
f 838/862/783 839/863/784 840/864/785
f 838/862/783 841/865/786 839/863/784
f 842/866/787 840/864/785 843/867/788
f 841/865/786 844/868/789 839/863/784
f 841/865/786 845/869/790 844/868/789
f 846/870/791 847/871/792 848/872/793
f 849/873/794 850/874/795 851/875/796
f 840/864/785 852/876/797 843/867/788
f 840/864/785 839/863/784 852/876/797
f 845/869/790 853/877/798 854/878/799
f 844/868/789 845/869/790 854/878/799
f 843/867/788 852/876/797 855/879/800
f 849/873/794 855/879/800 850/874/795
f 843/867/788 855/879/800 849/873/794
f 839/863/784 856/880/801 852/876/797
f 839/863/784 844/868/789 856/880/801
f 853/877/798 845/869/790 857/881/802
f 853/877/798 858/882/803 854/878/799
f 854/878/799 858/882/803 859/883/804
f 855/879/800 860/884/805 850/874/795
f 852/876/797 861/885/806 855/879/800
f 852/876/797 856/880/801 861/885/806
f 844/868/789 862/886/807 856/880/801
f 854/878/799 859/883/804 862/886/807
f 854/878/799 862/886/807 844/868/789
f 858/882/803 863/887/808 859/883/804
f 860/884/805 864/888/809 850/874/795
f 855/879/800 861/885/806 865/889/810
f 855/879/800 865/889/810 860/884/805
f 866/890/811 861/885/806 856/880/801
f 856/880/801 862/886/807 866/890/811
f 867/891/812 868/892/813 861/885/806
f 867/891/812 859/883/804 863/887/808
f 863/887/808 868/892/813 867/891/812
f 869/893/814 862/886/807 859/883/804
f 869/893/814 867/891/812 861/885/806
f 859/883/804 867/891/812 869/893/814
f 865/889/810 861/885/806 870/894/815
f 861/885/806 868/892/813 870/894/815
f 860/884/805 865/889/810 871/895/816
f 860/884/805 871/895/816 864/888/809
f 863/887/808 872/896/817 868/892/813
f 870/894/815 868/892/813 873/897/818
f 868/892/813 872/896/817 873/897/818
f 865/889/810 874/898/819 871/895/816
f 865/889/810 870/894/815 874/898/819
f 872/896/817 875/899/820 873/897/818
f 870/894/815 873/897/818 876/900/821
f 873/897/818 875/899/820 876/900/821
f 874/898/819 870/894/815 877/901/822
f 870/894/815 876/900/821 877/901/822
f 871/895/816 878/902/823 879/903/824
f 871/895/816 874/898/819 878/902/823
f 875/899/820 880/904/825 876/900/821
f 876/900/821 880/904/825 881/905/826
f 876/900/821 881/905/826 877/901/822
f 877/901/822 881/905/826 882/906/827
f 877/901/822 882/906/827 883/907/828
f 877/901/822 883/907/828 874/898/819
f 874/898/819 883/907/828 878/902/823
f 884/908/829 885/909/830 886/910/831
f 880/904/825 887/911/832 881/905/826
f 878/902/823 888/912/833 884/908/829
f 878/902/823 889/913/834 888/912/833
f 882/906/827 881/905/826 889/913/834
f 878/902/823 883/907/828 889/913/834
f 883/907/828 882/906/827 889/913/834
f 887/911/832 890/914/835 881/905/826
f 881/905/826 890/914/835 889/913/834
f 891/915/836 892/916/837 893/917/838
f 894/918/839 895/919/840 896/920/841
f 897/921/842 898/922/843 899/923/844
f 898/922/843 900/924/845 899/923/844
f 898/922/843 901/925/845 900/924/845
f 902/926/846 903/927/847 904/928/848
f 903/927/847 905/929/849 904/928/848
f 903/927/847 906/930/850 905/929/849
f 904/928/848 905/929/849 907/931/851
f 904/928/848 907/931/851 908/932/852
f 906/930/850 909/933/853 905/929/849
f 908/932/852 907/931/851 910/934/854
f 908/932/852 911/935/855 904/928/848
f 908/932/852 910/934/854 911/935/855
f 909/933/853 912/936/856 913/937/857
f 905/929/849 914/938/858 907/931/851
f 905/929/849 909/933/853 914/938/858
f 910/934/854 915/939/859 916/940/860
f 912/936/856 917/941/861 913/937/857
f 909/933/853 913/937/857 918/942/862
f 914/938/858 919/943/863 920/944/864
f 910/934/854 916/940/860 921/945/865
f 915/939/859 922/946/866 916/940/860
f 922/946/866 920/944/864 919/943/863
f 917/941/861 923/947/867 913/937/857
f 909/933/853 918/942/862 924/948/868
f 919/943/863 914/938/858 924/948/868
f 909/933/853 924/948/868 914/938/858
f 920/944/864 925/949/869 914/938/858
f 916/940/860 926/950/870 921/945/865
f 916/940/860 922/946/866 926/950/870
f 922/946/866 919/943/863 926/950/870
f 921/945/865 926/950/870 927/951/871
f 920/944/864 922/946/866 928/952/872
f 920/944/864 928/952/872 925/949/869
f 915/939/859 928/952/872 922/946/866
f 913/937/857 929/953/873 930/954/874
f 913/937/857 930/954/874 918/942/862
f 924/948/868 931/955/875 932/956/876
f 924/948/868 932/956/876 919/943/863
f 918/942/862 930/954/874 932/956/876
f 927/951/871 926/950/870 933/957/877
f 927/951/871 933/957/877 934/958/878
f 929/953/873 935/959/879 930/954/874
f 919/943/863 932/956/876 936/960/880
f 934/958/878 933/957/877 937/961/881
f 926/950/870 919/943/863 938/962/882
f 926/950/870 938/962/882 933/957/877
f 935/959/879 939/963/883 940/964/884
f 935/959/879 940/964/884 930/954/874
f 932/956/876 930/954/874 941/965/885
f 930/954/874 940/964/884 941/965/885
f 932/956/876 941/965/885 936/960/880
f 937/961/881 933/957/877 942/966/886
f 933/957/877 938/962/882 942/966/886
f 938/962/882 936/960/880 942/966/886
f 919/943/863 943/967/887 944/968/887
f 940/964/884 945/969/888 941/965/885
f 936/960/880 938/962/882 946/970/889
f 937/961/881 942/966/886 947/971/890
f 940/964/884 948/972/891 949/973/892
f 945/969/888 940/964/884 949/973/892
f 945/969/888 949/973/892 950/974/893
f 945/969/888 950/974/893 941/965/885
f 941/965/885 950/974/893 951/975/894
f 936/960/880 951/975/894 942/966/886
f 936/960/880 941/965/885 951/975/894
f 937/961/881 947/971/890 952/976/895
f 948/972/891 953/977/896 954/978/897
f 940/964/884 955/979/898 956/980/899
f 956/980/899 948/972/891 940/964/884
f 956/980/899 953/977/896 948/972/891
f 949/973/892 948/972/891 957/981/900
f 950/974/893 958/982/901 959/983/902
f 959/983/902 951/975/894 950/974/893
f 951/975/894 959/983/902 942/966/886
f 937/961/881 952/976/895 960/984/903
f 954/978/897 961/985/904 962/986/905
f 949/973/892 963/987/906 950/974/893
f 948/972/891 964/988/907 957/981/900
f 948/972/891 954/978/897 964/988/907
f 958/982/901 950/974/893 965/989/908
f 952/976/895 966/990/909 960/984/903
f 962/986/905 967/991/910 954/978/897
f 952/976/895 963/987/906 968/992/911
f 949/973/892 957/981/900 968/992/911
f 949/973/892 968/992/911 963/987/906
f 952/976/895 968/992/911 966/990/909
f 964/988/907 954/978/897 969/993/912
f 954/978/897 967/991/910 969/993/912
f 952/976/895 970/994/913 963/987/906
f 950/974/893 963/987/906 970/994/913
f 965/989/908 950/974/893 971/995/914
f 971/995/914 950/974/893 970/994/913
f 960/984/903 972/996/915 973/997/916
f 957/981/900 974/998/917 975/999/918
f 964/988/907 969/993/912 975/999/918
f 966/990/909 968/992/911 976/1000/919
f 960/984/903 977/1001/920 972/996/915
f 957/981/900 978/1002/921 968/992/911
f 957/981/900 975/999/918 978/1002/921
f 975/999/918 979/1003/922 978/1002/921
f 969/993/912 980/1004/923 979/1003/922
f 975/999/918 969/993/912 979/1003/922
f 960/984/903 966/990/909 981/1005/924
f 960/984/903 981/1005/924 977/1001/920
f 966/990/909 978/1002/921 981/1005/924
f 980/1004/923 982/1006/925 983/1007/926
f 969/993/912 984/1008/927 980/1004/923
f 984/1008/927 982/1006/925 980/1004/923
f 979/1003/922 985/1009/928 978/1002/921
f 981/1005/924 986/1010/929 977/1001/920
f 983/1007/926 982/1006/925 987/1011/930
f 980/1004/923 983/1007/926 988/1012/931
f 980/1004/923 988/1012/931 979/1003/922
f 985/1009/928 979/1003/922 989/1013/932
f 978/1002/921 990/1014/933 991/1015/933
f 978/1002/921 992/1016/934 981/1005/924
f 978/1002/921 985/1009/928 992/1016/934
f 981/1005/924 993/1017/935 986/1010/929
f 981/1005/924 992/1016/934 993/1017/935
f 983/1007/926 994/1018/936 988/1012/931
f 985/1009/928 995/1019/937 992/1016/934
f 989/1013/932 995/1019/937 985/1009/928
f 996/1020/938 992/1016/934 995/1019/937
f 993/1017/935 992/1016/934 996/1020/938
f 993/1017/935 997/1021/939 986/1010/929
f 988/1012/931 994/1018/936 997/1021/939
f 993/1017/935 996/1020/938 997/1021/939
f 983/1007/926 998/1022/940 994/1018/936
f 994/1018/936 998/1022/940 997/1021/939
f 999/1023/941 1000/1024/942 1001/1025/943
f 1000/1024/942 1002/1026/944 1001/1025/943
f 1002/1026/944 1003/1027/945 1001/1025/943
f 1003/1027/945 1004/1028/946 1001/1025/943
f 1004/1028/946 1005/1029/947 1001/1025/943
f 1005/1029/947 1006/1030/948 1007/1031/948
f 1008/1032/949 1009/1033/950 1010/1034/951
f 1009/1033/950 1011/1035/952 1010/1034/951
f 1011/1035/952 1012/1036/953 1010/1034/951
f 1013/1037/954 1014/1038/955 1015/1039/956
f 1014/1038/955 1016/1040/957 1015/1039/956
f 1014/1038/955 1017/1041/958 1016/1040/957
f 1015/1039/956 1016/1040/957 1018/1042/959
f 1017/1041/958 1019/1043/960 1016/1040/957
f 1018/1042/959 1016/1040/957 1020/1044/961
f 1019/1043/960 1021/1045/962 1016/1040/957
f 1022/1046/963 1016/1040/957 1021/1045/962
f 1016/1040/957 1022/1046/963 1020/1044/961
f 1020/1044/961 1022/1046/963 1023/1047/964
f 1024/1048/965 1025/1049/966 1026/1050/967
f 1025/1049/966 1027/1051/968 1026/1050/967
f 1025/1049/966 1028/1052/969 1027/1051/968
f 1028/1052/969 1029/1053/970 1027/1051/968
f 1030/1054/971 1031/1055/971 1032/1056/971
f 1039/1057/972 1040/1058/973 1041/1059/974
f 1040/1058/973 1042/1060/975 1041/1059/974
f 1042/1060/975 1043/1061/976 1041/1059/974
f 1043/1061/976 1044/1062/977 1041/1059/974
f 1045/1063/978 1046/1064/979 1047/1065/980
f 1046/1064/979 1048/1066/981 1047/1065/980
f 1046/1064/979 1049/1067/982 1048/1066/981
f 1050/1068/983 1051/1069/984 1052/1070/985
f 1051/1069/984 1053/1071/986 1052/1070/985
f 1053/1071/986 1054/1072/987 1052/1070/985
f 1053/1071/986 1055/1073/988 1054/1072/987
f 1056/1074/989 1057/1075/989 1058/1076/989
f 1065/1077/990 1066/1078/991 1067/1079/992
f 1066/1078/991 1068/1080/993 1067/1079/992
f 1066/1078/991 1069/1081/994 1068/1080/993
f 1066/1078/991 1070/1082/995 1069/1081/994
f 1071/1083/996 1072/1084/997 1073/1085/998
f 1072/1084/997 1074/1086/999 1073/1085/998
f 1072/1084/997 1075/1087/1000 1074/1086/999
f 1072/1084/997 1076/1088/1001 1075/1087/1000
f 1074/1086/999 1077/1089/1002 1073/1085/998
f 1076/1088/1001 1072/1084/997 1078/1090/1003
f 1076/1088/1001 1078/1090/1003 1079/1091/1004
f 1076/1088/1001 1079/1091/1004 1075/1087/1000
f 1077/1089/1002 1074/1086/999 1080/1092/1005
f 1079/1091/1004 1081/1093/1006 1082/1094/1007
f 1074/1086/999 1083/1095/1008 1080/1092/1005
f 1075/1087/1000 1083/1095/1008 1074/1086/999
f 1079/1091/1004 1084/1096/1009 1081/1093/1006
f 1082/1094/1007 1081/1093/1006 1085/1097/1010
f 1082/1094/1007 1085/1097/1010 1086/1098/1011
f 1087/1099/1012 1080/1092/1005 1083/1095/1008
f 1083/1095/1008 1088/1100/1013 1087/1099/1012
f 1087/1099/1012 1089/1101/1014 1080/1092/1005
f 1080/1092/1005 1089/1101/1014 1090/1102/1015
f 1081/1093/1006 1084/1096/1009 1091/1103/1016
f 1081/1093/1006 1091/1103/1016 1085/1097/1010
f 1084/1096/1009 1092/1104/1017 1091/1103/1016
f 1085/1097/1010 1091/1103/1016 1088/1100/1013
f 1083/1095/1008 1093/1105/1018 1088/1100/1013
f 1086/1098/1011 1085/1097/1010 1093/1105/1018
f 1085/1097/1010 1088/1100/1013 1093/1105/1018
f 1087/1099/1012 1088/1100/1013 1094/1106/1019
f 1087/1099/1012 1094/1106/1019 1095/1107/1020
f 1090/1102/1015 1096/1108/1021 1097/1109/1022
f 1092/1104/1017 1098/1110/1023 1099/1111/1024
f 1092/1104/1017 1099/1111/1024 1091/1103/1016
f 1086/1098/1011 1093/1105/1018 1100/1112/1025
f 1100/1112/1025 1093/1105/1018 1083/1095/1008
f 1089/1101/1014 1094/1106/1019 1101/1113/1026
f 1089/1101/1014 1101/1113/1026 1090/1102/1015
f 1080/1092/1005 1090/1102/1015 1102/1114/1027
f 1102/1114/1027 1090/1102/1015 1097/1109/1022
f 1088/1100/1013 1103/1115/1028 1094/1106/1019
f 1098/1110/1023 1104/1116/1029 1099/1111/1024
f 1091/1103/1016 1105/1117/1030 1088/1100/1013
f 1091/1103/1016 1099/1111/1024 1105/1117/1030
f 1094/1106/1019 1103/1115/1028 1106/1118/1031
f 1094/1106/1019 1106/1118/1031 1101/1113/1026
f 1101/1113/1026 1106/1118/1031 1107/1119/1032
f 1090/1102/1015 1101/1113/1026 1108/1120/1033
f 1104/1116/1029 1109/1121/1034 1110/1122/1035
f 1099/1111/1024 1104/1116/1029 1110/1122/1035
f 1099/1111/1024 1110/1122/1035 1105/1117/1030
f 1105/1117/1030 1110/1122/1035 1103/1115/1028
f 1088/1100/1013 1111/1123/1036 1112/1124/1036
f 1107/1119/1032 1106/1118/1031 1113/1125/1037
f 1103/1115/1028 1114/1126/1038 1105/1117/1030
f 1101/1113/1026 1107/1119/1032 1115/1127/1039
f 1101/1113/1026 1115/1127/1039 1108/1120/1033
f 1109/1121/1034 1104/1116/1029 1116/1128/1040
f 1106/1118/1031 1117/1129/1041 1113/1125/1037
f 1110/1122/1035 1118/1130/1042 1119/1131/1043
f 1119/1131/1043 1118/1130/1042 1117/1129/1041
f 1119/1131/1043 1106/1118/1031 1103/1115/1028
f 1119/1131/1043 1117/1129/1041 1106/1118/1031
f 1119/1131/1043 1103/1115/1028 1110/1122/1035
f 1107/1119/1032 1120/1132/1044 1115/1127/1039
f 1104/1116/1029 1121/1133/1045 1116/1128/1040
f 1113/1125/1037 1122/1134/1046 1107/1119/1032
f 1113/1125/1037 1117/1129/1041 1122/1134/1046
f 1118/1130/1042 1123/1135/1047 1117/1129/1041
f 1121/1133/1045 1124/1136/1048 1125/1137/1049
f 1116/1128/1040 1121/1133/1045 1126/1138/1050
f 1107/1119/1032 1122/1134/1046 1127/1139/1051
f 1123/1135/1047 1128/1140/1052 1117/1129/1041
f 1124/1136/1048 1121/1133/1045 1129/1141/1053
f 1121/1133/1045 1130/1142/1054 1126/1138/1050
f 1125/1137/1049 1131/1143/1055 1130/1142/1054
f 1121/1133/1045 1125/1137/1049 1130/1142/1054
f 1117/1129/1041 1132/1144/1056 1122/1134/1046
f 1133/1145/1057 1132/1144/1056 1117/1129/1041
f 1116/1128/1040 1132/1144/1056 1133/1145/1057
f 1107/1119/1032 1127/1139/1051 1134/1146/1058
f 1107/1119/1032 1134/1146/1058 1135/1147/1059
f 1122/1134/1046 1136/1148/1060 1127/1139/1051
f 1117/1129/1041 1137/1149/1061 1133/1145/1057
f 1128/1140/1052 1137/1149/1061 1117/1129/1041
f 1131/1143/1055 1138/1150/1062 1130/1142/1054
f 1116/1128/1040 1126/1138/1050 1139/1151/1063
f 1126/1138/1050 1140/1152/1064 1139/1151/1063
f 1132/1144/1056 1116/1128/1040 1139/1151/1063
f 1122/1134/1046 1139/1151/1063 1136/1148/1060
f 1122/1134/1046 1132/1144/1056 1139/1151/1063
f 1134/1146/1058 1127/1139/1051 1141/1153/1065
f 1131/1143/1055 1142/1154/1066 1138/1150/1062
f 1130/1142/1054 1143/1155/1067 1126/1138/1050
f 1139/1151/1063 1143/1155/1067 1136/1148/1060
f 1127/1139/1051 1144/1156/1068 1141/1153/1065
f 1142/1154/1066 1145/1157/1069 1146/1158/1070
f 1138/1150/1062 1142/1154/1066 1147/1159/1071
f 1130/1142/1054 1138/1150/1062 1148/1160/1072
f 1130/1142/1054 1148/1160/1072 1143/1155/1067
f 1138/1150/1062 1147/1159/1071 1148/1160/1072
f 1136/1148/1060 1143/1155/1067 1149/1161/1073
f 1136/1148/1060 1149/1161/1073 1150/1162/1074
f 1136/1148/1060 1151/1163/1075 1127/1139/1051
f 1127/1139/1051 1151/1163/1075 1144/1156/1068
f 1145/1157/1069 1152/1164/1076 1146/1158/1070
f 1142/1154/1066 1146/1158/1070 1153/1165/1077
f 1146/1158/1070 1152/1164/1076 1153/1165/1077
f 1147/1159/1071 1154/1166/1078 1148/1160/1072
f 1144/1156/1068 1155/1167/1079 1156/1168/1080
f 1148/1160/1072 1154/1166/1078 1157/1169/1081
f 1148/1160/1072 1157/1169/1081 1143/1155/1067
f 1143/1155/1067 1157/1169/1081 1158/1170/1082
f 1149/1161/1073 1143/1155/1067 1158/1170/1082
f 1149/1161/1073 1158/1170/1082 1159/1171/1083
f 1155/1167/1079 1144/1156/1068 1159/1171/1083
f 1149/1161/1073 1159/1171/1083 1151/1163/1075
f 1151/1163/1075 1159/1171/1083 1144/1156/1068
f 1152/1164/1076 1160/1172/1084 1161/1173/1085
f 1153/1165/1077 1152/1164/1076 1162/1174/1086
f 1158/1170/1082 1162/1174/1086 1159/1171/1083
f 1153/1165/1077 1162/1174/1086 1158/1170/1082
f 1152/1164/1076 1161/1173/1085 1162/1174/1086
f 1156/1168/1080 1163/1175/1087 1144/1156/1068
f 1158/1170/1082 1157/1169/1081 1164/1176/1088
f 1154/1166/1078 1164/1176/1088 1157/1169/1081
f 1143/1155/1067 1165/1177/1089 1166/1178/1089
f 1161/1173/1085 1167/1179/1090 1162/1174/1086
f 1162/1174/1086 1167/1179/1090 1159/1171/1083
f 1168/1180/1091 1169/1181/1092 1170/1182/1093
f 1169/1181/1092 1171/1183/1094 1170/1182/1093
f 1169/1181/1092 1172/1184/1095 1171/1183/1094
f 1169/1181/1092 1173/1185/1096 1174/1186/1097
f 1174/1186/1097 1172/1184/1095 1169/1181/1092
f 1173/1185/1096 1175/1187/1098 1176/1188/1098
f 1177/1189/1099 1178/1190/1100 1179/1191/1101
f 1178/1190/1100 1180/1192/1102 1179/1191/1101
f 1178/1190/1100 1181/1193/1103 1180/1192/1102
f 1182/1194/1104 1183/1195/1105 1184/1196/1106
f 1183/1195/1105 1185/1197/1107 1184/1196/1106
f 1183/1195/1105 1186/1198/1108 1185/1197/1107
f 1184/1196/1106 1185/1197/1107 1187/1199/1109
f 1186/1198/1108 1188/1200/1110 1185/1197/1107
f 1187/1199/1109 1185/1197/1107 1189/1201/1111
f 1188/1200/1110 1190/1202/1112 1185/1197/1107
f 1188/1200/1110 1191/1203/1113 1190/1202/1112
f 1189/1201/1111 1185/1197/1107 1192/1204/1114
f 1192/1204/1114 1185/1197/1107 1190/1202/1112
f 1193/1205/1115 1194/1206/1116 1195/1207/1117
f 1194/1206/1116 1196/1208/1118 1195/1207/1117
f 1196/1208/1118 1197/1209/1119 1195/1207/1117
f 1196/1208/1118 1198/1210/1120 1197/1209/1119
f 1199/1211/1121 1200/1212/1121 1201/1213/1121
f 1208/1214/1122 1209/1215/1123 1210/1216/1124
f 1209/1215/1123 1211/1217/1125 1210/1216/1124
f 1209/1215/1123 1212/1218/1126 1211/1217/1125
f 1209/1215/1123 1213/1219/1127 1212/1218/1126
f 1214/1220/1128 1215/1221/1129 1216/1222/1130
f 1215/1221/1129 1217/1223/1131 1216/1222/1130
f 1217/1223/1131 1218/1224/1132 1216/1222/1130
f 1219/1225/1133 1220/1226/1134 1221/1227/1135
f 1220/1226/1134 1222/1228/1136 1221/1227/1135
f 1220/1226/1134 1223/1229/1137 1222/1228/1136
f 1223/1229/1137 1224/1230/1138 1222/1228/1136
f 1225/1231/1139 1226/1232/1139 1227/1233/1139
f 1234/1234/1140 1235/1235/1141 1236/1236/1142
f 1235/1235/1141 1237/1237/1143 1236/1236/1142
f 1237/1237/1143 1238/1238/1144 1236/1236/1142
f 1238/1238/1144 1239/1239/1145 1236/1236/1142
f 1240/1240/1146 1241/1241/1147 1242/1242/1148
f 1240/1240/1146 1242/1242/1148 1243/1243/1149
f 1241/1241/1147 1244/1244/1150 1242/1242/1148
f 1243/1243/1149 1242/1242/1148 1245/1245/1151
f 1242/1242/1148 1246/1246/1152 1245/1245/1151
f 1244/1244/1150 1246/1246/1152 1242/1242/1148
f 1247/1247/1153 1248/1248/1154 1249/1249/1155
f 1247/1247/1153 1249/1249/1155 1250/1250/1156
f 1248/1248/1154 1251/1251/1157 1249/1249/1155
f 1250/1250/1156 1249/1249/1155 1252/1252/1158
f 1249/1249/1155 1253/1253/1159 1252/1252/1158
f 1251/1251/1157 1253/1253/1159 1249/1249/1155
f 1254/1254/1160 1255/1255/1161 1256/1256/1162
f 1254/1254/1160 1256/1256/1162 1257/1257/1163
f 1255/1255/1161 1258/1258/1164 1256/1256/1162
f 1257/1257/1163 1256/1256/1162 1259/1259/1165
f 1256/1256/1162 1260/1260/1166 1259/1259/1165
f 1258/1258/1164 1260/1260/1166 1256/1256/1162
f 1261/1261/1167 1262/1262/1168 1263/1263/1169
f 1261/1261/1167 1263/1263/1169 1264/1264/1170
f 1262/1262/1168 1265/1265/1171 1263/1263/1169
f 1264/1264/1170 1263/1263/1169 1266/1266/1172
f 1265/1265/1171 1267/1267/1173 1263/1263/1169
f 1263/1263/1169 1267/1267/1173 1266/1266/1172
f 1268/1268/1174 1269/1269/1175 1270/1270/1176
f 1268/1268/1174 1270/1270/1176 1271/1271/1177
f 1269/1269/1175 1272/1272/1178 1270/1270/1176
f 1271/1271/1177 1270/1270/1176 1273/1273/1179
f 1270/1270/1176 1274/1274/1180 1273/1273/1179
f 1272/1272/1178 1274/1274/1180 1270/1270/1176
f 1275/1275/1181 1276/1276/1182 1277/1277/1183
f 1275/1275/1181 1277/1277/1183 1278/1278/1184
f 1276/1276/1182 1279/1279/1185 1277/1277/1183
f 1277/1277/1183 1280/1280/1186 1281/1281/1187
f 1279/1279/1185 1280/1280/1186 1277/1277/1183
f 1282/1282/1188 1283/1283/1189 1284/1284/1190
f 1282/1282/1188 1284/1284/1190 1285/1285/1184
f 1283/1283/1189 1286/1286/1185 1284/1284/1190
f 1285/1285/1184 1284/1284/1190 1287/1287/1191
f 1284/1284/1190 1288/1288/1192 1287/1287/1191
f 1286/1286/1185 1288/1288/1192 1284/1284/1190
f 1289/1289/1174 1290/1290/1193 1291/1291/1194
f 1289/1289/1174 1291/1291/1194 1292/1292/1195
f 1290/1290/1193 1293/1293/1178 1291/1291/1194
f 1292/1292/1195 1291/1291/1194 1294/1294/1179
f 1291/1291/1194 1295/1295/1196 1294/1294/1179
f 1296/1296/1197 1297/1297/1198 1298/1298/1199
f 1296/1296/1197 1299/1299/1200 1297/1297/1198
f 1298/1298/1199 1297/1297/1198 1300/1300/1201
f 1299/1299/1200 1301/1301/1202 1297/1297/1198
f 1302/1302/1203 1297/1297/1198 1301/1301/1202
f 1300/1300/1201 1297/1297/1198 1302/1302/1203
f 1303/1303/1204 1304/1304/1205 1305/1305/1206
f 1303/1303/1204 1305/1305/1206 1306/1306/1207
f 1304/1304/1205 1307/1307/1208 1305/1305/1206
f 1306/1306/1207 1305/1305/1206 1308/1308/1209
f 1305/1305/1206 1309/1309/1210 1308/1308/1209
f 1307/1307/1208 1309/1309/1210 1305/1305/1206
f 1307/1307/1208 1310/1310/1211 1309/1309/1210
f 1308/1308/1209 1309/1309/1210 1311/1311/1212
f 1307/1307/1208 1312/1312/1213 1310/1310/1211
f 1308/1308/1209 1311/1311/1212 1313/1313/1214
f 1309/1309/1210 1310/1310/1211 1314/1314/1215
f 1309/1309/1210 1314/1314/1215 1311/1311/1212
f 1312/1312/1213 1315/1315/1216 1310/1310/1211
f 1313/1313/1214 1311/1311/1212 1316/1316/1217
f 1314/1314/1215 1317/1317/1218 1311/1311/1212
f 1310/1310/1211 1318/1318/1219 1314/1314/1215
f 1315/1315/1216 1318/1318/1219 1310/1310/1211
f 1316/1316/1217 1311/1311/1212 1319/1319/1220
f 1317/1317/1218 1320/1320/1221 1311/1311/1212
f 1311/1311/1212 1320/1320/1221 1319/1319/1220
f 1321/1321/1222 1322/1322/1223 1323/1323/1224
f 1321/1321/1222 1323/1323/1224 1324/1324/1225
f 1322/1322/1223 1325/1325/1226 1323/1323/1224
f 1324/1324/1225 1323/1323/1224 1326/1326/1227
f 1325/1325/1226 1327/1327/1228 1323/1323/1224
f 1323/1323/1224 1327/1327/1228 1326/1326/1227
f 1324/1324/1225 1326/1326/1227 1328/1328/1229
f 1327/1327/1228 1329/1329/1230 1326/1326/1227
f 1324/1324/1225 1328/1328/1229 1330/1330/1231
f 1327/1327/1228 1331/1331/1232 1329/1329/1230
f 1326/1326/1227 1329/1329/1230 1332/1332/1233
f 1326/1326/1227 1332/1332/1233 1328/1328/1229
f 1330/1330/1231 1328/1328/1229 1333/1333/1234
f 1331/1331/1232 1334/1334/1235 1329/1329/1230
f 1332/1332/1233 1329/1329/1230 1335/1335/1236
f 1328/1328/1229 1336/1336/1237 1333/1333/1234
f 1336/1336/1237 1328/1328/1229 1332/1332/1233
f 1334/1334/1235 1337/1337/1238 1329/1329/1230
f 1338/1338/1239 1329/1329/1230 1337/1337/1238
f 1335/1335/1236 1329/1329/1230 1338/1338/1239
f 1339/1339/1240 1340/1340/1241 1/65/10
f 1340/1340/1241 2/66/11 1/65/10
f 1340/1340/1241 4/68/13 2/66/11
f 3/67/12 7/71/16 13/77/22
f 3/67/12 13/77/22 1341/1341/1242
f 1341/1341/1242 13/77/22 1342/1342/1243
f 1341/1341/1242 1342/1342/1243 1343/1343/1244
f 12/76/21 9/73/18 1344/1344/1245
f 14/78/23 22/86/31 15/79/24
f 1343/1343/1244 1342/1342/1243 1345/1345/1246
f 13/77/22 12/76/21 1346/1346/1247
f 12/76/21 1344/1344/1245 1346/1346/1247
f 22/86/31 1347/1347/1248 20/84/29
f 13/77/22 1346/1346/1247 1348/1348/1249
f 1342/1342/1243 1348/1348/1249 1345/1345/1246
f 13/77/22 1348/1348/1249 1342/1342/1243
f 1344/1344/1245 9/73/18 27/91/36
f 26/90/35 29/93/38 21/85/30
f 1347/1347/1248 30/94/39 20/84/29
f 1345/1345/1246 1348/1348/1249 1349/1349/1250
f 1346/1346/1247 1350/1350/1251 1348/1348/1249
f 1350/1350/1251 1346/1346/1247 1344/1344/1245
f 1350/1350/1251 1344/1344/1245 27/91/36
f 1350/1350/1251 1349/1349/1250 1348/1348/1249
f 1350/1350/1251 27/91/36 1349/1349/1250
f 30/94/39 1351/1351/1252 26/90/35
f 1347/1347/1248 1351/1351/1252 30/94/39
f 27/91/36 33/97/42 1349/1349/1250
f 27/91/36 25/89/34 33/97/42
f 1347/1347/1248 1352/1352/1253 1351/1351/1252
f 26/90/35 1351/1351/1252 1353/1353/1254
f 1351/1351/1252 1352/1352/1253 1353/1353/1254
f 26/90/35 1353/1353/1254 32/96/41
f 33/97/42 32/96/41 1354/1354/1255
f 33/97/42 1354/1354/1255 1355/1355/1256
f 1349/1349/1250 33/97/42 1355/1355/1256
f 1352/1352/1253 1356/1356/1257 1353/1353/1254
f 32/96/41 37/101/46 1354/1354/1255
f 1355/1355/1256 1354/1354/1255 1357/1357/1258
f 1356/1356/1257 34/98/43 1353/1353/1254
f 32/96/41 34/98/43 37/101/46
f 32/96/41 1353/1353/1254 34/98/43
f 1354/1354/1255 1358/1358/1259 1357/1357/1258
f 1354/1354/1255 37/101/46 1358/1358/1259
f 1356/1356/1257 35/99/44 34/98/43
f 37/101/46 1359/1359/1260 1358/1358/1259
f 37/101/46 36/100/45 1359/1359/1260
f 1357/1357/1258 1358/1358/1259 1360/1360/1261
f 1359/1359/1260 36/100/45 38/102/47
f 1359/1359/1260 1361/1361/1262 1358/1358/1259
f 1359/1359/1260 38/102/47 1361/1361/1262
f 35/99/44 1362/1362/1263 36/100/45
f 1363/1363/1264 1358/1358/1259 1361/1361/1262
f 1358/1358/1259 1363/1363/1264 1360/1360/1261
f 1360/1360/1261 1363/1363/1264 1364/1364/1265
f 39/103/48 36/100/45 1362/1362/1263
f 1365/1365/1266 40/104/49 42/106/51
f 46/110/55 1366/1366/1267 41/105/50
f 1367/1367/1268 1366/1366/1267 46/110/55
f 46/110/55 1368/1368/1269 1367/1367/1268
f 48/112/57 1369/1369/1270 47/111/56
f 48/112/57 1370/1370/1271 1369/1369/1270
f 1370/1370/1271 1371/1371/1272 1369/1369/1270
f 1370/1370/1271 1372/1372/1273 1371/1371/1272
f 1372/1372/1273 1373/1373/1274 1371/1371/1272
f 1374/1374/1275 1375/1375/1276 1376/1376/1277
f 1375/1375/1276 1377/1377/1278 1376/1376/1277
f 1375/1375/1276 1378/1378/1279 1377/1377/1278
f 1378/1378/1279 1379/1379/1280 1380/1380/1281
f 1380/1380/1281 1377/1377/1278 1378/1378/1279
f 1381/1381/1282 1382/1382/1283 1383/1383/1284
f 1382/1382/1283 1384/1384/1285 1385/1385/1286
f 1385/1385/1286 1383/1383/1284 1382/1382/1283
f 1384/1384/1285 1382/1382/1283 1386/1386/1287
f 1387/1387/1288 1388/1388/1289 1389/1389/1290
f 1389/1389/1290 1390/1390/1291 1391/1391/1292
f 1389/1389/1290 1391/1391/1292 54/118/63
f 1389/1389/1290 54/118/63 56/120/65
f 1392/1392/1293 1393/1393/1294 1394/1394/1295
f 1393/1393/1294 60/124/69 1394/1394/1295
f 1394/1394/1295 60/124/69 62/126/71
f 1392/1392/1293 1395/1395/1296 1396/1396/1297
f 1392/1392/1293 1396/1396/1297 1393/1393/1294
f 1397/1397/1298 66/130/75 58/122/67
f 59/123/68 57/121/66 68/132/77
f 1395/1395/1296 1398/1398/1299 1399/1399/1300
f 1396/1396/1297 1395/1395/1296 1399/1399/1300
f 1397/1397/1298 1400/1400/1301 66/130/75
f 59/123/68 68/132/77 70/134/79
f 59/123/68 1401/1401/1302 64/128/73
f 59/123/68 70/134/79 1401/1401/1302
f 1399/1399/1300 1398/1398/1299 1402/1402/1303
f 1403/1403/1304 72/136/81 1404/1404/1305
f 1403/1403/1304 61/125/70 72/136/81
f 66/130/75 89/153/98 67/131/76
f 69/133/78 68/132/77 78/142/87
f 1401/1401/1302 70/134/79 1405/1405/1306
f 1401/1401/1302 1405/1405/1306 1406/1406/1307
f 1398/1398/1299 1407/1407/1308 1402/1402/1303
f 66/130/75 86/150/95 89/153/98
f 70/134/79 92/156/101 1405/1405/1306
f 70/134/79 69/133/78 92/156/101
f 69/133/78 90/154/99 92/156/101
f 75/139/84 79/143/88 1408/1408/1309
f 75/139/84 1408/1408/1309 1409/1409/1310
f 69/133/78 85/149/94 91/155/100
f 69/133/78 91/155/100 90/154/99
f 80/144/89 1410/1410/1311 79/143/88
f 80/144/89 1411/1411/1312 1410/1410/1311
f 79/143/88 1412/1412/1313 1408/1408/1309
f 1408/1408/1309 1412/1412/1313 1413/1413/1314
f 1411/1411/1312 1414/1414/1315 1410/1410/1311
f 79/143/88 1410/1410/1311 1415/1415/1316
f 79/143/88 1415/1415/1316 1412/1412/1313
f 1410/1410/1311 1414/1414/1315 1415/1415/1316
f 1411/1411/1312 1416/1416/1317 1414/1414/1315
f 1412/1412/1313 1417/1417/1318 1418/1418/1319
f 1415/1415/1316 1417/1417/1318 1412/1412/1313
f 1415/1415/1316 1414/1414/1315 1417/1417/1318
f 1416/1416/1317 1419/1419/1320 1414/1414/1315
f 1419/1419/1320 1420/1420/1321 1414/1414/1315
f 1414/1414/1315 1420/1420/1321 1421/1421/1322
f 1422/1422/1323 1423/1423/1324 1424/1424/1325
f 1423/1423/1324 1425/1425/1326 1424/1424/1325
f 1423/1423/1324 1426/1426/1327 1425/1425/1326
f 1427/1427/1328 1428/1428/1329 1429/1429/1330
f 1427/1427/1328 1430/1430/1331 1428/1428/1329
f 1430/1430/1331 1431/1431/1332 1428/1428/1329
f 1431/1431/1332 1432/1432/1333 1428/1428/1329
f 1433/1433/1334 1434/1434/1335 1435/1435/1336
f 1433/1433/1334 1435/1435/1336 1436/1436/1337
f 1434/1434/1335 127/191/136 126/190/135
f 1434/1434/1335 126/190/135 133/197/142
f 1434/1434/1335 133/197/142 1437/1437/1338
f 130/194/139 138/202/147 128/192/137
f 134/198/143 151/215/160 130/194/139
f 136/200/145 1438/1438/1339 137/201/146
f 130/194/139 144/208/153 138/202/147
f 130/194/139 151/215/160 144/208/153
f 144/208/153 150/214/159 148/212/157
f 151/215/160 1439/1439/1340 150/214/159
f 136/200/145 146/210/155 163/227/172
f 1440/1440/1341 1441/1441/1342 166/230/175
f 136/200/145 163/227/172 161/225/170
f 1440/1440/1341 165/229/174 1442/1442/1343
f 1440/1440/1341 166/230/175 165/229/174
f 1443/1443/1344 1444/1444/1345 1445/1445/1346
f 170/234/179 160/224/169 174/238/183
f 170/234/179 174/238/183 1446/1446/1347
f 1447/1447/1348 177/241/186 167/231/176
f 1447/1447/1348 1448/1448/1349 177/241/186
f 1449/1449/1350 1450/1450/1351 1451/1451/1352
f 1448/1448/1349 1452/1452/1353 177/241/186
f 177/241/186 1452/1452/1353 1453/1453/1354
f 178/242/187 177/241/186 1454/1454/1355
f 177/241/186 1453/1453/1354 1454/1454/1355
f 1452/1452/1353 1455/1455/1356 1453/1453/1354
f 178/242/187 1454/1454/1355 1456/1456/1357
f 1454/1454/1355 1457/1457/1358 1456/1456/1357
f 1453/1453/1354 1455/1455/1356 1457/1457/1358
f 1454/1454/1355 1453/1453/1354 1457/1457/1358
f 1456/1456/1357 1457/1457/1358 1458/1458/1359
f 1457/1457/1358 1459/1459/1360 1458/1458/1359
f 1460/1460/1361 1461/1461/1362 1462/1462/1363
f 1461/1461/1362 1463/1463/1364 1462/1462/1363
f 1463/1463/1364 1464/1464/1365 1462/1462/1363
f 1465/1465/1366 192/256/201 194/258/203
f 194/258/203 193/257/202 1466/1466/1367
f 195/259/204 196/260/205 193/257/202
f 193/257/202 198/262/207 1466/1466/1367
f 193/257/202 196/260/205 198/262/207
f 1466/1466/1367 198/262/207 200/264/209
f 195/259/204 203/267/212 196/260/205
f 200/264/209 198/262/207 215/279/224
f 1466/1466/1367 200/264/209 199/263/208
f 195/259/204 1467/1467/1368 203/267/212
f 215/279/224 198/262/207 1468/1468/1369
f 198/262/207 197/261/206 1468/1468/1369
f 200/264/209 215/279/224 206/270/215
f 200/264/209 206/270/215 201/265/210
f 1467/1467/1368 1469/1469/1370 203/267/212
f 1467/1467/1368 1470/1470/1371 1469/1469/1370
f 1468/1468/1369 197/261/206 205/269/214
f 1468/1468/1369 205/269/214 212/276/221
f 215/279/224 209/273/218 206/270/215
f 201/265/210 206/270/215 208/272/217
f 1470/1470/1371 1471/1471/1372 1469/1469/1370
f 203/267/212 1472/1472/1373 202/266/211
f 1468/1468/1369 212/276/221 213/277/222
f 1468/1468/1369 213/277/222 215/279/224
f 1471/1471/1372 1473/1473/1374 1469/1469/1370
f 203/267/212 1469/1469/1370 1473/1473/1374
f 203/267/212 1473/1473/1374 1472/1472/1373
f 202/266/211 217/281/226 197/261/206
f 202/266/211 1472/1472/1373 217/281/226
f 215/279/224 214/278/223 209/273/218
f 207/271/216 1474/1474/1375 208/272/217
f 1471/1471/1372 1475/1475/1376 1473/1473/1374
f 1472/1472/1373 1476/1476/1377 217/281/226
f 1476/1476/1377 1475/1475/1376 216/280/225
f 1476/1476/1377 1472/1472/1373 1473/1473/1374
f 1476/1476/1377 216/280/225 217/281/226
f 1476/1476/1377 1473/1473/1374 1475/1475/1376
f 1474/1474/1375 207/271/216 1477/1477/1378
f 207/271/216 218/282/227 1477/1477/1378
f 216/280/225 1475/1475/1376 222/286/231
f 1477/1477/1378 218/282/227 1478/1478/1379
f 1477/1477/1378 1478/1478/1379 1474/1474/1375
f 1474/1474/1375 1478/1478/1379 1479/1479/1380
f 1475/1475/1376 1480/1480/1381 222/286/231
f 1478/1478/1379 1481/1481/1382 1479/1479/1380
f 1478/1478/1379 218/282/227 1481/1481/1382
f 223/287/232 1481/1481/1382 218/282/227
f 1480/1480/1381 1482/1482/1383 222/286/231
f 222/286/231 1482/1482/1383 223/287/232
f 1479/1479/1380 1481/1481/1382 1483/1483/1384
f 1480/1480/1381 1484/1484/1385 1482/1482/1383
f 223/287/232 1482/1482/1383 1485/1485/1386
f 223/287/232 1485/1485/1386 1486/1486/1387
f 1481/1481/1382 1486/1486/1387 1483/1483/1384
f 1481/1481/1382 223/287/232 1486/1486/1387
f 1482/1482/1383 1487/1487/1388 1485/1485/1386
f 1484/1484/1385 1487/1487/1388 1482/1482/1383
f 1483/1483/1384 1486/1486/1387 1488/1488/1389
f 1484/1484/1385 1489/1489/1390 1487/1487/1388
f 1485/1485/1386 1490/1490/1391 1491/1491/1392
f 1485/1485/1386 1487/1487/1388 1490/1490/1391
f 1488/1488/1389 1491/1491/1392 1492/1492/1393
f 1489/1489/1390 1493/1493/1394 1487/1487/1388
f 1490/1490/1391 1494/1494/1395 1491/1491/1392
f 1495/1495/1396 1491/1491/1392 1494/1494/1395
f 1492/1492/1393 1491/1491/1392 1495/1495/1396
f 1489/1489/1390 1496/1496/1397 1493/1493/1394
f 1497/1497/1398 1494/1494/1395 1490/1490/1391
f 1487/1487/1388 1497/1497/1398 1490/1490/1391
f 1497/1497/1398 1487/1487/1388 1493/1493/1394
f 1498/1498/1399 224/288/233 227/291/236
f 225/289/234 1499/1499/1400 226/290/235
f 1499/1499/1400 1500/1500/1401 226/290/235
f 1499/1499/1400 1501/1501/1402 1500/1500/1401
f 230/294/239 1502/1502/1403 231/295/240
f 1501/1501/1402 1503/1503/1404 1500/1500/1401
f 1502/1502/1403 1504/1504/1405 231/295/240
f 1501/1501/1402 1505/1505/1406 1503/1503/1404
f 1506/1506/1407 1507/1507/1408 1508/1508/1409
f 1507/1507/1408 1509/1509/1410 1508/1508/1409
f 1510/1510/1411 1511/1511/1412 1512/1512/1413
f 1511/1511/1412 1513/1513/1414 1512/1512/1413
f 1511/1511/1412 1514/1514/1415 1513/1513/1414
f 1514/1514/1415 1515/1515/1416 1513/1513/1414
f 1516/1516/1417 1517/1517/1418 1518/1518/1419
f 1517/1517/1418 1519/1519/1420 1518/1518/1419
f 1520/1520/1421 1521/1521/1422 1522/1522/1423
f 1521/1521/1422 1523/1523/1424 1522/1522/1423
f 1521/1521/1422 1524/1524/1425 1523/1523/1424
f 246/310/255 247/311/256 1525/1525/1426
f 247/311/256 248/312/257 1526/1526/1427
f 1527/1527/1428 247/311/256 1526/1526/1427
f 1525/1525/1426 247/311/256 1527/1527/1428
f 248/312/257 251/315/260 1528/1528/1429
f 248/312/257 1528/1528/1429 1526/1526/1427
f 253/317/262 1529/1529/1430 251/315/260
f 251/315/260 1529/1529/1430 1528/1528/1429
f 1530/1530/1431 254/318/263 256/320/265
f 256/320/265 255/319/264 262/326/271
f 256/320/265 262/326/271 269/333/278
f 256/320/265 269/333/278 1531/1531/1432
f 1531/1531/1432 269/333/278 274/338/283
f 1531/1531/1432 274/338/283 1532/1532/1433
f 269/333/278 268/332/277 273/337/282
f 269/333/278 273/337/282 274/338/283
f 330/394/339 329/393/338 333/397/342
f 337/401/346 346/410/355 1533/1533/1434
f 338/402/347 337/401/346 1533/1533/1434
f 1533/1533/1434 346/410/355 348/412/357
f 1533/1533/1434 348/412/357 358/422/367
f 1533/1533/1434 358/422/367 1534/1534/1435
f 337/401/346 345/409/354 355/419/364
f 337/401/346 355/419/364 346/410/355
f 390/454/399 1535/1535/1436 393/457/402
f 395/459/404 1536/1536/1437 396/460/405
f 1536/1536/1437 399/463/408 396/460/405
f 1536/1536/1437 397/461/406 399/463/408
f 402/466/411 404/468/413 403/467/412
f 402/466/411 1537/1537/1438 404/468/413
f 1537/1537/1438 1538/1538/1439 404/468/413
f 404/468/413 1539/1539/1440 405/469/414
f 1538/1538/1439 1539/1539/1440 404/468/413
f 405/469/414 1540/1540/1441 407/471/416
f 1539/1539/1440 1540/1540/1441 405/469/414
f 1540/1540/1441 1541/1541/1442 407/471/416
f 407/471/416 1541/1541/1442 409/473/418
f 1542/1542/1443 419/483/428 1543/1543/1444
f 1543/1543/1444 419/483/428 1544/1544/567
f 419/483/428 418/482/427 1544/1544/567
f 1543/1543/1444 1544/1544/567 1545/1545/1445
f 419/483/428 1546/1546/1446 422/486/431
f 1546/1546/1446 419/483/428 1547/1547/1447
f 1546/1546/1446 1547/1547/1447 1548/1548/1448
f 1547/1547/1447 1549/1549/1449 1550/1550/1449
f 427/491/436 434/498/443 437/501/446
f 435/499/444 1551/1551/1450 1552/1552/1451
f 427/491/436 439/503/448 1553/1553/1452
f 435/499/444 442/506/451 432/496/441
f 435/499/444 1552/1552/1451 442/506/451
f 1551/1551/1450 1554/1554/603 1555/1555/1453
f 1553/1553/1452 439/503/448 447/511/456
f 427/491/436 1553/1553/1452 1556/1556/1454
f 1552/1552/1451 445/509/454 442/506/451
f 1551/1551/1450 1555/1555/1453 1557/1557/1455
f 1551/1551/1450 1557/1557/1455 1552/1552/1451
f 1554/1554/603 1558/1558/1456 1559/1559/1457
f 427/491/436 1556/1556/1454 1560/1560/1458
f 1553/1553/1452 1561/1561/1459 1556/1556/1454
f 1553/1553/1452 447/511/456 1561/1561/1459
f 1562/1562/1460 1552/1552/1451 1557/1557/1455
f 1552/1552/1451 1562/1562/1460 1563/1563/1461
f 1564/1564/1462 1558/1558/1456 1554/1554/603
f 1551/1551/1450 1564/1564/1462 1554/1554/603
f 1555/1555/1453 1565/1565/1463 1557/1557/1455
f 1559/1559/1457 455/519/464 1554/1554/603
f 1559/1559/1457 453/517/462 455/519/464
f 1561/1561/1459 447/511/456 1566/1566/1464
f 451/515/460 1566/1566/1464 447/511/456
f 445/509/454 452/516/461 448/512/457
f 1562/1562/1460 1557/1557/1455 1567/1567/1465
f 1568/1568/1466 452/516/461 445/509/454
f 445/509/454 1552/1552/1451 1568/1568/1466
f 1563/1563/1461 1568/1568/1466 1552/1552/1451
f 1555/1555/1453 1554/1554/603 458/522/467
f 1554/1554/603 455/519/464 458/522/467
f 1565/1565/1463 1569/1569/1467 1557/1557/1455
f 1557/1557/1455 1569/1569/1467 1567/1567/1465
f 1565/1565/1463 1555/1555/1453 1570/1570/1468
f 1555/1555/1453 458/522/467 1570/1570/1468
f 1565/1565/1463 1570/1570/1468 1569/1569/1467
f 1569/1569/1467 1570/1570/1468 464/528/473
f 1567/1567/1465 1569/1569/1467 464/528/473
f 458/522/467 457/521/466 1570/1570/1468
f 1567/1567/1465 464/528/473 463/527/472
f 457/521/466 462/526/471 1571/1571/1469
f 1570/1570/1468 1571/1571/1469 464/528/473
f 1570/1570/1468 457/521/466 1571/1571/1469
f 459/523/468 470/534/479 456/520/465
f 459/523/468 1572/1572/1470 470/534/479
f 1571/1571/1469 477/541/486 464/528/473
f 1572/1572/1470 1573/1573/1471 470/534/479
f 1573/1573/1471 1574/1574/1472 470/534/479
f 471/535/480 1575/1575/1473 472/536/481
f 1574/1574/1472 1576/1576/1474 1577/1577/1475
f 1575/1575/1473 480/544/489 472/536/481
f 470/534/479 1578/1578/1476 471/535/480
f 471/535/480 1578/1578/1476 1575/1575/1473
f 470/534/479 1574/1574/1472 1578/1578/1476
f 1576/1576/1474 1579/1579/1477 487/551/496
f 1576/1576/1474 487/551/496 484/548/493
f 1576/1576/1474 484/548/493 1577/1577/1475
f 1577/1577/1475 484/548/493 486/550/495
f 480/544/489 1575/1575/1473 492/556/501
f 480/544/489 492/556/501 491/555/500
f 1574/1574/1472 1580/1580/1478 1578/1578/1476
f 1574/1574/1472 1577/1577/1475 1580/1580/1478
f 486/550/495 485/549/494 497/561/506
f 1575/1575/1473 1581/1581/1479 492/556/501
f 1582/1582/1480 1575/1575/1473 1578/1578/1476
f 1582/1582/1480 1581/1581/1479 1575/1575/1473
f 1582/1582/1480 1580/1580/1478 1581/1581/1479
f 1578/1578/1476 1580/1580/1478 1582/1582/1480
f 1577/1577/1475 1583/1583/1481 1580/1580/1478
f 486/550/495 497/561/506 502/566/511
f 1580/1580/1478 1583/1583/1481 512/576/521
f 1581/1581/1479 1580/1580/1478 512/576/521
f 1581/1581/1479 512/576/521 492/556/501
f 1577/1577/1475 1584/1584/1482 1583/1583/1481
f 1577/1577/1475 486/550/495 1585/1585/1483
f 486/550/495 502/566/511 1585/1585/1483
f 1585/1585/1483 1584/1584/1482 1577/1577/1475
f 510/574/519 509/573/518 1586/1586/1484
f 506/570/515 514/578/523 1587/1587/1485
f 1586/1586/1484 509/573/518 522/586/531
f 519/583/528 506/570/515 521/585/530
f 523/587/532 522/586/531 521/585/530
f 506/570/515 1588/1588/1486 523/587/532
f 1589/1589/1487 1590/1590/1488 544/598/543
f 1590/1590/1488 542/596/541 544/598/543
f 546/600/545 1591/1591/1489 545/599/544
f 1592/1592/1490 569/613/558 571/615/560
f 1593/1593/1491 1594/1594/1492 574/618/563
f 1594/1594/1492 1595/1595/1493 1596/1596/1494
f 1594/1594/1492 1596/1596/1494 574/618/563
f 1596/1596/1494 572/616/561 574/618/563
f 578/622/567 1597/1597/1495 574/618/563
f 578/622/567 1598/1598/1496 1597/1597/1495
f 1597/1597/1495 1599/1599/1497 1600/1600/1497
f 583/627/572 1601/1601/1498 582/626/571
f 1601/1601/1498 592/636/530 582/626/571
f 1601/1601/1498 1602/1602/531 592/636/530
f 1602/1602/531 1603/1603/1484 593/637/578
f 1602/1602/531 593/637/578 592/636/530
f 582/626/571 595/639/579 589/633/524
f 1603/1603/1484 1604/1604/1499 593/637/578
f 582/626/571 592/636/530 594/638/528
f 582/626/571 594/638/528 595/639/579
f 590/634/576 1605/1605/1500 1606/1606/1501
f 1604/1604/1499 601/645/584 593/637/578
f 1604/1604/1499 604/648/586 601/645/584
f 590/634/576 600/644/583 1605/1605/1500
f 1606/1606/1501 1607/1607/1502 1608/1608/1503
f 1605/1605/1500 600/644/583 606/650/587
f 1606/1606/1501 1609/1609/1504 1607/1607/1502
f 1606/1606/1501 1605/1605/1500 1609/1609/1504
f 1606/1606/1501 1608/1608/1503 1610/1610/1505
f 1608/1608/1503 1611/1611/1506 1610/1610/1505
f 1607/1607/1502 1609/1609/1504 1612/1612/1507
f 1611/1611/1506 1608/1608/1503 1613/1613/1508
f 1605/1605/1500 1614/1614/1481 1609/1609/1504
f 607/651/511 1615/1615/1483 606/650/587
f 606/650/587 1615/1615/1483 1605/1605/1500
f 1607/1607/1502 1616/1616/1509 1608/1608/1503
f 1612/1612/1507 1609/1609/1504 1617/1617/1510
f 1608/1608/1503 1616/1616/1509 609/653/588
f 1613/1613/1508 1608/1608/1503 609/653/588
f 1609/1609/1504 1618/1618/1511 1617/1617/1510
f 1614/1614/1481 1618/1618/1511 1609/1609/1504
f 1605/1605/1500 1619/1619/1482 1614/1614/1481
f 1615/1615/1483 1619/1619/1482 1605/1605/1500
f 1607/1607/1502 1620/1620/1512 1616/1616/1509
f 1612/1612/1507 1617/1617/1510 1620/1620/1512
f 1607/1607/1502 1612/1612/1507 1620/1620/1512
f 1613/1613/1508 609/653/588 608/652/462
f 1618/1618/1511 611/655/520 614/658/590
f 1617/1617/1510 1618/1618/1511 614/658/590
f 1617/1617/1510 614/658/590 1620/1620/1512
f 1616/1616/1509 616/660/592 609/653/588
f 1616/1616/1509 1620/1620/1512 616/660/592
f 1620/1620/1512 614/658/590 618/662/594
f 1620/1620/1512 618/662/594 616/660/592
f 618/662/594 614/658/590 624/668/599
f 621/665/597 615/659/591 628/672/603
f 621/665/597 628/672/603 1621/1621/1513
f 626/670/601 1622/1622/1514 1623/1623/1515
f 627/671/602 626/670/601 1623/1623/1515
f 1621/1621/1513 628/672/603 1624/1624/1516
f 626/670/601 635/679/610 1622/1622/1514
f 1623/1623/1515 1625/1625/1517 1626/1626/1518
f 1624/1624/1516 628/672/603 1627/1627/1519
f 628/672/603 1628/1628/1520 1627/1627/1519
f 627/671/602 1628/1628/1520 628/672/603
f 627/671/602 1623/1623/1515 1628/1628/1520
f 1623/1623/1515 1626/1626/1518 1628/1628/1520
f 1622/1622/1514 641/685/615 643/687/617
f 1623/1623/1515 643/687/617 1625/1625/1517
f 1623/1623/1515 1622/1622/1514 643/687/617
f 1627/1627/1519 651/695/623 1629/1629/1521
f 1625/1625/1517 643/687/617 646/690/618
f 1627/1627/1519 1628/1628/1520 1630/1630/1522
f 1625/1625/1517 1630/1630/1522 1626/1626/1518
f 1627/1627/1519 1630/1630/1522 651/695/623
f 1628/1628/1520 1626/1626/1518 1630/1630/1522
f 1625/1625/1517 646/690/618 1630/1630/1522
f 1629/1629/1521 647/691/619 1631/1631/1523
f 1630/1630/1522 646/690/618 1632/1632/1524
f 1630/1630/1522 1632/1632/1524 651/695/623
f 1629/1629/1521 650/694/622 647/691/619
f 1629/1629/1521 651/695/623 650/694/622
f 1632/1632/1524 1633/1633/1461 651/695/623
f 1633/1633/1461 1634/1634/1525 651/695/623
f 651/695/623 1634/1634/1525 652/696/454
f 1634/1634/1525 1635/1635/1526 652/696/454
f 1635/1635/1526 665/709/457 652/696/454
f 652/696/454 665/709/457 657/701/626
f 1635/1635/1526 666/710/458 665/709/457
f 660/704/629 1636/1636/1527 663/707/632
f 670/714/637 1637/1637/1528 673/717/639
f 672/716/638 674/718/455 673/717/639
f 660/704/629 672/716/638 676/720/641
f 672/716/638 673/717/639 676/720/641
f 1637/1637/1528 675/719/640 673/717/639
f 660/704/629 676/720/641 677/721/642
f 660/704/629 677/721/642 1638/1638/1529
f 1639/1639/1530 1640/1640/1531 1641/1641/1532
f 1640/1640/1531 1642/1642/1533 696/730/651
f 1641/1641/1532 1640/1640/1531 699/733/654
f 698/732/653 697/731/652 1643/1643/1534
f 1644/1644/1535 701/735/656 703/737/658
f 1645/1645/1536 726/750/671 728/752/673
f 1646/1646/1537 1647/1647/1538 1648/1648/1539
f 1647/1647/1538 731/755/676 733/757/678
f 1647/1647/1538 733/757/678 1648/1648/1539
f 1648/1648/1539 733/757/678 1649/1649/1540
f 1648/1648/1539 1649/1649/1540 1650/1650/1541
f 733/757/678 1651/1651/1542 1649/1649/1540
f 733/757/678 739/763/684 1651/1651/1542
f 1650/1650/1541 741/765/686 743/767/688
f 1649/1649/1540 1651/1651/1542 747/771/692
f 1651/1651/1542 745/769/690 747/771/692
f 1651/1651/1542 739/763/684 745/769/690
f 739/763/684 738/762/683 745/769/690
f 1650/1650/1541 743/767/688 1652/1652/1543
f 1649/1649/1540 747/771/692 1653/1653/1544
f 1652/1652/1543 743/767/688 754/778/699
f 1653/1653/1544 1654/1654/1545 748/772/693
f 1653/1653/1544 747/771/692 1654/1654/1545
f 1652/1652/1543 754/778/699 757/781/702
f 748/772/693 1655/1655/1546 749/773/694
f 748/772/693 1654/1654/1545 1655/1655/1546
f 747/771/692 755/779/700 1654/1654/1545
f 746/770/691 755/779/700 747/771/692
f 746/770/691 752/776/697 755/779/700
f 749/773/694 1655/1655/1546 1656/1656/1547
f 1655/1655/1546 1657/1657/1548 1656/1656/1547
f 1654/1654/1545 755/779/700 1658/1658/1549
f 1654/1654/1545 1658/1658/1549 1655/1655/1546
f 1655/1655/1546 1658/1658/1549 766/790/711
f 1655/1655/1546 766/790/711 1657/1657/1548
f 1657/1657/1548 766/790/711 1659/1659/1550
f 1660/1660/1551 766/790/711 1658/1658/1549
f 755/779/700 751/775/696 1660/1660/1551
f 1660/1660/1551 1658/1658/1549 755/779/700
f 1660/1660/1551 751/775/696 766/790/711
f 749/773/694 1656/1656/1547 769/793/714
f 1659/1659/1550 783/807/728 1661/1661/1552
f 1657/1657/1548 779/803/724 1656/1656/1547
f 1656/1656/1547 779/803/724 769/793/714
f 1659/1659/1550 1661/1661/1552 779/803/724
f 1659/1659/1550 779/803/724 1657/1657/1548
f 1661/1661/1552 783/807/728 1662/1662/1553
f 783/807/728 1663/1663/1554 1662/1662/1553
f 1661/1661/1552 1662/1662/1553 791/815/736
f 1661/1661/1552 791/815/736 779/803/724
f 779/803/724 791/815/736 780/804/725
f 766/790/711 771/795/716 782/806/727
f 766/790/711 782/806/727 781/805/726
f 771/795/716 786/810/731 782/806/727
f 1663/1663/1554 1664/1664/1555 1662/1662/1553
f 791/815/736 1662/1662/1553 1665/1665/1556
f 783/807/728 1666/1666/1557 1663/1663/1554
f 786/810/731 795/819/740 794/818/739
f 1662/1662/1553 1667/1667/1558 1665/1665/1556
f 1664/1664/1555 1667/1667/1558 1662/1662/1553
f 791/815/736 1665/1665/1556 805/829/750
f 791/815/736 805/829/750 792/816/737
f 783/807/728 794/818/739 800/824/745
f 1666/1666/1557 783/807/728 800/824/745
f 1666/1666/1557 800/824/745 807/831/752
f 1668/1668/1559 810/834/755 812/836/757
f 814/838/759 819/843/764 815/839/760
f 814/838/759 816/840/761 819/843/764
f 815/839/760 822/846/767 821/845/766
f 819/843/764 818/842/763 1669/1669/1560
f 819/843/764 1669/1669/1560 826/850/771
f 819/843/764 826/850/771 815/839/760
f 815/839/760 826/850/771 822/846/767
f 818/842/763 820/844/765 1670/1670/1561
f 1670/1670/1561 825/849/770 1669/1669/1560
f 1670/1670/1561 1669/1669/1560 818/842/763
f 1670/1670/1561 820/844/765 825/849/770
f 826/850/771 1671/1671/1562 827/851/772
f 823/847/768 822/846/767 829/853/774
f 1669/1669/1560 825/849/770 834/858/779
f 831/855/776 830/854/775 834/858/779
f 831/855/776 834/858/779 825/849/770
f 1669/1669/1560 834/858/779 826/850/771
f 1672/1672/1563 826/850/771 834/858/779
f 826/850/771 1672/1672/1563 1671/1671/1562
f 1672/1672/1563 834/858/779 1673/1673/1564
f 1671/1671/1562 1672/1672/1563 1673/1673/1564
f 834/858/779 833/857/778 1673/1673/1564
f 1671/1671/1562 1673/1673/1564 1674/1674/1565
f 836/860/781 1675/1675/1566 837/861/782
f 836/860/781 1676/1676/1567 1675/1675/1566
f 1676/1676/1567 1677/1677/1568 1675/1675/1566
f 1678/1678/1569 1679/1679/1570 1680/1680/1571
f 1679/1679/1570 838/862/783 840/864/785
f 1680/1680/1571 1681/1681/1572 848/872/793
f 1679/1679/1570 840/864/785 842/866/787
f 1680/1680/1571 848/872/793 847/871/792
f 1681/1681/1572 849/873/794 851/875/796
f 1680/1680/1571 847/871/792 1682/1682/1573
f 847/871/792 846/870/791 1682/1682/1573
f 848/872/793 1683/1683/1574 846/870/791
f 1681/1681/1572 1684/1684/1575 848/872/793
f 848/872/793 1684/1684/1575 1683/1683/1574
f 1680/1680/1571 1682/1682/1573 1685/1685/1576
f 851/875/796 850/874/795 1686/1686/1577
f 1686/1686/1577 850/874/795 1687/1687/1578
f 850/874/795 864/888/809 1687/1687/1578
f 864/888/809 1688/1688/1579 1687/1687/1578
f 864/888/809 871/895/816 1688/1688/1579
f 1687/1687/1578 1689/1689/1580 1690/1690/1581
f 1688/1688/1579 871/895/816 879/903/824
f 1688/1688/1579 879/903/824 1691/1691/1582
f 1689/1689/1580 1691/1691/1582 1690/1690/1581
f 1687/1687/1578 1690/1690/1581 1692/1692/1583
f 879/903/824 884/908/829 1691/1691/1582
f 879/903/824 878/902/823 884/908/829
f 1690/1690/1581 1693/1693/1584 1692/1692/1583
f 1691/1691/1582 884/908/829 886/910/831
f 1690/1690/1581 1694/1694/1585 1693/1693/1584
f 1694/1694/1585 1690/1690/1581 1691/1691/1582
f 885/909/830 884/908/829 1695/1695/1586
f 1695/1695/1586 884/908/829 888/912/833
f 1696/1696/1587 1697/1697/1588 893/917/838
f 1697/1697/1588 1698/1698/1589 893/917/838
f 1698/1698/1589 891/915/836 893/917/838
f 1699/1699/1590 1700/1700/1591 896/920/841
f 1700/1700/1591 1701/1701/1592 896/920/841
f 1701/1701/1592 894/918/839 896/920/841
f 1702/1702/1593 1703/1703/1594 1704/1704/1595
f 1703/1703/1594 1705/1705/1596 1704/1704/1595
f 1706/1706/1597 1707/1707/1598 1708/1708/1599
f 1707/1707/1598 1709/1709/1600 1708/1708/1599
f 1709/1709/1600 1710/1710/1601 1711/1711/1601
f 1709/1709/1600 1711/1711/1601 1712/1712/1602
f 1708/1708/1599 1709/1709/1600 1712/1712/1602
f 1708/1708/1599 1712/1712/1602 1713/1713/1603
f 1714/1714/1604 1715/1715/1605 1716/1716/1606
f 1715/1715/1605 899/923/844 1716/1716/1606
f 1715/1715/1605 897/921/842 899/923/844
f 1278/1278/1184 1277/1277/1183 1281/1281/1187
f 1293/1293/1178 1295/1295/1196 1291/1291/1194
f 1717/1717/1607 1381/1381/1282 1383/1383/1284
f 1718/1718/1608 1719/1719/1609 1387/1387/1288
f 1719/1719/1609 1388/1388/1289 1387/1387/1288
f 1719/1719/1609 1720/1720/1610 1388/1388/1289
f 1720/1720/1610 1721/1721/1611 1722/1722/1612
f 1388/1388/1289 1390/1390/1291 1389/1389/1290
f 1720/1720/1610 1723/1723/1613 1388/1388/1289
f 1720/1720/1610 1722/1722/1612 1723/1723/1613
f 1721/1721/1611 1392/1392/1293 1394/1394/1295
f 1722/1722/1612 1721/1721/1611 1394/1394/1295
f 1390/1390/1291 1724/1724/1614 1391/1391/1292
f 1723/1723/1613 1722/1722/1612 1725/1725/1615
f 1723/1723/1613 1726/1726/1616 1388/1388/1289
f 1723/1723/1613 1725/1725/1615 1726/1726/1616
f 1388/1388/1289 1726/1726/1616 1390/1390/1291
f 1391/1391/1292 1724/1724/1614 1727/1727/1617
f 1391/1391/1292 1727/1727/1617 54/118/63
f 1724/1724/1614 1728/1728/1618 1727/1727/1617
f 1721/1721/1611 1395/1395/1296 1392/1392/1293
f 1390/1390/1291 1726/1726/1616 1729/1729/1619
f 1390/1390/1291 1729/1729/1619 1724/1724/1614
f 1726/1726/1616 1725/1725/1615 1729/1729/1619
f 1722/1722/1612 1394/1394/1295 62/126/71
f 1722/1722/1612 62/126/71 1725/1725/1615
f 1728/1728/1618 1397/1397/1298 1727/1727/1617
f 1727/1727/1617 1397/1397/1298 58/122/67
f 1727/1727/1617 58/122/67 54/118/63
f 1721/1721/1611 1730/1730/1620 1395/1395/1296
f 1724/1724/1614 1729/1729/1619 1731/1731/1621
f 1724/1724/1614 1731/1731/1621 1728/1728/1618
f 1729/1729/1619 1404/1404/1305 1731/1731/1621
f 1725/1725/1615 1404/1404/1305 1729/1729/1619
f 1730/1730/1620 1398/1398/1299 1395/1395/1296
f 1730/1730/1620 1732/1732/1622 1398/1398/1299
f 62/126/71 1403/1403/1304 1725/1725/1615
f 62/126/71 61/125/70 1403/1403/1304
f 1725/1725/1615 1403/1403/1304 1404/1404/1305
f 1731/1731/1621 1404/1404/1305 1733/1733/1623
f 1732/1732/1622 1734/1734/1624 1398/1398/1299
f 1733/1733/1623 1404/1404/1305 1735/1735/1625
f 1734/1734/1624 1407/1407/1308 1398/1398/1299
f 72/136/81 1409/1409/1310 1404/1404/1305
f 1404/1404/1305 1409/1409/1310 1735/1735/1625
f 72/136/81 75/139/84 1409/1409/1310
f 1735/1735/1625 1409/1409/1310 1408/1408/1309
f 1735/1735/1625 1408/1408/1309 1413/1413/1314
f 1413/1413/1314 1412/1412/1313 1418/1418/1319
f 1417/1417/1318 1414/1414/1315 1421/1421/1322
f 1736/1736/1626 1427/1427/1328 1429/1429/1330
f 1737/1737/1627 1433/1433/1334 1436/1436/1337
f 1435/1435/1336 1434/1434/1335 1437/1437/1338
f 1436/1436/1337 1435/1435/1336 1738/1738/1628
f 1435/1435/1336 1437/1437/1338 1739/1739/1629
f 1435/1435/1336 1740/1740/1630 1738/1738/1628
f 1435/1435/1336 1739/1739/1629 1740/1740/1630
f 133/197/142 1741/1741/1631 1437/1437/1338
f 133/197/142 132/196/141 1741/1741/1631
f 1740/1740/1630 1742/1742/1632 1738/1738/1628
f 1740/1740/1630 1743/1743/1633 1742/1742/1632
f 1739/1739/1629 1743/1743/1633 1740/1740/1630
f 1741/1741/1631 132/196/141 1744/1744/1634
f 1437/1437/1338 1745/1745/1635 1739/1739/1629
f 1739/1739/1629 1745/1745/1635 1743/1743/1633
f 1437/1437/1338 1741/1741/1631 1745/1745/1635
f 132/196/141 129/193/138 137/201/146
f 132/196/141 137/201/146 1744/1744/1634
f 1738/1738/1628 1742/1742/1632 1746/1746/1636
f 1743/1743/1633 1442/1442/1343 1742/1742/1632
f 1741/1741/1631 1744/1744/1634 1747/1747/1637
f 1741/1741/1631 1747/1747/1637 1745/1745/1635
f 1742/1742/1632 1442/1442/1343 1748/1748/1638
f 1746/1746/1636 1742/1742/1632 1748/1748/1638
f 1745/1745/1635 1747/1747/1637 1441/1441/1342
f 1743/1743/1633 1745/1745/1635 1441/1441/1342
f 1743/1743/1633 1440/1440/1341 1442/1442/1343
f 1743/1743/1633 1441/1441/1342 1440/1440/1341
f 1746/1746/1636 1748/1748/1638 1445/1445/1346
f 1747/1747/1637 1749/1749/1639 1441/1441/1342
f 1442/1442/1343 1750/1750/1640 1748/1748/1638
f 1746/1746/1636 1445/1445/1346 1751/1751/1641
f 1749/1749/1639 1752/1752/1642 1441/1441/1342
f 1442/1442/1343 165/229/174 1750/1750/1640
f 1748/1748/1638 1750/1750/1640 1443/1443/1344
f 1748/1748/1638 1443/1443/1344 1445/1445/1346
f 1746/1746/1636 1751/1751/1641 1753/1753/1643
f 1752/1752/1642 1754/1754/1644 1441/1441/1342
f 1441/1441/1342 1754/1754/1644 166/230/175
f 1445/1445/1346 1444/1444/1345 1751/1751/1641
f 1753/1753/1643 1751/1751/1641 1449/1449/1350
f 1752/1752/1642 1448/1448/1349 1754/1754/1644
f 1754/1754/1644 1448/1448/1349 1447/1447/1348
f 166/230/175 1447/1447/1348 167/231/176
f 166/230/175 1754/1754/1644 1447/1447/1348
f 1753/1753/1643 1449/1449/1350 1755/1755/1645
f 1752/1752/1642 1756/1756/1646 1448/1448/1349
f 1451/1451/1352 1755/1755/1645 1449/1449/1350
f 1756/1756/1646 1452/1452/1353 1448/1448/1349
f 1756/1756/1646 1757/1757/1647 1452/1452/1353
f 1757/1757/1647 1455/1455/1356 1452/1452/1353
f 1455/1455/1356 1758/1758/1648 1457/1457/1358
f 1758/1758/1648 1759/1759/1649 1457/1457/1358
f 1759/1759/1649 1459/1459/1360 1457/1457/1358
f 1486/1486/1387 1485/1485/1386 1491/1491/1392
f 1486/1486/1387 1491/1491/1392 1488/1488/1389
o C01_MuzzleClosed_Ch
v -69.764587 -25.703297 -14.156103
v -77.299088 -41.457096 -13.211206
v -81.836693 -39.741898 -11.603706
v -75.979889 -24.067999 -11.041103
v -66.276489 -33.535297 1.214575
v -72.945091 -46.167900 -0.091817
v -70.825790 -45.898899 -5.878428
v -63.321491 -32.581001 -4.684665
v -64.456490 -29.441498 -11.041005
v -73.046288 -43.729004 -11.440407
v -72.550995 -31.757198 3.879065
v -78.600891 -44.112099 2.480983
v -78.600891 -44.112099 2.480983
v -72.550995 -31.757198 3.879065
v -77.945999 -28.093800 1.214656
v -83.818291 -41.125401 -0.315589
v -79.114388 -25.216700 -4.684754
v -84.978088 -39.411003 -6.154896
v -69.812592 -25.570700 -3.069414
v -71.416389 -25.896200 -4.113304
v -69.662292 -25.276400 -4.164914
v -75.325493 -46.351097 -1.519217
v -74.621994 -46.810200 -0.744313
v -79.478088 -45.023098 1.109353
v -79.378189 -44.854004 -0.003578
v -74.809990 -45.021698 -9.654668
v -74.022995 -45.216099 -10.448607
v -72.491791 -46.776199 -5.832617
v -73.474487 -46.365498 -5.735168
v -77.840187 -43.429897 -10.996607
v -77.768791 -43.246094 -12.118607
v -67.519188 -33.882099 0.059725
v -73.048294 -32.306297 2.532195
v -79.478088 -45.023098 1.109353
v -74.621994 -46.810200 -0.744313
v -70.803688 -27.492598 -12.346105
v -66.072090 -30.602297 -10.029204
v -74.022995 -45.216099 -10.448607
v -77.768791 -43.246094 -12.118607
v -64.745094 -33.220898 -4.860745
v -72.491791 -46.776199 -5.832617
v -79.378189 -44.854004 -0.003578
v -79.478088 -45.023098 1.109353
v -83.163788 -42.969898 -1.091577
v -82.336594 -43.189098 -1.850107
v -84.085793 -41.601002 -6.129267
v -83.054588 -42.071899 -6.042836
v -81.993492 -41.677700 -10.554907
v -81.309990 -42.131298 -9.758447
v -77.768791 -43.246094 -12.118607
v -77.840187 -43.429897 -10.996607
v -79.478088 -45.023098 1.109353
v -73.048294 -32.306297 2.532195
v -77.809494 -29.083700 0.059565
v -83.163788 -42.969898 -1.091577
v -81.993492 -41.677700 -10.554907
v -76.226997 -25.866898 -10.029504
v -70.803688 -27.492598 -12.346105
v -77.768791 -43.246094 -12.118607
v -84.085793 -41.601002 -6.129267
v -79.086388 -26.533800 -4.860744
v -77.078293 -39.657700 -4.527657
v -82.336594 -43.189098 -1.850107
v -83.054588 -42.071899 -6.042836
v -81.309990 -42.131298 -9.758447
v -77.840187 -43.429897 -10.996607
v -79.378189 -44.854004 -0.003578
v -77.078293 -39.657700 -4.527657
v -73.474487 -46.365498 -5.735168
v -75.325493 -46.351097 -1.519217
v -74.809990 -45.021698 -9.654668
v -77.840187 -43.429897 -10.996607
v -79.378189 -44.854004 -0.003578
v -81.836693 -39.741898 -11.603706
v -77.299088 -41.457096 -13.211206
v -77.481392 -41.823700 -11.027106
v -80.685692 -40.612598 -9.891827
v -72.945091 -46.167900 -0.091817
v -78.600891 -44.112099 2.480983
v -78.400391 -43.698799 0.054818
v -74.406494 -45.150497 -1.762007
v -72.945091 -46.167900 -0.091817
v -78.600891 -44.112099 2.480983
v -83.818291 -41.125401 -0.315589
v -82.085289 -41.589699 -1.920046
v -78.400391 -43.698799 0.054818
v -78.600891 -44.112099 2.480983
v -84.978088 -39.411003 -6.154896
v -82.903999 -40.378899 -6.043806
v -83.818291 -41.125401 -0.315589
v -70.825790 -45.898899 -5.878428
v -72.909889 -44.960598 -5.848466
v -73.046288 -43.729004 -11.440407
v -74.407288 -43.429501 -9.748866
vt 0.9883 -0.3823
vt 0.8634 -0.3564
vt 0.9900 -0.4500
vt 1.7178 -0.2359
vt 1.7111 -0.2451
vt 1.6798 -0.2029
vt 1.6908 -0.1994
vt 1.6908 -0.1546
vt 1.6798 -0.1509
vt 1.7045 -0.1137
vt 1.7122 -0.1225
vt 1.7517 -0.0937
vt 0.8693 -0.3583
vt 0.8795 -0.2999
vt 0.8736 -0.2980
vt 0.6457 -0.7432
vt 0.6882 -0.7018
vt 0.6823 -0.6998
vt 0.6398 -0.7412
vt 0.6457 -0.7432
vt 0.7266 -0.6581
vt 0.7623 -0.6091
vt 0.7564 -0.6072
vt 0.7207 -0.6561
vt 0.6882 -0.7018
vt 0.9644 -0.6291
vt 0.8014 -0.5420
vt 0.7623 -0.6091
vt 0.8951 -0.7097
vt 0.9883 -0.3823
vt 0.8693 -0.3583
vt 0.8549 -0.4148
vt 0.9900 -0.4500
vt 0.9918 -0.5264
vt 0.8347 -0.4718
vt 0.9913 -0.3173
vt 0.8795 -0.2999
vt 0.6457 -0.7432
vt 0.7196 -0.8303
vt 0.7742 -0.7883
vt 0.6882 -0.7018
vt 0.8311 -0.7514
vt 0.7266 -0.6581
vt 0.6908 -0.1994
vt 0.6798 -0.2029
vt 0.7111 -0.2451
vt 0.7178 -0.2359
vt 0.7122 -0.1225
vt 0.7045 -0.1137
vt 0.6798 -0.1509
vt 0.6908 -0.1546
vt 0.7530 -0.1052
vt 0.7517 -0.0937
vt 0.9787 -0.0925
vt 0.9725 -0.0201
vt 0.8165 -0.0201
vt 0.8134 -0.0726
vt 0.9765 -0.2973
vt 0.9918 -0.2274
vt 0.7925 -0.1667
vt 0.7748 -0.2149
vt 0.9891 -0.1579
vt 0.8046 -0.1238
vt 1.7529 -0.1052
vt 1.8165 -0.0201
vt 1.9724 -0.0201
vt 1.9787 -0.0925
vt 1.8134 -0.0726
vt 1.7925 -0.1667
vt 1.9918 -0.2274
vt 1.9765 -0.2973
vt 1.7748 -0.2149
vt 1.8046 -0.1238
vt 1.9891 -0.1579
vt 1.7604 -0.1775
vt 1.6908 -0.1994
vt 1.6908 -0.1546
vt 1.7122 -0.1225
vt 1.7529 -0.1052
vt 1.7178 -0.2359
vt 0.7604 -0.1775
vt 0.6908 -0.1546
vt 0.6908 -0.1994
vt 0.7122 -0.1225
vt 0.7530 -0.1052
vt 0.7178 -0.2359
vt 0.8014 -0.5420
vt 0.7955 -0.5400
vt 0.8634 -0.3564
vt 0.8693 -0.3583
vt 0.8549 -0.4148
vt 0.8490 -0.4127
vt 0.8347 -0.4718
vt 0.8288 -0.4699
vn 0.3208 -0.9248 -0.2044
vn -0.3987 -0.9007 -0.1726
vn -0.3982 -0.9006 -0.1740
vn -0.3972 -0.9014 -0.1722
vn -0.3975 -0.9013 -0.1722
vn -0.3981 -0.9012 -0.1716
vn -0.4093 -0.8932 -0.1860
vn -0.4112 -0.8924 -0.1859
vn -0.4111 -0.8924 -0.1860
vn -0.4080 -0.8949 -0.1809
vn -0.4079 -0.8949 -0.1808
vn -0.4079 -0.8947 -0.1817
vn -0.4078 -0.8948 -0.1817
vn -0.0057 -0.0378 -0.9992
vn 0.0065 -0.0454 -0.9989
vn -0.6141 0.2332 -0.7540
vn -0.6360 0.2832 -0.7178
vn 0.6522 -0.4210 0.6305
vn 0.6169 -0.3947 0.6809
vn 0.8763 -0.4765 -0.0701
vn 0.8595 -0.5011 -0.1010
vn 0.5942 -0.3538 -0.7223
vn 0.5932 -0.3124 -0.7420
vn 0.3156 -0.2601 0.9125
vn 0.3200 -0.2598 0.9111
vn -0.4196 0.0886 0.9034
vn -0.3921 0.0884 0.9156
vn -0.7181 0.2541 0.6479
vn -0.7115 0.2311 0.6635
vn -0.9163 0.3946 -0.0678
vn -0.9275 0.3661 -0.0751
vn -0.3981 -0.9010 -0.1724
vn -0.3977 -0.9012 -0.1723
vn -0.3975 -0.9012 -0.1726
vn -0.3969 -0.9014 -0.1729
vn -0.3970 -0.9014 -0.1729
vn -0.3946 -0.9024 -0.1729
vn -0.3945 -0.9024 -0.1730
vn 0.6370 -0.4015 0.6580
vn 0.3287 -0.2676 0.9057
vn 0.2925 -0.2264 0.9291
vn 0.5722 -0.3681 0.7328
vn 0.3434 -0.1614 -0.9252
vn 0.5883 -0.2999 -0.7509
vn 0.6207 -0.3198 -0.7158
vn 0.3307 -0.1596 -0.9301
vn 0.8701 -0.4830 -0.0979
vn 0.8694 -0.4938 -0.0174
vn -0.3976 -0.9011 -0.1731
vn -0.3977 -0.9011 -0.1731
vn -0.3986 -0.9007 -0.1726
vn -0.3988 -0.9006 -0.1729
vn -0.3978 -0.9012 -0.1720
vn -0.4498 0.1055 0.8868
vn -0.4031 0.1021 0.9094
vn -0.7232 0.2329 0.6501
vn -0.7334 0.2092 0.6467
vn -0.6418 0.2493 -0.7252
vn -0.6148 0.2468 -0.7490
vn -0.3399 0.1509 -0.9283
vn -0.3047 0.1211 -0.9447
vn -0.9441 0.3220 -0.0702
vn -0.9357 0.3360 -0.1073
vn 0.2231 -0.9682 -0.1129
vn 0.2471 -0.7917 -0.5587
vn 0.3864 -0.9205 -0.0574
vn 0.0786 -0.9243 0.3735
vn -0.1353 -0.8489 0.5109
vn 0.0789 -0.6742 -0.7343
vn -0.7929 -0.5737 -0.2053
vn -0.8834 -0.4533 -0.1184
vn -0.6848 -0.4403 -0.5806
vn -0.7372 -0.6030 0.3048
vn -0.5642 -0.6825 0.4645
vn -0.4552 -0.4614 -0.7614
vn -0.4059 -0.8955 -0.1825
vn -0.4015 -0.8976 -0.1815
vn -0.3989 -0.8983 -0.1841
vn -0.4060 -0.8955 -0.1825
vn -0.4073 -0.8937 -0.1880
vn -0.4070 -0.8938 -0.1883
vn -0.4054 -0.8944 -0.1887
vn -0.4071 -0.8937 -0.1883
vn -0.4133 -0.8931 -0.1773
vn -0.4152 -0.8919 -0.1791
usemtl mesh_6_material
s off
f 1778/1760/1650 1779/1761/1650 1780/1762/1650
f 1801/1763/1651 1802/1764/1651 1803/1765/1651
f 1803/1765/1652 1804/1766/1652 1801/1763/1652
f 1806/1767/1653 1805/1768/1653 1807/1769/1653
f 1807/1769/1654 1808/1770/1654 1806/1767/1654
f 1808/1770/1655 1807/1769/1655 1809/1771/1655
f 1837/1772/1656 1838/1773/1656 1839/1774/1656
f 1842/1775/1657 1843/1776/1657 1844/1777/1657
f 1844/1777/1658 1845/1778/1658 1846/1779/1658
f 1847/1780/1659 1833/1781/1659 1836/1782/1659
f 1836/1782/1660 1848/1783/1660 1847/1780/1660
f 1848/1783/1661 1844/1777/1661 1843/1776/1661
f 1849/1784/1662 1847/1780/1662 1848/1783/1662
s 1
f 1760/1785/1663 1761/1786/1664 1762/1787/1665
f 1762/1787/1665 1763/1788/1666 1760/1785/1663
f 1764/1789/1667 1765/1790/1668 1766/1791/1669
f 1766/1791/1669 1767/1792/1670 1764/1789/1667
f 1761/1786/1664 1760/1785/1663 1768/1793/1671
f 1768/1793/1671 1769/1794/1672 1761/1786/1664
f 1769/1794/1672 1768/1793/1671 1767/1792/1670
f 1767/1792/1670 1766/1791/1669 1769/1794/1672
f 1765/1790/1668 1764/1789/1667 1770/1795/1673
f 1770/1795/1673 1771/1796/1674 1765/1790/1668
f 1772/1797/1675 1773/1798/1676 1774/1799/1677
f 1774/1799/1677 1775/1800/1678 1772/1797/1675
f 1775/1800/1678 1774/1799/1677 1776/1801/1679
f 1777/1802/1680 1776/1801/1679 1763/1788/1666
f 1763/1788/1666 1762/1787/1665 1777/1802/1680
f 1776/1801/1679 1777/1802/1680 1775/1800/1678
f 1781/1803/1681 1782/1804/1682 1783/1805/1683
f 1783/1805/1683 1784/1806/1683 1781/1803/1681
f 1785/1807/1684 1786/1808/1685 1787/1809/1686
f 1787/1809/1686 1788/1810/1687 1785/1807/1684
f 1782/1804/1682 1781/1803/1681 1788/1810/1687
f 1788/1810/1687 1787/1809/1686 1782/1804/1682
f 1786/1808/1685 1785/1807/1684 1789/1811/1685
f 1789/1811/1685 1790/1812/1685 1786/1808/1685
f 1791/1813/1688 1792/1814/1689 1793/1815/1690
f 1793/1815/1690 1794/1816/1691 1791/1813/1688
f 1795/1817/1692 1796/1818/1693 1797/1819/1694
f 1797/1819/1694 1798/1820/1695 1795/1817/1692
f 1799/1821/1696 1791/1813/1688 1794/1816/1691
f 1800/1822/1697 1797/1819/1694 1796/1818/1693
f 1796/1818/1693 1799/1821/1696 1800/1822/1697
f 1794/1816/1691 1800/1822/1697 1799/1821/1696
f 1805/1768/1653 1806/1767/1653 1804/1766/1698
f 1804/1766/1698 1803/1765/1699 1805/1768/1653
f 1809/1771/1700 1810/1823/1701 1808/1770/1702
f 1811/1824/1703 1812/1825/1704 1813/1826/1705
f 1813/1826/1705 1814/1827/1706 1811/1824/1703
f 1815/1828/1707 1816/1829/1708 1817/1830/1709
f 1817/1830/1709 1818/1831/1710 1815/1828/1707
f 1816/1829/1708 1815/1828/1707 1819/1832/1711
f 1814/1827/1706 1813/1826/1705 1820/1833/1712
f 1820/1833/1712 1819/1832/1711 1814/1827/1706
f 1819/1832/1711 1820/1833/1712 1816/1829/1708
f 1821/1834/1713 1822/1835/1714 1823/1836/1715
f 1821/1834/1713 1823/1836/1715 1824/1837/1716
f 1821/1834/1713 1824/1837/1716 1825/1838/1717
f 1821/1834/1713 1826/1839/1718 1822/1835/1714
f 1827/1840/1719 1828/1841/1720 1829/1842/1721
f 1827/1840/1719 1830/1843/1722 1828/1841/1720
f 1827/1840/1719 1831/1844/1723 1830/1843/1722
f 1827/1840/1719 1829/1842/1721 1832/1845/1724
f 1833/1781/1725 1834/1846/1726 1835/1847/1727
f 1835/1847/1727 1836/1782/1728 1833/1781/1725
f 1839/1774/1656 1840/1848/1729 1841/1849/1730
f 1850/1850/1731 1841/1849/1730 1840/1848/1729
f 1840/1848/1729 1851/1851/1732 1850/1850/1731
f 1852/1852/1733 1850/1850/1731 1851/1851/1732
f 1834/1846/1726 1852/1852/1733 1853/1853/1734
f 1851/1851/1732 1853/1853/1734 1852/1852/1733
f 1853/1853/1734 1835/1847/1727 1834/1846/1726
o C01_HandBase_Ch
v 63.536407 -12.784802 4.450937
v 62.505505 -17.986403 6.538676
v 64.208504 -17.478203 6.121816
v 59.592205 -17.614304 8.246556
v 61.900707 -22.791304 7.033655
v 67.437408 -21.516500 3.962676
v 66.766708 -17.991901 3.501987
v 59.704605 -20.353802 4.489266
v 60.322407 -22.832804 9.189545
v 63.536407 -12.784802 4.450937
v 68.996902 -21.232901 2.320276
v 58.171009 -22.778204 8.735245
v 61.188705 -23.168602 5.376555
v 61.169605 -27.523304 4.978674
v 66.003105 -15.537401 1.763517
v 68.833206 -25.858103 3.754745
v 70.734909 -25.797203 2.539025
v 67.541702 -18.084501 0.033239
v 68.527306 -21.738802 0.038703
v 60.345505 -8.682451 5.465128
v 64.295807 -22.899601 3.294625
v 60.127605 -28.917206 7.001544
v 61.037010 -28.616007 7.069334
v 58.171009 -22.778204 8.735245
v 62.097507 -27.491505 6.109235
v 69.971504 -30.685303 3.758084
v 69.507507 -21.291201 -2.265173
v 67.757011 -17.274902 -3.834122
v 67.036011 -15.797300 -3.364272
v 57.846012 -18.265703 8.231836
v 59.704605 -20.353802 4.489266
v 69.390503 -25.895903 0.897532
v 67.437408 -21.516500 3.962676
v 71.017609 -30.974804 2.320965
v 67.002106 -16.346300 -7.727592
v 70.864906 -26.454504 -2.462214
v 68.662804 -21.388401 -4.543013
v 60.345505 -8.682451 5.465128
v 56.074207 -11.761202 4.242678
v 69.314903 -26.222504 -1.378644
v 67.153809 -26.542704 3.106805
v 68.833206 -25.858103 3.754745
v 70.660606 -35.442604 2.550704
v 70.152008 -35.304100 3.158253
v 69.738808 -30.755102 1.063195
v 65.536903 -14.227901 -8.277581
v 69.354805 -20.436100 -6.442632
v 69.175705 -25.719704 -3.791054
v 60.131905 -6.684361 -0.100544
v 66.980705 -26.612103 1.068355
v 69.169502 -30.578302 -1.931105
v 67.065704 -26.918203 -1.907394
v 68.168015 -30.627403 3.315604
v 68.766907 -34.668404 3.120744
v 70.282104 -35.307098 1.886114
v 65.826012 -16.089399 -9.735822
v 70.864906 -26.454504 -2.462214
v 68.688705 -25.191204 -4.962024
v 70.132309 -25.535202 -6.055093
v 65.376602 -22.617701 -4.670303
v 68.662804 -21.388401 -4.543013
v 55.646904 -8.281281 -0.454097
v 65.012009 -23.130701 -0.713415
v 67.931305 -30.738203 1.235205
v 69.971504 -30.685303 3.758084
v 67.931305 -30.738203 1.235205
v 62.967205 -12.175500 -9.529611
v 67.221504 -18.782499 -10.835502
v 70.063507 -29.926304 -5.685394
v 70.871704 -31.176702 -3.149165
v 66.537804 -26.682604 -3.586744
v 65.376602 -22.617701 -4.670303
v 65.012009 -23.130701 -0.713415
v 68.783104 -34.773903 1.503594
v 62.735607 -18.123199 -9.923512
v 68.643303 -19.773600 -9.689642
v 69.047409 -29.705801 -7.060874
v 70.132309 -25.535202 -6.055093
v 67.615807 -30.411102 -2.012275
v 69.462303 -35.516098 -3.314006
v 69.056602 -35.178101 -3.973405
v 66.984604 -25.683603 -5.324294
v 69.412506 -30.536404 -4.343854
v 59.588905 -12.996400 -9.417850
v 64.428108 -20.504799 -10.406202
v 68.089706 -20.582600 -8.184382
v 67.002106 -16.346300 -7.727592
v 68.932304 -29.710302 -4.590514
v 68.736305 -24.864201 -7.454273
v 69.077904 -35.241203 -2.741176
v 69.412506 -30.536404 -4.343854
v 67.293709 -29.751404 -4.787934
v 67.112007 -30.341703 -4.003394
v 67.947403 -34.645302 -4.165475
v 59.914608 -6.231260 -6.676200
v 67.402504 -23.776800 -10.850503
v 65.464905 -24.312801 -9.903883
v 69.244804 -24.614801 -10.051403
v 69.850609 -33.590004 -5.468235
v 69.480003 -33.925804 -6.353684
v 69.354805 -20.436100 -6.442632
v 68.002014 -34.757500 -2.490756
v 67.947403 -34.645302 -4.165475
v 69.291008 -33.847404 -4.687895
v 67.874008 -33.465202 -4.654655
v 56.352608 -8.261400 -6.773680
v 67.589409 -27.566801 -10.700104
v 68.669403 -27.785902 -10.059903
v 66.586708 -25.671701 -7.029213
v 68.736305 -24.864201 -7.454273
v 68.643303 -19.773600 -9.689642
v 68.159805 -27.679901 -8.861343
v 68.047707 -31.915901 -9.916244
v 68.063011 -24.294201 -8.536062
v 67.165810 -29.752401 -6.946994
v 68.089706 -20.582600 -8.184382
v 68.089706 -20.582600 -8.184382
v 66.148804 -27.881601 -10.165903
v 66.730804 -27.763002 -8.458493
v 67.768105 -31.745602 -9.160984
v 69.047409 -29.705801 -7.060874
v 67.845505 -33.527802 -6.629134
v 65.108604 -21.459599 -7.910082
v 67.488014 -31.741003 -10.336004
v 66.633209 -31.318003 -10.399604
v 67.015305 -31.343700 -8.843594
v 69.047409 -29.705801 -7.060874
v 69.480003 -33.925804 -6.353684
v 66.133102 -24.634602 -8.370672
v 68.002014 -34.757500 -2.490756
v 67.615807 -30.411102 -2.012275
v 67.947403 -34.645302 -4.165475
v 67.112007 -30.341703 -4.003394
v 67.065704 -26.918203 -1.907394
v 66.537804 -26.682604 -3.586744
v 65.376602 -22.617701 -4.670303
v 65.012009 -23.130701 -0.713415
v 66.980705 -26.612103 1.068355
v 67.153809 -26.542704 3.106805
v 65.108604 -21.459599 -7.910082
v 66.984604 -25.683603 -5.324294
v 64.295807 -22.899601 3.294625
v 67.931305 -30.738203 1.235205
v 60.470207 -19.241600 -6.105792
v 67.165810 -29.752401 -6.946994
v 67.293709 -29.751404 -4.787934
v 59.780704 -20.753002 -0.888130
v 59.704605 -20.353802 4.489266
v 68.168015 -30.627403 3.315604
v 62.735607 -18.123199 -9.923512
v 64.428108 -20.504799 -10.406202
v 66.586708 -25.671701 -7.029213
v 67.845505 -33.527802 -6.629134
v 67.874008 -33.465202 -4.654655
v 61.188705 -23.168602 5.376555
v 57.700008 -23.565304 7.094775
v 57.341305 -13.351400 -5.759662
v 68.783104 -34.773903 1.503594
v 66.133102 -24.634602 -8.370672
v 65.464905 -24.312801 -9.903883
v 57.700008 -23.565304 7.094775
v 57.490005 -19.384502 6.134115
v 59.757607 -28.756504 6.228114
v 55.573803 -14.392801 -1.182382
v 68.766907 -34.668404 3.120744
v 59.588905 -12.996400 -9.417850
v 66.730804 -27.763002 -8.458493
v 66.148804 -27.881601 -10.165903
v 61.169605 -27.523304 4.978674
v 58.171009 -22.778204 8.735245
v 57.846012 -18.265703 8.231836
v 56.352608 -8.261400 -6.773680
v 66.633209 -31.318003 -10.399604
v 60.127605 -28.917206 7.001544
v 56.074207 -11.761202 4.242678
v 55.646904 -8.281281 -0.454097
v 59.914608 -6.231260 -6.676200
v 67.015305 -31.343700 -8.843594
v 57.846012 -18.265703 8.231836
v 60.131905 -6.684361 -0.100544
v 70.152008 -35.304100 3.158253
v 68.766907 -34.668404 3.120744
v 68.783104 -34.773903 1.503594
v 70.282104 -35.307098 1.886114
v 70.152008 -35.304100 3.158253
v 70.660606 -35.442604 2.550704
v 67.015305 -31.343700 -8.843594
v 66.633209 -31.318003 -10.399604
v 67.768105 -31.745602 -9.160984
v 67.488014 -31.741003 -10.336004
v 68.047707 -31.915901 -9.916244
v 67.768105 -31.745602 -9.160984
v 66.633209 -31.318003 -10.399604
v 68.002014 -34.757500 -2.490756
v 67.947403 -34.645302 -4.165475
v 69.077904 -35.241203 -2.741176
v 69.056602 -35.178101 -3.973405
v 69.462303 -35.516098 -3.314006
v 67.874008 -33.465202 -4.654655
v 67.845505 -33.527802 -6.629134
v 69.291008 -33.847404 -4.687895
v 69.480003 -33.925804 -6.353684
v 69.850609 -33.590004 -5.468235
v 69.291008 -33.847404 -4.687895
v 61.169605 -27.523304 4.978674
v 62.097507 -27.491505 6.109235
v 59.757607 -28.756504 6.228114
v 61.037010 -28.616007 7.069334
v 60.127605 -28.917206 7.001544
v 59.602707 -6.132722 4.820068
v 60.131905 -6.684361 -0.100544
v 60.345505 -8.682451 5.465128
v 59.914608 -6.231260 -6.676200
v 59.418106 -5.584389 -9.444180
v 62.967205 -12.175500 -9.529611
vt 0.6540 -0.5300
vt 0.6297 -0.5008
vt 0.6565 -0.4968
vt 0.6139 -0.5159
vt 0.5995 -0.4889
vt 0.6798 -0.4767
vt 0.6789 -0.4999
vt 0.6223 -0.4780
vt 0.5924 -0.4995
vt 0.6540 -0.5300
vt 0.6967 -0.4737
vt 0.5892 -0.5076
vt 0.5997 -0.4789
vt 0.5803 -0.4788
vt 0.6815 -0.5208
vt 0.6827 -0.4472
vt 0.6927 -0.4445
vt 0.7038 -0.5083
vt 0.7143 -0.4818
vt 0.6361 -0.5527
vt 0.6604 -0.4675
vt 0.5729 -0.4890
vt 0.5766 -0.4872
vt 0.5892 -0.5076
vt 0.5821 -0.4842
vt 0.6832 -0.4259
vt 0.7377 -0.4900
vt 0.7263 -0.5294
vt 0.7158 -0.5371
vt 0.6052 -0.5212
vt 0.6223 -0.4780
vt 0.7017 -0.4446
vt 0.6798 -0.4767
vt 0.6892 -0.4238
vt 0.7420 -0.5555
vt 0.7539 -0.4546
vt 0.7495 -0.5067
vt 0.6361 -0.5527
vt 0.6118 -0.5497
vt 0.7457 -0.4523
vt 0.6759 -0.4456
vt 0.6827 -0.4472
vt 0.6869 -0.4135
vt 0.6847 -0.4129
vt 0.6955 -0.4231
vt 0.7326 -0.5713
vt 0.7659 -0.5196
vt 0.7606 -0.4607
vt 0.6307 -0.5722
vt 0.7090 -0.4380
vt 0.7560 -0.4386
vt 0.7406 -0.4417
vt 0.6755 -0.4258
vt 0.6808 -0.4078
vt 0.6888 -0.4119
vt 0.7477 -0.5702
vt 0.7539 -0.4546
vt 0.7935 -0.4952
vt 0.7987 -0.5018
vt 0.7804 -0.4768
vt 0.7495 -0.5067
vt 0.6106 -0.5707
vt 0.7248 -0.4398
vt 0.7017 -0.4211
vt 0.6832 -0.4259
vt 0.7017 -0.4211
vt 0.7296 -0.5914
vt 0.7695 -0.5622
vt 0.8129 -0.4943
vt 0.7613 -0.4408
vt 0.7713 -0.4588
vt 0.7804 -0.4768
vt 0.7248 -0.4398
vt 0.6911 -0.4077
vt 0.7602 -0.5868
vt 0.7741 -0.5519
vt 0.8151 -0.4999
vt 0.7987 -0.5018
vt 0.7514 -0.4337
vt 0.7655 -0.4328
vt 0.7677 -0.4326
vt 0.7951 -0.4867
vt 0.7664 -0.4445
vt 0.7369 -0.6068
vt 0.7716 -0.5796
vt 0.7678 -0.5370
vt 0.7420 -0.5555
vt 0.8106 -0.4898
vt 0.8007 -0.5104
vt 0.7645 -0.4313
vt 0.7664 -0.4445
vt 0.8093 -0.4840
vt 0.7727 -0.4456
vt 0.7721 -0.4312
vt 0.7062 -0.6182
vt 0.7947 -0.5683
vt 0.7913 -0.5774
vt 0.8012 -0.5631
vt 0.8209 -0.4903
vt 0.8227 -0.4914
vt 0.7659 -0.5196
vt 0.7643 -0.4249
vt 0.7721 -0.4312
vt 0.8212 -0.4886
vt 0.8249 -0.4831
vt 0.7148 -0.6319
vt 0.8100 -0.5741
vt 0.8127 -0.5697
vt 0.8094 -0.5145
vt 0.8007 -0.5104
vt 0.7741 -0.5519
vt 0.8152 -0.5654
vt 0.8229 -0.5755
vt 0.8032 -0.5552
vt 0.8194 -0.5048
vt 0.7678 -0.5370
vt 0.7678 -0.5370
vt 0.8089 -0.5814
vt 0.8194 -0.5609
vt 0.8246 -0.5743
vt 0.8151 -0.4999
vt 0.8286 -0.4931
vt 0.8051 -0.5347
vt 0.8233 -0.5778
vt 0.8244 -0.5834
vt 0.8302 -0.5733
vt 0.8151 -0.4999
vt 0.8227 -0.4914
vt 0.8084 -0.5487
vt 0.4036 -0.7792
vt 0.3848 -0.7898
vt 0.3988 -0.7702
vt 0.3792 -0.7793
vt 0.3682 -0.7973
vt 0.3629 -0.7873
vt 0.3338 -0.7949
vt 0.3428 -0.8161
vt 0.3731 -0.8101
vt 0.3773 -0.8218
vt 0.3191 -0.7774
vt 0.3545 -0.7770
vt 0.3499 -0.8344
vt 0.3931 -0.8025
vt 0.3064 -0.7994
vt 0.3636 -0.7577
vt 0.3708 -0.7661
vt 0.3207 -0.8269
vt 0.3212 -0.8632
vt 0.3973 -0.8120
vt 0.2993 -0.7783
vt 0.3120 -0.7709
vt 0.3476 -0.7677
vt 0.3805 -0.7460
vt 0.3868 -0.7538
vt 0.3369 -0.8828
vt 0.3255 -0.8940
vt 0.2757 -0.8120
vt 0.4130 -0.7949
vt 0.3371 -0.7650
vt 0.3299 -0.7573
vt 0.3255 -0.8940
vt 0.3087 -0.8773
vt 0.3469 -0.9102
vt 0.2848 -0.8357
vt 0.4165 -0.8023
vt 0.2718 -0.7912
vt 0.3522 -0.7518
vt 0.3461 -0.7437
vt 0.3521 -0.8996
vt 0.3174 -0.8991
vt 0.3003 -0.8839
vt 0.2489 -0.8168
vt 0.3592 -0.7307
vt 0.3453 -0.9143
vt 0.2731 -0.8648
vt 0.2560 -0.8470
vt 0.2290 -0.8203
vt 0.3657 -0.7389
vt 0.3003 -0.8839
vt 0.2326 -0.8518
vt 0.6847 -0.4129
vt 0.6808 -0.4078
vt 0.6911 -0.4077
vt 0.6888 -0.4119
vt 0.6847 -0.4129
vt 0.6869 -0.4135
vt 0.8302 -0.5733
vt 0.8244 -0.5834
vt 0.8246 -0.5743
vt 0.8233 -0.5778
vt 0.8229 -0.5755
vt 0.8246 -0.5743
vt 0.8244 -0.5834
vt 0.7643 -0.4249
vt 0.7721 -0.4312
vt 0.7645 -0.4313
vt 0.7677 -0.4326
vt 0.7655 -0.4328
vt 0.8249 -0.4831
vt 0.8286 -0.4931
vt 0.8212 -0.4886
vt 0.8227 -0.4914
vt 0.8209 -0.4903
vt 0.8212 -0.4886
vt 0.5803 -0.4788
vt 0.5821 -0.4842
vt 0.5716 -0.4848
vt 0.5766 -0.4872
vt 0.5729 -0.4890
vt 0.6157 -0.6117
vt 0.6319 -0.6254
vt 0.6075 -0.6203
vt 0.6582 -0.6405
vt 0.6720 -0.6478
vt 0.6520 -0.6765
vn 0.1234 0.3485 0.9291
vn 0.6060 -0.2274 0.7623
vn 0.3912 0.0152 0.9202
vn 0.1691 0.2565 0.9516
vn 0.9910 0.0623 0.1180
vn 0.5444 0.0420 0.8378
vn 0.8095 0.3666 0.4585
vn 0.7851 -0.1580 -0.5987
vn 0.3289 -0.0393 0.9435
vn 0.6362 0.2857 0.7166
vn 0.9207 0.3178 0.2264
vn -0.1570 0.1082 0.9816
vn 0.8905 0.1709 -0.4216
vn 0.8037 0.1281 -0.5810
vn 0.8678 0.4415 0.2279
vn 0.4259 0.0920 0.9001
vn 0.9687 0.2117 0.1293
vn 0.8966 0.4181 0.1460
vn 0.9973 0.0359 0.0641
vn 0.5296 0.2175 0.8198
vn -0.0769 -0.3445 0.9356
vn 0.0165 -0.2668 0.9636
vn 0.3193 -0.2509 0.9138
vn -0.2015 -0.3590 0.9113
vn 0.9965 -0.0024 0.0835
vn 0.7738 0.0122 0.6333
vn 0.9658 0.2502 0.0685
vn 0.9098 0.4134 0.0367
vn 0.8975 0.4373 0.0569
vn -0.1119 0.2783 0.9539
vn -0.0259 -0.4625 0.8862
vn 0.4592 0.0186 -0.8881
vn -0.1646 -0.0999 0.9813
vn 0.9962 -0.0130 -0.0854
vn 0.8272 0.5058 -0.2445
vn 0.9787 0.0143 -0.2047
vn 0.9712 0.1088 0.2118
vn -0.5882 0.6012 0.5410
vn -0.4772 0.5494 0.6858
vn 0.3057 -0.1203 0.9445
vn -0.3024 -0.1491 0.9414
vn -0.2954 -0.1278 0.9468
vn 0.9910 -0.0868 0.1013
vn 0.4863 -0.0729 0.8708
vn 0.3233 -0.0694 -0.9437
vn 0.7582 0.5193 -0.3942
vn 0.9674 0.2375 0.0879
vn 0.3362 -0.0412 -0.9409
vn -0.4655 0.7600 0.4534
vn 0.0450 -0.1545 -0.9869
vn 0.2439 -0.1432 0.9592
vn -0.1382 -0.2277 0.9639
vn -0.2392 -0.0817 0.9675
vn -0.0526 -0.0559 0.9970
vn 0.6328 -0.0871 -0.7693
vn 0.4392 0.3960 -0.8064
vn 0.5809 0.1220 0.8048
vn 0.3104 0.0137 0.9505
vn 0.6156 0.0989 0.7818
vn 0.0453 -0.3446 -0.9376
vn 0.0975 -0.1590 -0.9824
vn -0.3128 0.7493 0.5836
vn 0.3084 -0.2893 -0.9062
vn -0.0950 -0.0407 -0.9946
vn -0.2401 -0.0990 0.9657
vn -0.0357 -0.1272 -0.9912
vn 0.0303 0.2497 -0.9678
vn 0.3298 0.3157 -0.8897
vn 0.9951 0.0004 0.0987
vn 0.9884 -0.1499 0.0228
vn -0.0592 -0.0612 -0.9964
vn 0.0024 -0.1095 0.9940
vn -0.0881 -0.3252 0.9415
vn 0.2428 -0.0132 -0.9700
vn -0.0285 0.1160 -0.9928
vn 0.9149 0.3895 -0.1061
vn 0.5528 -0.0458 -0.8320
vn 0.7312 -0.0081 -0.6821
vn -0.0457 -0.0905 0.9948
vn 0.9685 -0.2437 0.0512
vn 0.5465 -0.1717 -0.8196
vn -0.1849 -0.0807 0.9794
vn -0.1371 0.0552 -0.9890
vn -0.1075 0.2582 -0.9601
vn -0.1083 0.0150 -0.9940
vn 0.9241 0.1933 -0.3296
vn 0.8871 0.1820 0.4241
vn 0.3191 0.0426 0.9467
vn 0.7045 -0.0138 -0.7096
vn 0.6001 -0.1257 0.7899
vn 0.6066 0.0175 -0.7948
vn -0.1199 0.0357 0.9921
vn -0.1415 0.0568 -0.9883
vn -0.1456 0.0090 -0.9893
vn -0.1685 0.3771 -0.9107
vn 0.0098 0.0150 -0.9998
vn -0.3575 -0.0525 -0.9324
vn 0.9690 -0.0495 -0.2419
vn 0.9875 -0.0170 0.1568
vn 0.9004 -0.0593 -0.4310
vn 0.8035 0.0776 -0.5902
vn 0.1867 -0.0911 0.9782
vn 0.1284 -0.0887 -0.9877
vn 0.4716 0.0429 0.8807
vn 0.0345 0.0412 0.9985
vn -0.1898 0.3766 -0.9067
vn 0.0846 -0.0475 -0.9953
vn 0.9466 -0.1214 -0.2986
vn -0.1136 -0.1317 -0.9847
vn -0.1388 -0.1460 -0.9795
vn 0.9349 0.0627 -0.3493
vn 0.6702 -0.0837 0.7374
vn 0.9508 -0.1475 -0.2724
vn 0.4952 -0.0835 0.8648
vn -0.0588 -0.0586 -0.9965
vn 0.6564 -0.7150 0.2406
vn 0.9193 0.0855 0.3840
vn -0.3493 0.0083 -0.9370
vn 0.2481 -0.0765 0.9657
vn 0.7535 -0.1111 0.6479
vn -0.0578 -0.0941 -0.9939
vn 0.0840 -0.1379 -0.9869
vn 0.2672 -0.9632 0.0279
vn 0.3731 -0.1054 -0.9218
vn -0.0417 -0.0692 -0.9967
vn 0.3545 -0.0721 0.9322
vn 0.1284 -0.1511 -0.9801
vn 0.0963 -0.0631 0.9933
vn -0.9955 -0.0913 0.0263
vn -0.9634 -0.1643 0.2118
vn -0.9892 -0.1202 0.0841
vn -0.9539 -0.1791 0.2409
vn -0.9536 -0.2488 0.1692
vn -0.9439 -0.1899 0.2701
vn -0.7439 -0.6542 -0.1361
vn -0.6650 -0.7371 -0.1200
vn -0.9304 -0.3551 0.0911
vn -0.9213 -0.3861 0.0469
vn -0.8024 -0.5869 -0.1079
vn -0.9625 -0.2348 0.1357
vn -0.5981 -0.8006 -0.0346
vn -0.9698 -0.2137 0.1170
vn -0.6883 -0.6178 -0.3800
vn -0.9886 -0.1268 0.0809
vn -0.9913 -0.1203 0.0525
vn -0.6483 -0.7476 -0.1441
vn -0.6441 -0.6545 -0.3959
vn -0.9718 -0.2098 0.1074
vn -0.6953 -0.5599 -0.4506
vn -0.8730 -0.4819 0.0746
vn -0.9512 -0.2156 0.2205
vn -0.9866 -0.1598 0.0320
vn -0.9879 -0.1537 0.0191
vn -0.4435 -0.2204 -0.8687
vn -0.9444 -0.2932 -0.1488
vn -0.8282 -0.3455 -0.4411
vn -0.9861 -0.1622 0.0365
vn -0.9228 -0.2145 0.3200
vn -0.9147 -0.1970 0.3528
vn -0.6395 -0.2025 -0.7416
vn -0.9560 -0.2622 -0.1317
vn -0.9365 -0.2693 -0.2246
vn -0.9434 -0.2984 -0.1446
vn -0.9892 -0.1466 -0.0003
vn -0.7776 -0.3438 -0.5264
vn -0.9318 -0.1697 0.3209
vn -0.9279 -0.1762 0.3285
vn -0.6940 0.0685 -0.7167
vn -0.9261 -0.1591 0.3422
vn -0.9778 -0.0410 0.2057
vn -0.8967 0.3570 -0.2616
vn -0.9575 -0.1175 0.2634
vn -0.8524 -0.3927 0.3451
vn -0.9854 -0.0983 0.1386
vn -0.9061 0.4231 -0.0053
vn -0.4329 0.9014 0.0000
vn -0.9664 -0.1021 0.2356
vn -0.9724 -0.1617 0.1681
vn -0.3398 0.9374 0.0758
vn -0.4177 -0.9069 0.0550
vn -0.3785 -0.9254 0.0166
vn -0.3185 -0.9474 -0.0303
vn -0.3131 -0.9492 -0.0298
vn -0.2934 -0.9556 -0.0277
vn -0.4382 -0.8941 0.0928
vn -0.4083 -0.9085 0.0885
vn -0.4208 -0.9020 0.0967
vn -0.3516 -0.9327 0.0801
vn -0.4473 -0.8884 0.1031
vn -0.4187 -0.9069 -0.0471
vn -0.4230 -0.9051 -0.0429
vn -0.4804 -0.8761 -0.0399
vn -0.4776 -0.8778 -0.0367
vn -0.6106 -0.7913 -0.0300
vn -0.2595 -0.9651 0.0343
vn -0.2487 -0.9682 0.0258
vn -0.2505 -0.9677 0.0272
vn -0.0402 -0.9983 0.0424
vn 0.5270 -0.8440 0.0995
vn 0.4351 -0.8362 -0.3336
vn 0.4230 -0.8190 -0.3876
vn 0.3862 -0.8357 -0.3902
vn 0.3820 -0.8096 -0.4457
vn 0.3186 -0.8861 -0.3365
vn -0.9529 -0.2951 -0.0694
vn -0.8792 -0.4740 0.0469
usemtl mesh_2_material
s 1
f 1854/1854/1735 1855/1855/1736 1856/1856/1737
f 1855/1855/1736 1857/1857/1738 1858/1858/1739
f 1856/1856/1737 1859/1859/1740 1860/1860/1741
f 1855/1855/1736 1858/1858/1739 1861/1861/1742
f 1855/1855/1736 1861/1861/1742 1856/1856/1737
f 1857/1857/1738 1862/1862/1743 1858/1858/1739
f 1856/1856/1737 1860/1860/1741 1863/1863/1744
f 1859/1859/1740 1864/1864/1745 1860/1860/1741
f 1857/1857/1738 1865/1865/1746 1862/1862/1743
f 1866/1866/1747 1861/1861/1742 1858/1858/1739
f 1858/1858/1739 1867/1867/1748 1866/1866/1747
f 1863/1863/1744 1860/1860/1741 1868/1868/1749
f 1859/1859/1740 1869/1869/1750 1870/1870/1751
f 1859/1859/1740 1870/1870/1751 1864/1864/1745
f 1860/1860/1741 1871/1871/1752 1868/1868/1749
f 1860/1860/1741 1864/1864/1745 1871/1871/1752
f 1864/1864/1745 1872/1872/1753 1871/1871/1752
f 1873/1873/1754 1857/1857/1738 1855/1855/1736
f 1855/1855/1736 1863/1863/1744 1873/1873/1754
f 1856/1856/1737 1874/1874/1755 1859/1859/1740
f 1865/1865/1746 1875/1875/1756 1876/1876/1757
f 1862/1862/1743 1877/1877/1758 1876/1876/1757
f 1878/1878/1759 1858/1858/1739 1862/1862/1743
f 1862/1862/1743 1876/1876/1757 1878/1878/1759
f 1867/1867/1748 1858/1858/1739 1878/1878/1759
f 1869/1869/1750 1879/1879/1760 1870/1870/1751
f 1872/1872/1753 1880/1880/1761 1871/1871/1752
f 1871/1871/1752 1880/1880/1761 1881/1881/1762
f 1871/1871/1752 1881/1881/1762 1868/1868/1749
f 1868/1868/1749 1881/1881/1762 1882/1882/1763
f 1857/1857/1738 1883/1883/1764 1865/1865/1746
f 1856/1856/1737 1884/1884/1765 1874/1874/1755
f 1864/1864/1745 1885/1885/1766 1872/1872/1753
f 1864/1864/1745 1870/1870/1751 1885/1885/1766
f 1869/1869/1750 1886/1886/1767 1874/1874/1755
f 1870/1870/1751 1887/1887/1768 1885/1885/1766
f 1879/1879/1760 1887/1887/1768 1870/1870/1751
f 1882/1882/1763 1881/1881/1762 1888/1888/1769
f 1880/1880/1761 1889/1889/1770 1890/1890/1771
f 1881/1881/1762 1880/1880/1761 1890/1890/1771
f 1857/1857/1738 1891/1891/1772 1892/1892/1773
f 1857/1857/1738 1892/1892/1773 1883/1883/1764
f 1872/1872/1753 1893/1893/1774 1880/1880/1761
f 1874/1874/1755 1894/1894/1775 1895/1895/1776
f 1879/1879/1760 1896/1896/1777 1887/1887/1768
f 1879/1879/1760 1897/1897/1778 1896/1896/1777
f 1885/1885/1766 1887/1887/1768 1898/1898/1779
f 1882/1882/1763 1888/1888/1769 1899/1899/1780
f 1881/1881/1762 1900/1900/1781 1888/1888/1769
f 1881/1881/1762 1890/1890/1771 1900/1900/1781
f 1889/1889/1770 1901/1901/1782 1890/1890/1771
f 1891/1891/1772 1902/1902/1783 1892/1892/1773
f 1872/1872/1753 1885/1885/1766 1903/1903/1784
f 1889/1889/1770 1893/1893/1774 1904/1904/1785
f 1893/1893/1774 1905/1905/1786 1904/1904/1785
f 1894/1894/1775 1906/1906/1787 1895/1895/1776
f 1897/1897/1778 1906/1906/1787 1907/1907/1788
f 1896/1896/1777 1908/1908/1789 1887/1887/1768
f 1887/1887/1768 1908/1908/1789 1898/1898/1779
f 1899/1899/1780 1888/1888/1769 1909/1909/1790
f 1880/1880/1761 1893/1893/1774 1910/1910/1791
f 1890/1890/1771 1911/1911/1792 1900/1900/1781
f 1900/1900/1781 1911/1911/1792 1912/1912/1793
f 1901/1901/1782 1913/1913/1794 1914/1914/1795
f 1902/1902/1783 1915/1915/1796 1892/1892/1773
f 1872/1872/1753 1903/1903/1784 1916/1916/1797
f 1885/1885/1766 1898/1898/1779 1917/1917/1798
f 1918/1918/1799 1906/1906/1787 1897/1897/1778
f 1895/1895/1776 1906/1906/1787 1918/1918/1799
f 1903/1903/1784 1885/1885/1766 1919/1919/1800
f 1908/1908/1789 1919/1919/1800 1898/1898/1779
f 1899/1899/1780 1909/1909/1790 1920/1920/1801
f 1888/1888/1769 1921/1921/1802 1909/1909/1790
f 1912/1912/1793 1911/1911/1792 1922/1922/1803
f 1889/1889/1770 1923/1923/1804 1901/1901/1782
f 1889/1889/1770 1904/1904/1785 1923/1923/1804
f 1913/1913/1794 1901/1901/1782 1924/1924/1805
f 1890/1890/1771 1925/1925/1806 1911/1911/1792
f 1872/1872/1753 1926/1926/1807 1893/1893/1774
f 1905/1905/1786 1893/1893/1774 1926/1926/1807
f 1908/1908/1789 1927/1927/1808 1919/1919/1800
f 1920/1920/1801 1909/1909/1790 1928/1928/1809
f 1888/1888/1769 1929/1929/1810 1921/1921/1802
f 1922/1922/1803 1930/1930/1811 1931/1931/1812
f 1904/1904/1785 1905/1905/1786 1932/1932/1813
f 1904/1904/1785 1933/1933/1814 1923/1923/1804
f 1923/1923/1804 1933/1933/1814 1934/1934/1815
f 1913/1913/1794 1935/1935/1816 1911/1911/1792
f 1901/1901/1782 1936/1936/1817 1924/1924/1805
f 1920/1920/1801 1928/1928/1809 1937/1937/1818
f 1909/1909/1790 1921/1921/1802 1938/1938/1819
f 1909/1909/1790 1938/1938/1819 1928/1928/1809
f 1888/1888/1769 1900/1900/1781 1939/1939/1820
f 1929/1929/1810 1940/1940/1821 1939/1939/1820
f 1922/1922/1803 1911/1911/1792 1941/1941/1822
f 1942/1942/1823 1939/1939/1820 1931/1931/1812
f 1930/1930/1811 1942/1942/1823 1931/1931/1812
f 1933/1933/1814 1904/1904/1785 1943/1943/1824
f 1904/1904/1785 1932/1932/1813 1943/1943/1824
f 1923/1923/1804 1944/1944/1825 1901/1901/1782
f 1934/1934/1815 1944/1944/1825 1923/1923/1804
f 1935/1935/1816 1945/1945/1826 1911/1911/1792
f 1911/1911/1792 1945/1945/1826 1941/1941/1822
f 1946/1946/1827 1924/1924/1805 1936/1936/1817
f 1936/1936/1817 1947/1947/1828 1946/1946/1827
f 1920/1920/1801 1937/1937/1818 1948/1948/1829
f 1921/1921/1802 1949/1949/1830 1950/1950/1831
f 1921/1921/1802 1950/1950/1831 1938/1938/1819
f 1929/1929/1810 1951/1951/1832 1949/1949/1830
f 1922/1922/1803 1941/1941/1822 1952/1952/1833
f 1930/1930/1811 1922/1922/1803 1953/1953/1834
f 1953/1953/1834 1922/1922/1803 1952/1952/1833
f 1939/1939/1820 1954/1954/1835 1931/1931/1812
f 1932/1932/1813 1955/1955/1836 1943/1943/1824
f 1934/1934/1815 1956/1956/1837 1944/1944/1825
f 1941/1941/1822 1957/1957/1838 1952/1952/1833
f 1957/1957/1838 1941/1941/1822 1945/1945/1826
f 1945/1945/1826 1958/1958/1839 1957/1957/1838
f 1937/1937/1818 1959/1959/1840 1948/1948/1829
f 1949/1949/1830 1951/1951/1832 1960/1960/1841
f 1949/1949/1830 1960/1960/1841 1950/1950/1831
f 1951/1951/1832 1961/1961/1842 1960/1960/1841
f 1930/1930/1811 1962/1962/1843 1963/1963/1844
f 1921/1921/1802 1964/1964/1845 1949/1949/1830
f 1961/1961/1842 1965/1965/1846 1966/1966/1847
f 1951/1951/1832 1967/1967/1848 1961/1961/1842
f 1965/1965/1846 1961/1961/1842 1967/1967/1848
f 1930/1930/1811 1968/1968/1849 1962/1962/1843
f 1951/1951/1832 1969/1969/1850 1967/1967/1848
f 1963/1963/1844 1962/1962/1843 1969/1969/1850
f 1964/1964/1845 1970/1970/1851 1951/1951/1832
f 1960/1960/1841 1971/1971/1852 1950/1950/1831
f 1965/1965/1846 1967/1967/1848 1972/1972/1853
f 1965/1965/1846 1972/1972/1853 1973/1973/1854
f 1965/1965/1846 1973/1973/1854 1966/1966/1847
f 1968/1968/1849 1974/1974/1855 1975/1975/1856
f 1962/1962/1843 1976/1976/1857 1969/1969/1850
f 1969/1969/1850 1976/1976/1857 1967/1967/1848
f 1977/1977/1858 1961/1961/1842 1966/1966/1847
f 1960/1960/1841 1961/1961/1842 1977/1977/1858
f 1960/1960/1841 1978/1978/1859 1971/1971/1852
f 1960/1960/1841 1977/1977/1858 1978/1978/1859
f 1973/1973/1854 1972/1972/1853 1979/1979/1860
f 1975/1975/1856 1980/1980/1861 1981/1981/1861
f 1967/1967/1848 1982/1982/1862 1972/1972/1853
f 1976/1976/1857 1982/1982/1862 1967/1967/1848
f 1983/1983/1863 1984/1984/1864 1985/1985/1865
f 1984/1984/1864 1986/1986/1866 1985/1985/1865
f 1984/1984/1864 1987/1987/1867 1986/1986/1866
f 1987/1987/1867 1988/1988/1868 1986/1986/1866
f 1987/1987/1867 1989/1989/1869 1988/1988/1868
f 1987/1987/1867 1990/1990/1870 1989/1989/1869
f 1990/1990/1870 1991/1991/1871 1992/1992/1872
f 1989/1989/1869 1993/1993/1873 1994/1994/1874
f 1990/1990/1870 1992/1992/1872 1995/1995/1875
f 1991/1991/1871 1996/1996/1876 1992/1992/1872
f 1989/1989/1869 1990/1990/1870 1997/1997/1877
f 1989/1989/1869 1997/1997/1877 1993/1993/1873
f 1994/1994/1874 1998/1998/1878 1999/1999/1879
f 1990/1990/1870 2000/2000/1880 1997/1997/1877
f 1990/1990/1870 1995/1995/1875 2000/2000/1880
f 1995/1995/1875 2001/2001/1881 2000/2000/1880
f 1996/1996/1876 2002/2002/1882 1992/1992/1872
f 2003/2003/1883 1993/1993/1873 1997/1997/1877
f 1993/1993/1873 2003/2003/1883 2004/2004/1884
f 2005/2005/1885 1994/1994/1874 1993/1993/1873
f 1994/1994/1874 2005/2005/1885 1998/1998/1878
f 2006/2006/1886 1999/1999/1879 1998/1998/1878
f 1999/1999/1879 2006/2006/1886 2007/2007/1887
f 2001/2001/1881 2008/2008/1888 2009/2009/1889
f 1997/1997/1877 2000/2000/1880 2010/2010/1890
f 1996/1996/1876 2011/2011/1891 2002/2002/1882
f 2004/2004/1884 2012/2012/1892 1993/1993/1873
f 2004/2004/1884 2013/2013/1893 2012/2012/1892
f 2001/2001/1881 2014/2014/1894 2015/2015/1895
f 2008/2008/1888 2016/2016/1896 2009/2009/1889
f 2000/2000/1880 2017/2017/1897 2010/2010/1890
f 2001/2001/1881 2017/2017/1897 2000/2000/1880
f 2001/2001/1881 2015/2015/1895 2017/2017/1897
f 2011/2011/1891 2018/2018/1898 2002/2002/1882
f 1997/1997/1877 2010/2010/1890 2019/2019/1899
f 2003/2003/1883 1997/1997/1877 2019/2019/1899
f 2013/2013/1893 2020/2020/1900 2012/2012/1892
f 2013/2013/1893 2021/2021/1901 2020/2020/1900
f 2008/2008/1888 2022/2022/1902 2016/2016/1896
f 2009/2009/1889 2023/2023/1903 2024/2024/1904
f 2024/2024/1904 2015/2015/1895 2009/2009/1889
f 2015/2015/1895 2024/2024/1904 2017/2017/1897
f 2010/2010/1890 2025/2025/1905 2019/2019/1899
f 2010/2010/1890 2017/2017/1897 2025/2025/1905
f 2021/2021/1901 2026/2026/1906 2020/2020/1900
f 2009/2009/1889 2027/2027/1907 2023/2023/1903
f 2016/2016/1896 2027/2027/1907 2009/2009/1889
f 2017/2017/1897 2028/2028/1908 2029/2029/1909
f 2025/2025/1905 2017/2017/1897 2029/2029/1909
f 2025/2025/1905 2029/2029/1909 2030/2030/1910
f 2026/2026/1906 2031/2031/1911 2020/2020/1900
f 2028/2028/1908 2017/2017/1897 2032/2032/1912
f 2030/2030/1910 2029/2029/1909 2033/2033/1913
f 2034/2034/1914 2035/2035/1914 2036/2036/1915
f 2036/2036/1915 2037/2037/1916 2038/2038/1917
f 2037/2037/1916 2039/2039/1918 2038/2038/1917
f 2040/2040/1919 2041/2041/1919 2042/2042/1920
f 2042/2042/1920 2043/2043/1921 2044/2044/1922
f 2043/2043/1921 2045/2045/1923 2046/2046/1923
f 2047/2047/1924 2048/2048/1925 2049/2049/1926
f 2048/2048/1925 2050/2050/1927 2049/2049/1926
f 2050/2050/1927 2051/2051/1928 2049/2049/1926
f 2052/2052/1929 2053/2053/1930 2054/2054/1931
f 2053/2053/1930 2055/2055/1932 2054/2054/1931
f 2055/2055/1932 2056/2056/1933 2057/2057/1933
f 2058/2058/1934 2059/2059/1935 2060/2060/1936
f 2059/2059/1935 2061/2061/1937 2060/2060/1936
f 2061/2061/1937 2062/2062/1938 2060/2060/1936
f 2063/2063/1939 2064/2064/1939 2065/2065/1939
f 2066/2066/1940 2067/2067/1940 2068/2068/1940
o C01_Gun_Ch
v -58.438892 6.576992 -14.403699
v -56.592590 15.286702 -16.205399
v -54.941391 14.101103 -17.708097
v -58.376892 14.750002 -12.960896
v -51.618290 10.771903 -19.534197
v -60.943192 11.386003 -9.879178
v -52.511791 8.856133 -16.861498
v -62.841995 9.794761 -5.075078
v -54.429390 4.743732 -15.199199
v -75.980087 -24.068298 -11.040504
v -69.719688 -25.685097 -14.088803
v -55.514492 22.390202 -14.252596
v -59.127090 15.804603 -15.345897
v -47.000896 20.673504 -20.299997
v -67.057289 14.905202 -9.168967
v -64.881996 19.351402 -11.528997
v -79.113792 -25.216799 -4.684724
v -57.688492 22.931101 -13.609996
v -51.787994 21.854204 -18.044096
v -67.784088 13.553301 -5.032467
v -63.092491 23.271202 -10.105596
v -61.424191 11.354300 0.427019
v -56.341892 15.015799 5.944932
v -77.946388 -28.094099 1.215026
v -54.731293 28.080799 -4.671525
v -58.321590 21.065502 -10.757096
v -57.184193 27.807400 -4.526695
v -57.772289 24.178499 -4.664336
v -41.111294 33.305904 -17.074493
v -66.624489 15.287700 0.432716
v -64.707794 19.570499 2.110533
v -57.906490 21.664299 1.133304
v -57.891689 23.508001 4.237344
v -55.672997 23.777500 4.026504
v -50.107391 23.792297 8.435634
v -49.891994 20.417198 8.895403
v -48.331791 17.821497 9.014863
v -51.004692 12.089099 6.963762
v -52.581093 27.977003 -8.369045
v -47.096893 31.749802 -14.086795
v -61.959091 25.629400 -5.107535
v -62.885792 23.798199 0.106401
v -54.731293 28.080799 -4.671525
v -57.184193 27.807400 -4.526695
v -53.863792 25.766600 3.338244
v -52.976490 28.137100 -3.217795
v -57.772289 24.178499 -4.664336
v -61.959091 25.629400 -5.107535
v -52.976490 28.137100 -3.217795
v -45.332695 9.881689 5.945092
v -39.232296 12.956500 1.132542
v -37.828896 14.153499 4.237842
v -34.397896 10.513599 0.106265
v -39.049496 16.026699 4.026812
v -36.465096 6.399899 2.110621
v -42.616295 20.299097 8.435493
v -44.868999 3.634350 0.427802
v -45.339695 18.294998 8.895232
v -63.321590 -32.580399 -4.685295
v -48.331791 17.821497 9.014863
v -66.276192 -33.535297 1.214155
v -51.004692 12.089099 6.963762
v -34.990196 17.459200 -4.526037
v -33.590195 12.400701 -5.107778
v -37.393795 14.675301 -4.664688
v -38.688694 18.690800 3.338483
v -36.357895 19.513199 -4.672356
v -37.443295 20.892799 -3.217306
v -38.512894 2.178910 0.433437
v -45.152496 1.546361 -5.074719
v -64.456093 -29.441999 -11.041005
v -50.447392 2.851002 -14.403600
v -69.719688 -25.685097 -14.088803
v -39.096497 0.176081 -5.032499
v -54.429390 4.743732 -15.199199
v -45.154297 4.024011 -9.879539
v -52.511791 8.856133 -16.861498
v -38.528793 1.602811 -9.169120
v -51.618290 10.771903 -19.534197
v -44.227097 8.151321 -12.960798
v -46.932095 10.366703 -17.707897
v -47.000896 20.673504 -20.299997
v -36.520794 6.126442 -11.528799
v -44.962795 9.863273 -16.204998
v -43.020195 17.765503 -18.043495
v -41.111294 33.305904 -17.074493
v -39.424896 12.253002 -10.756698
v -34.667896 10.016401 -10.105498
v -40.213795 15.255201 -14.252697
v -42.936596 8.253583 -15.344999
v -38.454796 27.720301 -14.087194
v -37.393795 14.675301 -4.664688
v -38.402596 13.938102 -13.609998
v -37.819195 21.094301 -8.369386
v -33.590195 12.400701 -5.107778
v -36.357895 19.513199 -4.672356
v -34.990196 17.459200 -4.526037
v -37.443295 20.892799 -3.217306
v -64.316689 19.047499 -4.533156
v -64.881996 19.351402 -11.528997
v -67.057289 14.905202 -9.168967
v -63.092491 23.271202 -10.105596
v -67.784088 13.553301 -5.032467
v -61.959091 25.629400 -5.107535
v -66.624489 15.287700 0.432716
v -62.885792 23.798199 0.106401
v -64.707794 19.570499 2.110533
v -37.117096 6.365181 -4.533289
v -36.465096 6.399899 2.110621
v -38.512894 2.178910 0.433437
v -34.397896 10.513599 0.106265
v -39.096497 0.176081 -5.032499
v -33.590195 12.400701 -5.107778
v -38.528793 1.602811 -9.169120
v -34.667896 10.016401 -10.105498
v -36.520794 6.126442 -11.528799
v -43.183094 21.401899 4.452464
v -45.730495 19.025900 5.573004
v -45.339695 18.294998 8.895232
v -46.033894 22.749100 4.562704
v -42.616295 20.299097 8.435493
v -37.443295 20.892799 -3.217306
v -38.688694 18.690800 3.338483
v -48.331791 17.821497 9.014863
v -48.010792 18.508499 5.332943
v -45.057999 24.841003 -9.958396
v -37.819195 21.094301 -8.369386
v -48.896996 24.066799 4.453484
v -50.107391 23.792297 8.435634
v -49.891994 20.417198 8.895403
v -53.863792 25.766600 3.338244
v -49.080090 20.588800 5.573483
v -52.976490 28.137100 -3.217795
v -46.033894 22.749100 4.562704
v -48.331791 17.821497 9.014863
v -45.057999 24.841003 -9.958396
v -48.010792 18.508499 5.332943
v -52.581093 27.977003 -8.369045
v -73.068390 -32.904400 -3.230445
v -79.629288 -35.992798 -0.620963
v -78.902687 -34.639999 -5.056226
v -75.707291 -38.425003 1.203004
v -76.852997 -34.360100 -8.758716
v -72.569489 -35.767899 -10.514606
v -73.068390 -32.904400 -3.230445
v -69.279190 -39.348598 -5.059506
v -71.324890 -39.864799 -0.624049
v -70.385590 -37.596798 -8.761045
v -75.707291 -38.425003 1.203004
v -72.569489 -35.767899 -10.514606
v -64.456093 -29.441999 -11.041005
v -65.555092 -30.012297 -9.848965
v -69.719688 -25.685097 -14.088803
v -64.228188 -32.629799 -4.680755
v -63.321590 -32.580399 -4.685295
v -70.286690 -26.901697 -12.165904
v -67.002388 -33.291901 0.240122
v -66.276192 -33.535297 1.214155
v -71.324890 -39.864799 -0.624049
v -70.797188 -40.451298 -0.025492
v -75.873993 -38.783501 2.089544
v -69.279190 -39.348598 -5.059506
v -75.707291 -38.425003 1.203004
v -68.428291 -39.853397 -5.164726
v -70.385590 -37.596798 -8.761045
v -69.710190 -37.824398 -9.452415
v -72.569489 -35.767899 -10.514606
v -72.501289 -35.618797 -11.484606
v -67.002388 -33.291901 0.240122
v -72.531593 -31.715899 2.712465
v -75.873993 -38.783501 2.089544
v -70.797188 -40.451298 -0.025492
v -64.228188 -32.629799 -4.680755
v -68.428291 -39.853397 -5.164726
v -65.555092 -30.012297 -9.848965
v -69.710190 -37.824398 -9.452415
v -70.286690 -26.901697 -12.165904
v -72.501289 -35.618797 -11.484606
v -75.709694 -25.276398 -9.849684
v -69.719688 -25.685097 -14.088803
v -70.286690 -26.901697 -12.165904
v -75.980087 -24.068298 -11.040504
v -78.569191 -25.943899 -4.681534
v -79.113792 -25.216799 -4.684724
v -77.292091 -28.493799 0.239052
v -77.946388 -28.094099 1.215026
v -80.417694 -35.966599 -0.021948
v -75.707291 -38.425003 1.203004
v -75.873993 -38.783501 2.089544
v -79.629288 -35.992798 -0.620963
v -79.836693 -34.312901 -5.160635
v -78.902687 -34.639999 -5.056226
v -77.461998 -33.988598 -9.449105
v -76.852997 -34.360100 -8.758716
v -72.501289 -35.618797 -11.484606
v -72.569489 -35.767899 -10.514606
v -77.292091 -28.493799 0.239052
v -75.873993 -38.783501 2.089544
v -72.531593 -31.715899 2.712465
v -80.417694 -35.966599 -0.021948
v -78.569191 -25.943899 -4.681534
v -79.836693 -34.312901 -5.160635
v -75.709694 -25.276398 -9.849684
v -77.461998 -33.988598 -9.449105
v -70.286690 -26.901697 -12.165904
v -72.501289 -35.618797 -11.484606
v -38.454796 27.720301 -14.087194
v -45.057999 24.841003 -9.958396
v -37.819195 21.094301 -8.369386
v -41.111294 33.305904 -17.074493
v -66.276192 -33.535297 1.214155
v -72.550491 -31.757198 3.879055
v -72.531593 -31.715899 2.712465
v -67.002388 -33.291901 0.240122
v -45.057999 24.841003 -9.958396
v -47.096893 31.749802 -14.086795
v -52.581093 27.977003 -8.369045
v -41.111294 33.305904 -17.074493
v -77.946388 -28.094099 1.215026
v -77.292091 -28.493799 0.239052
v -72.531593 -31.715899 2.712465
v -72.550491 -31.757198 3.879055
v -45.332695 9.881689 5.945092
v -51.004692 12.089099 6.963762
v -72.550491 -31.757198 3.879055
v -66.276192 -33.535297 1.214155
v -51.004692 12.089099 6.963762
v -56.341892 15.015799 5.944932
v -77.946388 -28.094099 1.215026
v -72.550491 -31.757198 3.879055
vt 1.4452 -0.5014
vt 1.5308 -0.4000
vt 1.5486 -0.4284
vt 1.4817 -0.3780
vt 1.5716 -0.4830
vt 1.3998 -0.3994
vt 1.5390 -0.5081
vt 1.3030 -0.3853
vt 1.4925 -0.5429
vt 1.2222 -0.9488
vt 1.2888 -0.9777
vt 1.5846 -0.3251
vt 1.5167 -0.3720
vt 1.6748 -0.4113
vt 1.3825 -0.3025
vt 1.4350 -0.2841
vt 1.1538 -0.9478
vt 1.5590 -0.3083
vt 1.6298 -0.3681
vt 1.3382 -0.2959
vt 1.4609 -0.2501
vt 1.2161 -0.3323
vt 1.1220 -0.2334
vt 1.0858 -0.9534
vt 1.6097 -0.1848
vt 1.5174 -0.2877
vt 1.5768 -0.1807
vt 1.5302 -0.1994
vt 1.8041 -0.3040
vt 1.2877 -0.2577
vt 1.2616 -0.2051
vt 1.1967 -0.1352
vt 1.1558 -0.1210
vt 1.1321 -0.1075
vt 1.0420 -0.0982
vt 1.0314 -0.1393
vt 1.0038 -0.1698
vt 1.0272 -0.2535
vt 1.6388 -0.2302
vt 1.7300 -0.2740
vt 1.4800 -0.1910
vt 1.2713 -0.1483
vt 1.2005 -0.0056
vt 1.2208 -0.0255
vt 1.1211 -0.0740
vt 1.6302 -0.1663
vt 1.2445 -0.0635
vt 1.2984 -0.0839
vt 1.1729 -0.0026
vt 0.1220 -0.2334
vt 0.1967 -0.1352
vt 0.1559 -0.1210
vt 0.2713 -0.1483
vt 0.1321 -0.1075
vt 0.2616 -0.2051
vt 0.0420 -0.0982
vt 0.2162 -0.3323
vt 0.0314 -0.1393
vt 0.1538 -0.9478
vt 0.0038 -0.1698
vt 0.0858 -0.9534
vt 0.0272 -0.2535
vt 0.2208 -0.0255
vt 0.2985 -0.0839
vt 0.2445 -0.0635
vt 0.1211 -0.0740
vt 0.2005 -0.0056
vt 0.1729 -0.0026
vt 0.2877 -0.2577
vt 0.3030 -0.3853
vt 0.2222 -0.9488
vt 0.4453 -0.5014
vt 0.2889 -0.9777
vt 0.3382 -0.2959
vt 0.4925 -0.5429
vt 0.3998 -0.3994
vt 0.5391 -0.5081
vt 0.3825 -0.3025
vt 0.5716 -0.4830
vt 0.4817 -0.3780
vt 0.5485 -0.4284
vt 0.6748 -0.4113
vt 0.4350 -0.2841
vt 0.5308 -0.4000
vt 0.6298 -0.3681
vt 0.8041 -0.3040
vt 0.5174 -0.2877
vt 0.4609 -0.2501
vt 0.5846 -0.3251
vt 0.5167 -0.3720
vt 0.7300 -0.2740
vt 0.5302 -0.1994
vt 0.5590 -0.3083
vt 0.6388 -0.2302
vt 0.4800 -0.1910
vt 0.6097 -0.1848
vt 0.5768 -0.1807
vt 0.6302 -0.1663
vt 1.3707 -0.1988
vt 1.3998 -0.1088
vt 1.4535 -0.1601
vt 1.3386 -0.1088
vt 1.4555 -0.2194
vt 1.2838 -0.1619
vt 1.4057 -0.2810
vt 1.2879 -0.2377
vt 1.3384 -0.2828
vt 0.3707 -0.1988
vt 0.3384 -0.2828
vt 0.4057 -0.2810
vt 0.2879 -0.2377
vt 0.4555 -0.2194
vt 0.2838 -0.1619
vt 0.4535 -0.1601
vt 0.3386 -0.1088
vt 0.3998 -0.1088
vt 0.4391 -0.0594
vt 0.3960 -0.0334
vt 0.3606 -0.0561
vt 0.4409 -0.0147
vt 0.3884 -0.0877
vt 0.5532 -0.1305
vt 0.4637 -0.1314
vt 0.3416 -0.0224
vt 0.3831 -0.0050
vt 0.6479 -0.0091
vt 0.6238 -0.1208
vt 1.4390 -0.0594
vt 1.3884 -0.0877
vt 1.3606 -0.0561
vt 1.4637 -0.1314
vt 1.3960 -0.0334
vt 1.5531 -0.1305
vt 1.4409 -0.0147
vt 1.3415 -0.0224
vt 1.6479 -0.0091
vt 1.3831 -0.0050
vt 1.6238 -0.1208
vt 1.7604 -0.1775
vt 1.6908 -0.1994
vt 1.6908 -0.1546
vt 1.7178 -0.2359
vt 1.7122 -0.1225
vt 1.7529 -0.1052
vt 0.7604 -0.1775
vt 0.6908 -0.1546
vt 0.6908 -0.1994
vt 0.7122 -0.1225
vt 0.7178 -0.2359
vt 0.7530 -0.1052
vt 0.2222 -0.9488
vt 0.2121 -0.9625
vt 0.2889 -0.9777
vt 0.1520 -0.9558
vt 0.1538 -0.9478
vt 0.2682 -0.9945
vt 0.0899 -0.9663
vt 0.0858 -0.9534
vt 0.6908 -0.1994
vt 0.6798 -0.2029
vt 0.7111 -0.2451
vt 0.6908 -0.1546
vt 0.7178 -0.2359
vt 0.6798 -0.1509
vt 0.7122 -0.1225
vt 0.7045 -0.1137
vt 0.7530 -0.1052
vt 0.7517 -0.0937
vt 0.9787 -0.0925
vt 0.9725 -0.0201
vt 0.8165 -0.0201
vt 0.8134 -0.0726
vt 0.9891 -0.1579
vt 0.8046 -0.1238
vt 0.9918 -0.2274
vt 0.7925 -0.1667
vt 0.9765 -0.2973
vt 0.7748 -0.2149
vt 1.2121 -0.9625
vt 1.2888 -0.9777
vt 1.2682 -0.9945
vt 1.2222 -0.9488
vt 1.1520 -0.9558
vt 1.1538 -0.9478
vt 1.0900 -0.9663
vt 1.0858 -0.9534
vt 1.6798 -0.2029
vt 1.7178 -0.2359
vt 1.7111 -0.2451
vt 1.6908 -0.1994
vt 1.6798 -0.1509
vt 1.6908 -0.1546
vt 1.7045 -0.1137
vt 1.7122 -0.1225
vt 1.7517 -0.0937
vt 1.7529 -0.1052
vt 1.9787 -0.0925
vt 1.8165 -0.0201
vt 1.9724 -0.0201
vt 1.8134 -0.0726
vt 1.9891 -0.1579
vt 1.8046 -0.1238
vt 1.9918 -0.2274
vt 1.7925 -0.1667
vt 1.9765 -0.2973
vt 1.7748 -0.2149
vt 0.7384 -0.0779
vt 0.6479 -0.0091
vt 0.6238 -0.1208
vt 0.8094 -0.0172
vt 0.3984 -0.9802
vt 0.3201 -0.9573
vt 0.3224 -0.9736
vt 0.3944 -0.9932
vt 1.6479 -0.0091
vt 1.7384 -0.0779
vt 1.6238 -0.1208
vt 1.8094 -0.0172
vt 0.0858 -0.9534
vt 0.0899 -0.9663
vt 0.0164 -0.9935
vt 0.0052 -0.9815
vt 0.8379 -0.4087
vt 0.7524 -0.3713
vt 0.3201 -0.9573
vt 0.3984 -0.9802
vt 0.0272 -0.2535
vt 0.1220 -0.2334
vt 0.0858 -0.9534
vt 0.0052 -0.9815
vn -0.6042 0.0515 -0.7952
vn -0.5998 0.0674 -0.7972
vn -0.5516 0.0736 -0.8309
vn -0.8046 -0.1054 -0.5843
vn -0.4093 -0.1556 -0.8990
vn -0.7363 -0.2831 -0.6145
vn -0.0048 -0.7274 -0.6861
vn -0.9646 -0.2110 -0.1580
vn -0.2374 -0.0999 -0.9662
vn -0.7199 0.3120 -0.6200
vn -0.3895 0.1273 -0.9121
vn -0.4353 0.5430 -0.7180
vn -0.8350 -0.2493 -0.4905
vn -0.3569 0.2593 -0.8974
vn -0.4450 -0.5827 -0.6800
vn -0.1629 0.0193 -0.9864
vn -0.9070 0.4130 0.0818
vn -0.5947 0.5615 -0.5754
vn -0.5075 0.3301 -0.7959
vn -0.6052 -0.7960 0.0042
vn 0.1929 0.6364 -0.7468
vn -0.7993 -0.1625 0.5784
vn -0.5161 0.0565 0.8546
vn -0.8502 0.3869 0.3569
vn -0.1643 0.9471 -0.2758
vn -0.6541 0.4839 -0.5814
vn -0.5697 0.7368 -0.3639
vn -0.6426 0.6940 -0.3247
vn -0.4366 0.4719 -0.7660
vn -0.5348 -0.5410 0.6490
vn -0.2609 0.2216 0.9395
vn -0.7121 0.4730 0.5188
vn -0.6466 0.4180 0.6380
vn -0.3522 0.6190 0.7020
vn -0.5492 0.2566 0.7953
vn -0.4123 -0.0052 0.9110
vn -0.3026 -0.1635 0.9390
vn -0.2886 -0.2004 0.9362
vn -0.6019 0.7405 -0.2989
vn -0.5660 0.5603 -0.6048
vn 0.3281 0.8269 -0.4567
vn 0.1635 0.7238 0.6703
vn -0.1948 0.8877 0.4172
vn -0.5575 0.7563 0.3424
vn -0.6289 0.6936 0.3513
vn -0.0060 0.9995 -0.0315
vn -0.5735 0.7604 0.3046
vn 0.2709 0.8921 0.3615
vn -0.3957 0.8445 0.3609
vn 0.3756 -0.3798 0.8454
vn 0.8411 -0.1807 0.5098
vn 0.7359 -0.2266 0.6381
vn 0.4907 0.6028 0.6292
vn 0.7005 0.1282 0.7020
vn 0.2608 -0.1585 0.9523
vn 0.5495 -0.2557 0.7953
vn 0.4069 -0.6860 0.6031
vn 0.2610 -0.3192 0.9110
vn 0.8797 -0.4704 0.0702
vn 0.0692 -0.3369 0.9390
vn 0.8302 -0.4380 0.3449
vn 0.0320 -0.3499 0.9362
vn 0.9376 0.0594 0.3424
vn 0.4943 0.7832 0.3771
vn 0.9491 0.0386 0.3124
vn 0.9355 -0.0359 0.3513
vn 0.8050 0.4217 0.4173
vn 0.9012 0.2398 0.3609
vn -0.1522 -0.6621 0.7338
vn 0.4465 -0.8806 -0.1588
vn 0.6719 -0.3833 -0.6337
vn 0.4243 -0.4459 -0.7881
vn 0.3340 -0.2356 -0.9126
vn -0.2476 -0.9686 -0.0211
vn 0.0751 -0.2480 -0.9658
vn 0.2373 -0.7642 -0.5997
vn -0.5540 -0.4713 -0.6862
vn -0.1674 -0.7530 -0.6363
vn 0.1439 -0.4136 -0.8990
vn 0.4283 -0.6751 -0.6006
vn 0.4110 -0.3752 -0.8308
vn 0.4282 -0.1068 -0.8973
vn 0.1577 -0.0970 -0.9827
vn 0.4372 -0.4162 -0.7972
vn 0.5791 -0.1765 -0.7959
vn 0.6420 -0.0311 -0.7660
vn 0.7923 -0.1892 -0.5800
vn 0.3621 0.5610 -0.7444
vn 0.6958 0.0155 -0.7181
vn 0.3457 -0.8001 -0.4902
vn 0.7929 -0.0734 -0.6049
vn 0.9435 -0.0496 -0.3275
vn 0.8124 -0.0946 -0.5754
vn 0.9542 0.0149 -0.2989
vn 0.4145 0.7834 -0.4631
vn 0.8310 0.4830 -0.2757
vn 0.9307 0.0370 -0.3640
vn 0.7693 0.6381 -0.0312
vn -0.9039 0.4276 0.0050
vn -0.8986 0.4292 0.0913
vn -0.8615 0.5043 0.0587
vn -0.9284 0.3644 0.0722
vn -0.8463 0.5324 0.0182
vn -0.9413 0.3374 0.0021
vn -0.8746 0.4832 -0.0406
vn -0.9355 0.3468 -0.0666
vn -0.9134 0.3979 -0.0851
vn 0.9086 -0.4176 0.0049
vn 0.8920 -0.4439 -0.0852
vn 0.9323 -0.3592 -0.0407
vn 0.8670 -0.4937 -0.0667
vn 0.9519 -0.3059 0.0181
vn 0.8635 -0.5043 0.0021
vn 0.9401 -0.3357 0.0586
vn 0.8759 -0.4771 0.0723
vn 0.9063 -0.4126 0.0913
vn 0.2890 0.8545 0.4316
vn -0.3117 0.7246 0.6146
vn -0.3551 0.8992 0.2555
vn 0.2560 0.6793 0.6878
vn -0.1849 0.9400 0.2866
vn 0.4239 0.8910 0.1624
vn 0.5462 0.7812 0.3023
vn -0.1789 0.9630 0.2017
vn -0.2402 0.8113 0.5329
vn 0.3839 0.9175 0.1037
vn 0.4594 0.8882 0.0012
vn 0.4689 0.7706 0.4316
vn 0.8388 0.4627 0.2868
vn 0.9170 0.3060 0.2559
vn 0.2471 0.9206 0.3024
vn 0.7555 0.2268 0.6146
vn 0.4100 0.8975 0.1623
vn 0.3561 0.6326 0.6877
vn 0.8527 0.4818 0.2020
vn 0.4561 0.8839 0.1036
vn 0.7760 0.3372 0.5329
vn 0.3849 0.9229 0.0009
vn 0.1207 -0.9782 -0.1686
vn 0.1507 -0.8050 -0.5737
vn 0.3082 -0.9476 -0.0841
vn -0.0199 -0.6202 -0.7842
vn 0.0282 -0.9712 0.2364
vn -0.1590 -0.9225 0.3517
vn -0.7861 -0.5188 -0.3359
vn -0.8681 -0.4525 -0.2041
vn -0.6704 -0.4016 -0.6240
vn -0.7959 -0.5938 0.1177
vn -0.4624 -0.4102 -0.7860
vn -0.7213 -0.6600 0.2100
vn -0.1498 -0.8293 -0.5383
vn -0.1089 -0.8549 -0.5072
vn -0.2357 -0.7863 -0.5710
vn 0.0477 -0.9628 -0.2659
vn 0.0415 -0.9497 -0.3104
vn -0.2391 -0.7871 -0.5685
vn -0.0613 -0.9803 -0.1874
vn -0.0691 -0.9787 -0.1930
vn -0.4725 -0.8007 -0.3681
vn -0.4736 -0.8006 -0.3670
vn -0.4337 -0.8041 -0.4066
vn -0.5150 -0.8093 -0.2826
vn -0.4337 -0.8040 -0.4067
vn -0.5152 -0.8098 -0.2806
vn -0.5147 -0.8256 -0.2310
vn -0.5166 -0.8260 -0.2252
vn -0.5320 -0.8289 -0.1727
vn -0.5347 -0.8287 -0.1650
vn 0.6481 -0.3755 0.6625
vn 0.3384 -0.2402 0.9098
vn 0.3272 -0.2189 0.9192
vn 0.5794 -0.3493 0.7364
vn 0.8688 -0.4838 -0.1051
vn 0.8631 -0.5049 -0.0102
vn 0.5531 -0.3299 -0.7650
vn 0.6560 -0.3536 -0.6668
vn 0.3591 -0.2071 -0.9100
vn 0.4765 -0.1882 -0.8588
vn -0.5846 -0.6331 -0.5073
vn -0.4509 -0.6860 -0.5710
vn -0.4493 -0.6891 -0.5685
vn -0.5390 -0.6478 -0.5383
vn -0.7689 -0.5815 -0.2657
vn -0.7550 -0.5778 -0.3101
vn -0.7114 -0.6773 -0.1876
vn -0.7050 -0.6823 -0.1932
vn -0.3110 -0.8750 -0.3711
vn -0.3373 -0.8490 -0.4067
vn -0.3047 -0.8809 -0.3621
vn -0.2884 -0.9148 -0.2827
vn -0.2903 -0.9166 -0.2749
vn -0.3328 -0.9211 -0.2020
vn -0.3345 -0.9208 -0.2004
vn -0.3688 -0.9145 -0.1665
vn -0.6986 0.2617 0.6659
vn -0.3754 0.1137 0.9198
vn -0.3994 0.1086 0.9103
vn -0.7160 0.1931 0.6708
vn -0.9568 0.2214 -0.1884
vn -0.9557 0.1575 -0.2485
vn -0.6508 0.0977 -0.7529
vn -0.6711 0.0979 -0.7348
vn -0.3800 0.0303 -0.9245
vn -0.3732 0.0223 -0.9275
vn 0.2288 0.5878 0.7759
vn 0.2057 0.6172 0.7594
vn 0.1761 0.6527 0.7368
vn 0.2583 0.5482 0.7954
vn -0.2854 -0.9580 -0.0283
vn -0.2875 -0.9570 -0.0385
vn -0.2873 -0.9571 -0.0374
vn -0.2851 -0.9581 -0.0269
vn 0.3405 0.5543 0.7595
vn 0.3032 0.5531 0.7759
vn 0.3868 0.5545 0.7368
vn 0.2540 0.5502 0.7954
vn -0.5502 -0.8345 -0.0287
vn -0.5505 -0.8343 -0.0273
vn -0.5484 -0.8354 -0.0374
vn -0.5482 -0.8354 -0.0385
vn 0.1438 -0.1426 0.9793
vn 0.1256 -0.1309 0.9834
vn 0.3009 -0.2424 0.9223
vn 0.3168 -0.2524 0.9143
vn -0.2098 0.0008 0.9777
vn -0.1932 -0.0108 0.9811
vn -0.3604 0.1091 0.9264
vn -0.3735 0.1188 0.9199
usemtl mesh_1_material
s 1
f 2069/2069/1941 2070/2070/1942 2071/2071/1943
f 2069/2069/1941 2072/2072/1944 2070/2070/1942
f 2069/2069/1941 2071/2071/1943 2073/2073/1945
f 2069/2069/1941 2074/2074/1946 2072/2072/1944
f 2069/2069/1941 2073/2073/1945 2075/2075/1947
f 2069/2069/1941 2076/2076/1948 2074/2074/1946
f 2069/2069/1941 2075/2075/1947 2077/2077/1949
f 2069/2069/1941 2078/2078/1950 2076/2076/1948
f 2069/2069/1941 2079/2079/1951 2078/2078/1950
f 2069/2069/1941 2077/2077/1949 2079/2079/1951
f 2070/2070/1942 2080/2080/1952 2071/2071/1943
f 2070/2070/1942 2081/2081/1953 2080/2080/1952
f 2070/2070/1942 2072/2072/1944 2081/2081/1953
f 2073/2073/1945 2071/2071/1943 2082/2082/1954
f 2074/2074/1946 2076/2076/1948 2083/2083/1955
f 2074/2074/1946 2083/2083/1955 2084/2084/1956
f 2074/2074/1946 2084/2084/1956 2072/2072/1944
f 2078/2078/1950 2085/2085/1957 2076/2076/1948
f 2081/2081/1953 2072/2072/1944 2086/2086/1958
f 2081/2081/1953 2086/2086/1958 2080/2080/1952
f 2071/2071/1943 2087/2087/1959 2082/2082/1954
f 2071/2071/1943 2080/2080/1952 2087/2087/1959
f 2083/2083/1955 2076/2076/1948 2088/2088/1960
f 2084/2084/1956 2089/2089/1961 2072/2072/1944
f 2076/2076/1948 2090/2090/1962 2088/2088/1960
f 2085/2085/1957 2090/2090/1962 2076/2076/1948
f 2085/2085/1957 2091/2091/1963 2090/2090/1962
f 2085/2085/1957 2092/2092/1964 2091/2091/1963
f 2086/2086/1958 2093/2093/1965 2080/2080/1952
f 2072/2072/1944 2089/2089/1961 2094/2094/1966
f 2086/2086/1958 2072/2072/1944 2094/2094/1966
f 2086/2086/1958 2095/2095/1967 2093/2093/1965
f 2086/2086/1958 2096/2096/1968 2095/2095/1967
f 2086/2086/1958 2094/2094/1966 2096/2096/1968
f 2082/2082/1954 2087/2087/1959 2097/2097/1969
f 2091/2091/1963 2098/2098/1970 2090/2090/1962
f 2098/2098/1970 2088/2088/1960 2090/2090/1962
f 2091/2091/1963 2099/2099/1971 2098/2098/1970
f 2091/2091/1963 2100/2100/1972 2099/2099/1971
f 2091/2091/1963 2101/2101/1973 2100/2100/1972
f 2091/2091/1963 2102/2102/1974 2101/2101/1973
f 2091/2091/1963 2103/2103/1975 2102/2102/1974
f 2091/2091/1963 2104/2104/1976 2103/2103/1975
f 2091/2091/1963 2105/2105/1977 2104/2104/1976
f 2091/2091/1963 2106/2106/1978 2105/2105/1977
f 2080/2080/1952 2093/2093/1965 2107/2107/1979
f 2080/2080/1952 2107/2107/1979 2108/2108/1980
f 2108/2108/1980 2097/2097/1969 2087/2087/1959
f 2080/2080/1952 2108/2108/1980 2087/2087/1959
f 2096/2096/1968 2094/2094/1966 2109/2109/1981
f 2109/2109/1981 2094/2094/1966 2089/2089/1961
f 2099/2099/1971 2100/2100/1972 2110/2110/1982
f 2101/2101/1973 2102/2102/1974 2111/2111/1983
f 2101/2101/1973 2111/2111/1983 2112/2112/1984
f 2101/2101/1973 2112/2112/1984 2100/2100/1972
f 2103/2103/1975 2113/2113/1985 2102/2102/1974
f 2093/2093/1965 2114/2114/1986 2107/2107/1979
f 2115/2115/1987 2100/2100/1972 2112/2112/1984
f 2110/2110/1982 2100/2100/1972 2115/2115/1987
f 2110/2110/1982 2115/2115/1987 2116/2116/1988
f 2117/2117/1989 2102/2102/1974 2113/2113/1985
f 2111/2111/1983 2102/2102/1974 2117/2117/1989
f 2118/2118/1990 2119/2119/1991 2120/2120/1992
f 2118/2118/1990 2121/2121/1993 2119/2119/1991
f 2118/2118/1990 2120/2120/1992 2122/2122/1994
f 2118/2118/1990 2123/2123/1995 2121/2121/1993
f 2118/2118/1990 2122/2122/1994 2124/2124/1996
f 2118/2118/1990 2125/2125/1997 2123/2123/1995
f 2118/2118/1990 2124/2124/1996 2126/2126/1998
f 2118/2118/1990 2127/2127/1999 2125/2125/1997
f 2118/2118/1990 2126/2126/1998 2128/2128/2000
f 2118/2118/1990 2129/2129/2001 2127/2127/1999
f 2118/2118/1990 2128/2128/2000 2130/2130/2002
f 2119/2119/1991 2131/2131/2003 2120/2120/1992
f 2119/2119/1991 2121/2121/1993 2132/2132/2004
f 2119/2119/1991 2132/2132/2004 2133/2133/2005
f 2119/2119/1991 2133/2133/2005 2131/2131/2003
f 2122/2122/1994 2134/2134/2006 2124/2124/1996
f 2135/2135/2007 2120/2120/1992 2131/2131/2003
f 2122/2122/1994 2120/2120/1992 2135/2135/2007
f 2122/2122/1994 2135/2135/2007 2136/2136/2008
f 2122/2122/1994 2136/2136/2008 2134/2134/2006
f 2123/2123/1995 2125/2125/1997 2137/2137/2009
f 2127/2127/1999 2138/2138/2010 2125/2125/1997
f 2125/2125/1997 2138/2138/2010 2137/2137/2009
f 2127/2127/1999 2139/2139/2011 2138/2138/2010
f 2139/2139/2011 2140/2140/2012 2138/2138/2010
f 2139/2139/2011 2141/2141/2013 2140/2140/2012
f 2137/2137/2009 2138/2138/2010 2142/2142/2014
f 2141/2141/2013 2143/2143/2015 2140/2140/2012
f 2138/2138/2010 2140/2140/2012 2144/2144/2016
f 2138/2138/2010 2144/2144/2016 2142/2142/2014
f 2143/2143/2015 2145/2145/2017 2140/2140/2012
f 2142/2142/2014 2144/2144/2016 2146/2146/2018
f 2145/2145/2017 2147/2147/2019 2140/2140/2012
f 2144/2144/2016 2140/2140/2012 2148/2148/2020
f 2144/2144/2016 2148/2148/2020 2146/2146/2018
f 2147/2147/2019 2149/2149/2021 2140/2140/2012
f 2147/2147/2019 2150/2150/2022 2149/2149/2021
f 2146/2146/2018 2148/2148/2020 2151/2151/2023
f 2140/2140/2012 2152/2152/2024 2148/2148/2020
f 2140/2140/2012 2149/2149/2021 2152/2152/2024
f 2150/2150/2022 2153/2153/2025 2149/2149/2021
f 2150/2150/2022 2154/2154/2026 2153/2153/2025
f 2151/2151/2023 2148/2148/2020 2155/2155/2027
f 2151/2151/2023 2155/2155/2027 2156/2156/2028
f 2152/2152/2024 2149/2149/2021 2157/2157/2029
f 2149/2149/2021 2153/2153/2025 2157/2157/2029
f 2152/2152/2024 2158/2158/2030 2148/2148/2020
f 2152/2152/2024 2157/2157/2029 2158/2158/2030
f 2153/2153/2025 2159/2159/2031 2157/2157/2029
f 2154/2154/2026 2159/2159/2031 2153/2153/2025
f 2155/2155/2027 2160/2160/2032 2156/2156/2028
f 2155/2155/2027 2148/2148/2020 2161/2161/2033
f 2155/2155/2027 2161/2161/2033 2160/2160/2032
f 2158/2158/2030 2157/2157/2029 2161/2161/2033
f 2158/2158/2030 2161/2161/2033 2148/2148/2020
f 2159/2159/2031 2162/2162/2034 2157/2157/2029
f 2156/2156/2028 2160/2160/2032 2163/2163/2035
f 2157/2157/2029 2162/2162/2034 2164/2164/2036
f 2161/2161/2033 2157/2157/2029 2164/2164/2036
f 2161/2161/2033 2164/2164/2036 2165/2165/2037
f 2161/2161/2033 2165/2165/2037 2160/2160/2032
f 2162/2162/2034 2166/2166/2038 2164/2164/2036
f 2167/2167/2039 2168/2168/2040 2169/2169/2041
f 2167/2167/2039 2170/2170/2042 2168/2168/2040
f 2167/2167/2039 2169/2169/2041 2171/2171/2043
f 2167/2167/2039 2172/2172/2044 2170/2170/2042
f 2167/2167/2039 2171/2171/2043 2173/2173/2045
f 2167/2167/2039 2174/2174/2046 2172/2172/2044
f 2167/2167/2039 2173/2173/2045 2175/2175/2047
f 2167/2167/2039 2175/2175/2047 2174/2174/2046
f 2176/2176/2048 2177/2177/2049 2178/2178/2050
f 2176/2176/2048 2179/2179/2051 2177/2177/2049
f 2176/2176/2048 2178/2178/2050 2180/2180/2052
f 2176/2176/2048 2181/2181/2053 2179/2179/2051
f 2176/2176/2048 2180/2180/2052 2182/2182/2054
f 2176/2176/2048 2183/2183/2055 2181/2181/2053
f 2176/2176/2048 2182/2182/2054 2184/2184/2056
f 2176/2176/2048 2184/2184/2056 2183/2183/2055
f 2185/2185/2057 2186/2186/2058 2187/2187/2059
f 2185/2185/2057 2188/2188/2060 2186/2186/2058
f 2185/2185/2057 2187/2187/2059 2189/2189/2061
f 2185/2185/2057 2190/2190/2062 2188/2188/2060
f 2185/2185/2057 2189/2189/2061 2191/2191/2063
f 2185/2185/2057 2191/2191/2063 2190/2190/2062
f 2186/2186/2058 2192/2192/2064 2187/2187/2059
f 2186/2186/2058 2193/2193/2065 2192/2192/2064
f 2186/2186/2058 2188/2188/2060 2193/2193/2065
f 2190/2190/2062 2194/2194/2066 2188/2188/2060
f 2190/2190/2062 2195/2195/2067 2194/2194/2066
f 2196/2196/2068 2197/2197/2069 2198/2198/2070
f 2196/2196/2068 2199/2199/2071 2197/2197/2069
f 2196/2196/2068 2198/2198/2070 2200/2200/2072
f 2196/2196/2068 2201/2201/2073 2199/2199/2071
f 2196/2196/2068 2202/2202/2074 2201/2201/2073
f 2196/2196/2068 2200/2200/2072 2202/2202/2074
f 2198/2198/2070 2203/2203/2075 2200/2200/2072
f 2202/2202/2074 2204/2204/2076 2201/2201/2073
f 2202/2202/2074 2200/2200/2072 2205/2205/2077
f 2205/2205/2077 2200/2200/2072 2203/2203/2075
f 2204/2204/2076 2206/2206/2078 2201/2201/2073
f 2207/2207/2079 2208/2208/2080 2209/2209/2081
f 2207/2207/2079 2210/2210/2082 2208/2208/2080
f 2207/2207/2079 2209/2209/2081 2211/2211/2083
f 2207/2207/2079 2211/2211/2083 2212/2212/2084
f 2213/2213/2085 2214/2214/2086 2215/2215/2087
f 2213/2213/2085 2216/2216/2088 2214/2214/2086
f 2213/2213/2085 2215/2215/2087 2217/2217/2089
f 2213/2213/2085 2218/2218/2090 2216/2216/2088
f 2219/2219/2091 2220/2220/2092 2221/2221/2093
f 2219/2219/2091 2222/2222/2094 2220/2220/2092
f 2219/2219/2091 2223/2223/2095 2222/2222/2094
f 2221/2221/2093 2220/2220/2092 2224/2224/2096
f 2223/2223/2095 2225/2225/2097 2222/2222/2094
f 2223/2223/2095 2226/2226/2098 2225/2225/2097
f 2227/2227/2099 2228/2228/2100 2229/2229/2101
f 2227/2227/2099 2230/2230/2102 2228/2228/2100
f 2227/2227/2099 2229/2229/2101 2231/2231/2103
f 2230/2230/2102 2232/2232/2104 2228/2228/2100
f 2230/2230/2102 2233/2233/2105 2232/2232/2104
f 2233/2233/2105 2234/2234/2106 2232/2232/2104
f 2233/2233/2105 2235/2235/2107 2234/2234/2106
f 2235/2235/2107 2236/2236/2108 2234/2234/2106
f 2237/2237/2109 2238/2238/2110 2239/2239/2111
f 2237/2237/2109 2239/2239/2111 2240/2240/2112
f 2237/2237/2109 2240/2240/2112 2241/2241/2113
f 2240/2240/2112 2242/2242/2114 2241/2241/2113
f 2242/2242/2114 2243/2243/2115 2241/2241/2113
f 2242/2242/2114 2244/2244/2116 2243/2243/2115
f 2244/2244/2116 2245/2245/2117 2243/2243/2115
f 2244/2244/2116 2246/2246/2118 2245/2245/2117
f 2247/2247/2119 2248/2248/2120 2249/2249/2121
f 2247/2247/2119 2250/2250/2122 2248/2248/2120
f 2247/2247/2119 2251/2251/2123 2250/2250/2122
f 2251/2251/2123 2252/2252/2124 2250/2250/2122
f 2251/2251/2123 2253/2253/2125 2252/2252/2124
f 2253/2253/2125 2254/2254/2126 2252/2252/2124
f 2255/2255/2127 2256/2256/2128 2257/2257/2128
f 2255/2255/2127 2258/2258/2129 2256/2256/2128
f 2255/2255/2127 2259/2259/2130 2258/2258/2129
f 2259/2259/2130 2260/2260/2131 2258/2258/2129
f 2259/2259/2130 2261/2261/2132 2260/2260/2131
f 2261/2261/2132 2262/2262/2133 2260/2260/2131
f 2261/2261/2132 2263/2263/2134 2262/2262/2133
f 2263/2263/2134 2264/2264/2134 2262/2262/2133
f 2265/2265/2135 2266/2266/2136 2267/2267/2137
f 2265/2265/2135 2268/2268/2138 2266/2266/2136
f 2265/2265/2135 2269/2269/2139 2268/2268/2138
f 2269/2269/2139 2270/2270/2140 2268/2268/2138
f 2269/2269/2139 2271/2271/2141 2270/2270/2140
f 2271/2271/2141 2272/2272/2142 2270/2270/2140
f 2271/2271/2141 2273/2273/2143 2272/2272/2142
f 2273/2273/2143 2274/2274/2144 2272/2272/2142
f 2275/2275/2145 2276/2276/2146 2277/2277/2147
f 2275/2275/2145 2278/2278/2148 2276/2276/2146
f 2279/2279/2149 2280/2280/2150 2281/2281/2151
f 2279/2279/2149 2281/2281/2151 2282/2282/2152
f 2283/2283/2153 2284/2284/2154 2285/2285/2155
f 2283/2283/2153 2286/2286/2156 2284/2284/2154
f 2287/2287/2157 2288/2288/2158 2289/2289/2159
f 2287/2287/2157 2289/2289/2159 2290/2290/2160
f 2291/2291/2161 2292/2292/2162 2293/2293/2163
f 2291/2291/2161 2293/2293/2163 2294/2294/2164
f 2295/2295/2165 2296/2296/2166 2297/2297/2167
f 2295/2295/2165 2297/2297/2167 2298/2298/2168
